[19:25:01] [main/INFO]: JVM Uptime at startup: 80168ms
[19:25:01] [main/INFO]: Starting FancyModLoader version 11.0.13 (CLIENT in PROD)
[19:25:01] [main/INFO]: Game directory: D:\new\.minecraft\versions\TeaCon-v6.1.4
[19:25:01] [main/WARN]: Configuration file D:\new\.minecraft\versions\TeaCon-v6.1.4\config\fml.toml is not correct. Correcting
[19:25:01] [main/WARN]: Incorrect key [disableConfigWatcher] was corrected from null to false
[19:25:01] [main/WARN]: Incorrect key [earlyWindowControl] was corrected from null to true
[19:25:01] [main/WARN]: Incorrect key [maxThreads] was corrected from null to -1
[19:25:01] [main/WARN]: Incorrect key [debugOpenGl] was corrected from null to false
[19:25:01] [main/WARN]: Incorrect key [defaultConfigPath] was corrected from null to defaultconfigs
[19:25:01] [main/WARN]: Incorrect key [disableOptimizedDFU] was corrected from null to true
[19:25:01] [main/WARN]: Incorrect key [earlyWindowProvider] was corrected from null to fmlearlywindow
[19:25:01] [main/WARN]: Incorrect key [earlyWindowWidth] was corrected from null to 854
[19:25:01] [main/WARN]: Incorrect key [earlyWindowHeight] was corrected from null to 480
[19:25:01] [main/WARN]: Incorrect key [earlyWindowMaximized] was corrected from null to false
[19:25:01] [main/WARN]: Incorrect key [earlyLoadingScreenTheme] was corrected from null to 
[19:25:01] [main/INFO]: Found 2 early service jars (out of 202) in 121ms
[19:25:01] [main/INFO]: Loading FML Early Services:
[19:25:01] [main/INFO]:  - D:/new/.minecraft/libraries/net/neoforged/fancymodloader/earlydisplay/11.0.13/earlydisplay-11.0.13.jar
[19:25:01] [main/INFO]:  - D:/new/.minecraft/libraries/net/neoforged/fancymodloader/loader/11.0.13/loader-11.0.13.jar
[19:25:01] [main/INFO]: Loading ImmediateWindowProvider fmlearlywindow
[19:25:02] [ForkJoinPool.commonPool-worker-14/INFO]: Marking unmodified client jar as claimed to prevent loading: D:\new\.minecraft\versions\TeaCon-v6.1.4\TeaCon-v6.1.4.jar
[19:25:02] [ForkJoinPool.commonPool-worker-14/INFO]: Failed to find common Minecraft classes and resources on the classpath. Assuming we're launching production.
[19:25:02] [fml-loadingscreen/INFO]: GL info: Intel(R) Arc(TM) 140T GPU (16GB) GL version 3.3.0 - Build 32.0.101.7026, Intel
[19:25:02] [ForkJoinPool.commonPool-worker-14/INFO]: Found mod file "minecraft-client-patched-26.1.2.75.jar" [locator: game locator, reader: mod manifest]
[19:25:02] [ForkJoinPool.commonPool-worker-14/INFO]: Found mod file "neoforge-26.1.2.75-universal.jar" [locator: game locator, reader: mod manifest]
[19:25:02] [ForkJoinPool.commonPool-worker-14/INFO]: Found mod file "26.1.2-maid_storage_manager-2.0.0-neoforge+mc26.1.2.jar" [locator: {mods folder locator at D:\new\.minecraft\versions\TeaCon-v6.1.4\mods}, reader: mod manifest]
[19:25:02] [ForkJoinPool.commonPool-worker-14/INFO]: Found mod file "aaa_particles-neoforge-26.1.2-2.2.1-beta.2.jar" [locator: {mods folder locator at D:\new\.minecraft\versions\TeaCon-v6.1.4\mods}, reader: mod manifest]
[19:25:02] [ForkJoinPool.commonPool-worker-14/INFO]: Found mod file "aaa_particles_world-neoforge-26.1.2-2.0.0-alpha.1.jar" [locator: {mods folder locator at D:\new\.minecraft\versions\TeaCon-v6.1.4\mods}, reader: mod manifest]
[19:25:02] [ForkJoinPool.commonPool-worker-14/INFO]: Found mod file "advanced_clover-1.0.0.jar" [locator: {mods folder locator at D:\new\.minecraft\versions\TeaCon-v6.1.4\mods}, reader: mod manifest]
[19:25:02] [ForkJoinPool.commonPool-worker-14/INFO]: Found mod file "ageratum-neoforge-26.1.2-0.0.1+pr.11.jar" [locator: {mods folder locator at D:\new\.minecraft\versions\TeaCon-v6.1.4\mods}, reader: mod manifest]
[19:25:02] [ForkJoinPool.commonPool-worker-14/INFO]: Found mod file "aleeve_atlas-0.0.1.jar" [locator: {mods folder locator at D:\new\.minecraft\versions\TeaCon-v6.1.4\mods}, reader: mod manifest]
[19:25:02] [ForkJoinPool.commonPool-worker-14/INFO]: Found mod file "anisum-neoforge-26.1.2-0.0.1+build.12.jar" [locator: {mods folder locator at D:\new\.minecraft\versions\TeaCon-v6.1.4\mods}, reader: mod manifest]
[19:25:02] [ForkJoinPool.commonPool-worker-14/INFO]: Found mod file "anvilcraft-nekoplus-26.1.1-alpha.1.jar" [locator: {mods folder locator at D:\new\.minecraft\versions\TeaCon-v6.1.4\mods}, reader: mod manifest]
[19:25:02] [ForkJoinPool.commonPool-worker-14/INFO]: Found mod file "anvilcraft-neoforge-26.1.2-1.6.0+build.307.jar" [locator: {mods folder locator at D:\new\.minecraft\versions\TeaCon-v6.1.4\mods}, reader: mod manifest]
[19:25:02] [ForkJoinPool.commonPool-worker-14/INFO]: Found mod file "anvilcraft-voidinair-neoforge-26.1.2-1.1.0+build.13.jar" [locator: {mods folder locator at D:\new\.minecraft\versions\TeaCon-v6.1.4\mods}, reader: mod manifest]
[19:25:02] [ForkJoinPool.commonPool-worker-14/INFO]: Found mod file "anvilcraft_pigsplus-neoforge-2.0.4+pr.11.jar" [locator: {mods folder locator at D:\new\.minecraft\versions\TeaCon-v6.1.4\mods}, reader: mod manifest]
[19:25:02] [ForkJoinPool.commonPool-worker-14/INFO]: Found mod file "anvillib-neoforge-26.1-2.0.0+snapshot.440.jar" [locator: {mods folder locator at D:\new\.minecraft\versions\TeaCon-v6.1.4\mods}, reader: mod manifest]
[19:25:02] [ForkJoinPool.commonPool-worker-14/INFO]: Found mod file "ashihara-0.0.0.15.jar" [locator: {mods folder locator at D:\new\.minecraft\versions\TeaCon-v6.1.4\mods}, reader: mod manifest]
[19:25:02] [ForkJoinPool.commonPool-worker-14/INFO]: Found mod file "bakeries-1.0.0.jar" [locator: {mods folder locator at D:\new\.minecraft\versions\TeaCon-v6.1.4\mods}, reader: mod manifest]
[19:25:02] [ForkJoinPool.commonPool-worker-14/INFO]: Found mod file "beecrasy-1.0.0.jar" [locator: {mods folder locator at D:\new\.minecraft\versions\TeaCon-v6.1.4\mods}, reader: mod manifest]
[19:25:02] [ForkJoinPool.commonPool-worker-14/INFO]: Found mod file "beyond-1.0.0.jar" [locator: {mods folder locator at D:\new\.minecraft\versions\TeaCon-v6.1.4\mods}, reader: mod manifest]
[19:25:02] [ForkJoinPool.commonPool-worker-14/INFO]: Found mod file "bsf3lite-1.0.0.jar" [locator: {mods folder locator at D:\new\.minecraft\versions\TeaCon-v6.1.4\mods}, reader: mod manifest]
[19:25:02] [ForkJoinPool.commonPool-worker-14/INFO]: Found mod file "carryon-neoforge-26.1.2-3.0.2.1b6e82ee.jar" [locator: {mods folder locator at D:\new\.minecraft\versions\TeaCon-v6.1.4\mods}, reader: mod manifest]
[19:25:02] [ForkJoinPool.commonPool-worker-14/INFO]: Found mod file "cartridge-1.1.2.0.jar" [locator: {mods folder locator at D:\new\.minecraft\versions\TeaCon-v6.1.4\mods}, reader: mod manifest]
[19:25:02] [ForkJoinPool.commonPool-worker-14/INFO]: Found mod file "Caupona-26.1.2-6.0.1.jar" [locator: {mods folder locator at D:\new\.minecraft\versions\TeaCon-v6.1.4\mods}, reader: mod manifest]
[19:25:02] [ForkJoinPool.commonPool-worker-14/INFO]: Found mod file "channel-26.1.2-6+alpha.jar" [locator: {mods folder locator at D:\new\.minecraft\versions\TeaCon-v6.1.4\mods}, reader: mod manifest]
[19:25:02] [ForkJoinPool.commonPool-worker-14/INFO]: Found mod file "chatbox-26.1.2-1.1.4.jar" [locator: {mods folder locator at D:\new\.minecraft\versions\TeaCon-v6.1.4\mods}, reader: mod manifest]
[19:25:02] [ForkJoinPool.commonPool-worker-14/INFO]: Found mod file "ChromeBall-NeoForge-26.1.2-0.8.0.jar" [locator: {mods folder locator at D:\new\.minecraft\versions\TeaCon-v6.1.4\mods}, reader: mod manifest]
[19:25:02] [ForkJoinPool.commonPool-worker-14/INFO]: Found mod file "cloth-config-26.1.154.jar" [locator: {mods folder locator at D:\new\.minecraft\versions\TeaCon-v6.1.4\mods}, reader: mod manifest]
[19:25:02] [ForkJoinPool.commonPool-worker-14/INFO]: Found mod file "continuity-3.0.1-0.0.3.jar" [locator: {mods folder locator at D:\new\.minecraft\versions\TeaCon-v6.1.4\mods}, reader: mod manifest]
[19:25:02] [ForkJoinPool.commonPool-worker-14/INFO]: Found mod file "curios-neoforge-15.0.0-beta.2+26.1.2.jar" [locator: {mods folder locator at D:\new\.minecraft\versions\TeaCon-v6.1.4\mods}, reader: mod manifest]
[19:25:02] [ForkJoinPool.commonPool-worker-14/INFO]: Found mod file "damagenexus-0.1.0.jar" [locator: {mods folder locator at D:\new\.minecraft\versions\TeaCon-v6.1.4\mods}, reader: mod manifest]
[19:25:02] [ForkJoinPool.commonPool-worker-14/INFO]: Found mod file "dh_s_veinminer-1.0.6.jar" [locator: {mods folder locator at D:\new\.minecraft\versions\TeaCon-v6.1.4\mods}, reader: mod manifest]
[19:25:02] [ForkJoinPool.commonPool-worker-14/INFO]: Found mod file "displaydoll-1.0.0-neoforge+mc26.1.2.jar" [locator: {mods folder locator at D:\new\.minecraft\versions\TeaCon-v6.1.4\mods}, reader: mod manifest]
[19:25:02] [ForkJoinPool.commonPool-worker-14/INFO]: Found mod file "distanthorizons-3.0.3-b-26.1.2.jar" [locator: {mods folder locator at D:\new\.minecraft\versions\TeaCon-v6.1.4\mods}, reader: mod manifest]
[19:25:02] [ForkJoinPool.commonPool-worker-14/INFO]: Found mod file "drglaserpointer-1.2.0.jar" [locator: {mods folder locator at D:\new\.minecraft\versions\TeaCon-v6.1.4\mods}, reader: mod manifest]
[19:25:02] [ForkJoinPool.commonPool-worker-14/INFO]: Found mod file "essentialism-0.1.0.jar" [locator: {mods folder locator at D:\new\.minecraft\versions\TeaCon-v6.1.4\mods}, reader: mod manifest]
[19:25:02] [ForkJoinPool.commonPool-worker-14/INFO]: Found mod file "ether_craft-0.1.0.jar" [locator: {mods folder locator at D:\new\.minecraft\versions\TeaCon-v6.1.4\mods}, reader: mod manifest]
[19:25:02] [ForkJoinPool.commonPool-worker-14/INFO]: Found mod file "extra_interaction-1.0.jar" [locator: {mods folder locator at D:\new\.minecraft\versions\TeaCon-v6.1.4\mods}, reader: mod manifest]
[19:25:02] [ForkJoinPool.commonPool-worker-14/INFO]: Found mod file "geckolib-neoforge-26.1.2-5.5.1.jar" [locator: {mods folder locator at D:\new\.minecraft\versions\TeaCon-v6.1.4\mods}, reader: mod manifest]
[19:25:02] [ForkJoinPool.commonPool-worker-14/INFO]: Found mod file "guide_me_to-26.1.2-0.jar" [locator: {mods folder locator at D:\new\.minecraft\versions\TeaCon-v6.1.4\mods}, reader: mod manifest]
[19:25:02] [ForkJoinPool.commonPool-worker-14/INFO]: Found mod file "harvestheritage-1.1.2.jar" [locator: {mods folder locator at D:\new\.minecraft\versions\TeaCon-v6.1.4\mods}, reader: mod manifest]
[19:25:02] [ForkJoinPool.commonPool-worker-14/INFO]: Found mod file "hotbaaaar-26.1.2-1.jar" [locator: {mods folder locator at D:\new\.minecraft\versions\TeaCon-v6.1.4\mods}, reader: mod manifest]
[19:25:02] [ForkJoinPool.commonPool-worker-14/INFO]: Found mod file "industrybase-26.1.2-1.0-alpha.jar" [locator: {mods folder locator at D:\new\.minecraft\versions\TeaCon-v6.1.4\mods}, reader: mod manifest]
[19:25:02] [ForkJoinPool.commonPool-worker-14/INFO]: Found mod file "inkraft-neoforge-1.0.0+mc26.1.2.jar" [locator: {mods folder locator at D:\new\.minecraft\versions\TeaCon-v6.1.4\mods}, reader: mod manifest]
[19:25:02] [ForkJoinPool.commonPool-worker-14/INFO]: Found mod file "jei-wDRsIpv2.jar" [locator: {mods folder locator at D:\new\.minecraft\versions\TeaCon-v6.1.4\mods}, reader: mod manifest]
[19:25:02] [ForkJoinPool.commonPool-worker-14/INFO]: Found mod file "kaleidoscopetavern-1.1.2-neoforge+mc26.1.2.jar" [locator: {mods folder locator at D:\new\.minecraft\versions\TeaCon-v6.1.4\mods}, reader: mod manifest]
[19:25:02] [ForkJoinPool.commonPool-worker-14/INFO]: Found library file "kotlinforforge-6.2.0-all.9114aa0f.jar" [locator: {mods folder locator at D:\new\.minecraft\versions\TeaCon-v6.1.4\mods}, reader: mod manifest]
[19:25:02] [ForkJoinPool.commonPool-worker-14/INFO]: Found mod file "lanfasie_benderson-0.1.0.jar" [locator: {mods folder locator at D:\new\.minecraft\versions\TeaCon-v6.1.4\mods}, reader: mod manifest]
[19:25:02] [ForkJoinPool.commonPool-worker-14/INFO]: Found mod file "ldlib2-neoforge-26.1-26.1.2.12.jar" [locator: {mods folder locator at D:\new\.minecraft\versions\TeaCon-v6.1.4\mods}, reader: mod manifest]
[19:25:02] [ForkJoinPool.commonPool-worker-14/INFO]: Found mod file "lendandregret-0.0.1.jar" [locator: {mods folder locator at D:\new\.minecraft\versions\TeaCon-v6.1.4\mods}, reader: mod manifest]
[19:25:02] [ForkJoinPool.commonPool-worker-14/INFO]: Found mod file "let_me_see_see-1.3.10.jar" [locator: {mods folder locator at D:\new\.minecraft\versions\TeaCon-v6.1.4\mods}, reader: mod manifest]
[19:25:02] [ForkJoinPool.commonPool-worker-14/INFO]: Found mod file "letter_signal_phone-1.0.0.jar" [locator: {mods folder locator at D:\new\.minecraft\versions\TeaCon-v6.1.4\mods}, reader: mod manifest]
[19:25:02] [ForkJoinPool.commonPool-worker-14/INFO]: Found mod file "link_portals-1.0.0.jar" [locator: {mods folder locator at D:\new\.minecraft\versions\TeaCon-v6.1.4\mods}, reader: mod manifest]
[19:25:02] [ForkJoinPool.commonPool-worker-14/INFO]: Found mod file "LuckPerms-NeoForge-5.5-20260603.143259-2-all.jar" [locator: {mods folder locator at D:\new\.minecraft\versions\TeaCon-v6.1.4\mods}, reader: mod manifest]
[19:25:02] [ForkJoinPool.commonPool-worker-14/INFO]: Found mod file "madparticle-26.1.2-5.jar" [locator: {mods folder locator at D:\new\.minecraft\versions\TeaCon-v6.1.4\mods}, reader: mod manifest]
[19:25:02] [ForkJoinPool.commonPool-worker-14/INFO]: Found mod file "magic_io-1.0.0.jar" [locator: {mods folder locator at D:\new\.minecraft\versions\TeaCon-v6.1.4\mods}, reader: mod manifest]
[19:25:02] [ForkJoinPool.commonPool-worker-14/INFO]: Found mod file "mekmm-26.1.2-2.0.0.jar" [locator: {mods folder locator at D:\new\.minecraft\versions\TeaCon-v6.1.4\mods}, reader: mod manifest]
[19:25:02] [ForkJoinPool.commonPool-worker-14/INFO]: Found mod file "middle_key_ping-neoforge-26.1.2-2.0.0+pr.12.jar" [locator: {mods folder locator at D:\new\.minecraft\versions\TeaCon-v6.1.4\mods}, reader: mod manifest]
[19:25:02] [ForkJoinPool.commonPool-worker-14/INFO]: Found mod file "minecartrevolution-1.0.0.jar" [locator: {mods folder locator at D:\new\.minecraft\versions\TeaCon-v6.1.4\mods}, reader: mod manifest]
[19:25:02] [ForkJoinPool.commonPool-worker-14/INFO]: Found mod file "minopp-1.4.0+26.1.2-neoforge.jar" [locator: {mods folder locator at D:\new\.minecraft\versions\TeaCon-v6.1.4\mods}, reader: mod manifest]
[19:25:02] [ForkJoinPool.commonPool-worker-14/INFO]: Found mod file "ModernUI-NeoForge-26.1.2-3.13.0.4-20260527.171424-2.jar" [locator: {mods folder locator at D:\new\.minecraft\versions\TeaCon-v6.1.4\mods}, reader: mod manifest]
[19:25:02] [ForkJoinPool.commonPool-worker-14/INFO]: Found mod file "modulargolems-26.1.2.0+11+dungeon.jar" [locator: {mods folder locator at D:\new\.minecraft\versions\TeaCon-v6.1.4\mods}, reader: mod manifest]
[19:25:02] [ForkJoinPool.commonPool-worker-14/INFO]: Found mod file "nestle-0.1.2-neoforge+mc26.1.2.jar" [locator: {mods folder locator at D:\new\.minecraft\versions\TeaCon-v6.1.4\mods}, reader: mod manifest]
[19:25:02] [ForkJoinPool.commonPool-worker-14/INFO]: Found mod file "net_music_can_play_bili-0.3.6-beta.jar" [locator: {mods folder locator at D:\new\.minecraft\versions\TeaCon-v6.1.4\mods}, reader: mod manifest]
[19:25:02] [ForkJoinPool.commonPool-worker-14/INFO]: Found mod file "netmusic-1.5.1-neoforge+mc26.1-all.jar" [locator: {mods folder locator at D:\new\.minecraft\versions\TeaCon-v6.1.4\mods}, reader: mod manifest]
[19:25:02] [ForkJoinPool.commonPool-worker-14/INFO]: Found mod file "NotEnoughBandwidth-NeoForge-26.1-0.1.1.jar" [locator: {mods folder locator at D:\new\.minecraft\versions\TeaCon-v6.1.4\mods}, reader: mod manifest]
[19:25:02] [ForkJoinPool.commonPool-worker-14/INFO]: Found mod file "NotWaitingForServer-26.1.1.jar" [locator: {mods folder locator at D:\new\.minecraft\versions\TeaCon-v6.1.4\mods}, reader: mod manifest]
[19:25:02] [ForkJoinPool.commonPool-worker-14/INFO]: Found mod file "olru-0.0.1-alpha.jar" [locator: {mods folder locator at D:\new\.minecraft\versions\TeaCon-v6.1.4\mods}, reader: mod manifest]
[19:25:02] [ForkJoinPool.commonPool-worker-14/INFO]: Found mod file "oneblock-26.1.2-neoforge-3.0.0.jar" [locator: {mods folder locator at D:\new\.minecraft\versions\TeaCon-v6.1.4\mods}, reader: mod manifest]
[19:25:02] [ForkJoinPool.commonPool-worker-14/INFO]: Found mod file "phone_generator-1.0.0.jar" [locator: {mods folder locator at D:\new\.minecraft\versions\TeaCon-v6.1.4\mods}, reader: mod manifest]
[19:25:02] [ForkJoinPool.commonPool-worker-14/INFO]: Found mod file "PowerTool-NeoForge-26.1-1.5.3.jar" [locator: {mods folder locator at D:\new\.minecraft\versions\TeaCon-v6.1.4\mods}, reader: mod manifest]
[19:25:02] [ForkJoinPool.commonPool-worker-14/INFO]: Found mod file "programmable_magic-0.1.2.jar" [locator: {mods folder locator at D:\new\.minecraft\versions\TeaCon-v6.1.4\mods}, reader: mod manifest]
[19:25:02] [ForkJoinPool.commonPool-worker-14/INFO]: Found mod file "repo-26.1.2-0.0.1+build.10.jar" [locator: {mods folder locator at D:\new\.minecraft\versions\TeaCon-v6.1.4\mods}, reader: mod manifest]
[19:25:02] [ForkJoinPool.commonPool-worker-14/INFO]: Found mod file "repo-26.1.2-0.0.1+build.9.jar" [locator: {mods folder locator at D:\new\.minecraft\versions\TeaCon-v6.1.4\mods}, reader: mod manifest]
[19:25:02] [ForkJoinPool.commonPool-worker-14/INFO]: Found mod file "resin_gun-neoforge-26.1.2-0.0.1+build.11.jar" [locator: {mods folder locator at D:\new\.minecraft\versions\TeaCon-v6.1.4\mods}, reader: mod manifest]
[19:25:02] [ForkJoinPool.commonPool-worker-14/INFO]: Found mod file "shadowsandpetals-1.0.0.jar" [locator: {mods folder locator at D:\new\.minecraft\versions\TeaCon-v6.1.4\mods}, reader: mod manifest]
[19:25:02] [ForkJoinPool.commonPool-worker-14/INFO]: Found mod file "shakenstir-1.0.0.jar" [locator: {mods folder locator at D:\new\.minecraft\versions\TeaCon-v6.1.4\mods}, reader: mod manifest]
[19:25:02] [ForkJoinPool.commonPool-worker-14/INFO]: Found mod file "shengpi-1.0.0.jar" [locator: {mods folder locator at D:\new\.minecraft\versions\TeaCon-v6.1.4\mods}, reader: mod manifest]
[19:25:02] [ForkJoinPool.commonPool-worker-14/INFO]: Found mod file "simple_path_finder-0.1.0-neoforge+mc26.1.2.jar" [locator: {mods folder locator at D:\new\.minecraft\versions\TeaCon-v6.1.4\mods}, reader: mod manifest]
[19:25:02] [ForkJoinPool.commonPool-worker-14/INFO]: Found mod file "sip_moment-1.0.0.jar" [locator: {mods folder locator at D:\new\.minecraft\versions\TeaCon-v6.1.4\mods}, reader: mod manifest]
[19:25:02] [ForkJoinPool.commonPool-worker-14/INFO]: Found mod file "skywarddive-1.0.0.jar" [locator: {mods folder locator at D:\new\.minecraft\versions\TeaCon-v6.1.4\mods}, reader: mod manifest]
[19:25:02] [ForkJoinPool.commonPool-worker-14/INFO]: Found mod file "SlideShow-NeoForge-26.1.2-0.10.3.jar" [locator: {mods folder locator at D:\new\.minecraft\versions\TeaCon-v6.1.4\mods}, reader: mod manifest]
[19:25:02] [ForkJoinPool.commonPool-worker-14/INFO]: Found mod file "spark-1.10.172-neoforge.jar" [locator: {mods folder locator at D:\new\.minecraft\versions\TeaCon-v6.1.4\mods}, reader: mod manifest]
[19:25:02] [ForkJoinPool.commonPool-worker-14/INFO]: Found mod file "super_lead-0.2.4-beta.jar" [locator: {mods folder locator at D:\new\.minecraft\versions\TeaCon-v6.1.4\mods}, reader: mod manifest]
[19:25:02] [ForkJoinPool.commonPool-worker-14/INFO]: Found mod file "superpipeslide-0.1.0-alpha.jar" [locator: {mods folder locator at D:\new\.minecraft\versions\TeaCon-v6.1.4\mods}, reader: mod manifest]
[19:25:02] [ForkJoinPool.commonPool-worker-14/INFO]: Found mod file "swaying_garden-26.1.2-neoforge-1.1.2.1.jar" [locator: {mods folder locator at D:\new\.minecraft\versions\TeaCon-v6.1.4\mods}, reader: mod manifest]
[19:25:02] [ForkJoinPool.commonPool-worker-14/INFO]: Found mod file "t88-26.1.2-1.jar" [locator: {mods folder locator at D:\new\.minecraft\versions\TeaCon-v6.1.4\mods}, reader: mod manifest]
[19:25:02] [ForkJoinPool.commonPool-worker-14/INFO]: Found mod file "terraria_boulders-1.0.jar" [locator: {mods folder locator at D:\new\.minecraft\versions\TeaCon-v6.1.4\mods}, reader: mod manifest]
[19:25:02] [ForkJoinPool.commonPool-worker-14/INFO]: Found mod file "tetrachordlib-26.1+1.0.3.jar" [locator: {mods folder locator at D:\new\.minecraft\versions\TeaCon-v6.1.4\mods}, reader: mod manifest]
[19:25:02] [ForkJoinPool.commonPool-worker-14/INFO]: Found mod file "thatskyinteractions-26.1.2-2.0.0-SNAPSHOT.jar" [locator: {mods folder locator at D:\new\.minecraft\versions\TeaCon-v6.1.4\mods}, reader: mod manifest]
[19:25:02] [ForkJoinPool.commonPool-worker-14/INFO]: Found mod file "Time-Capsule-26.1.2-1.0.0-indev.jar" [locator: {mods folder locator at D:\new\.minecraft\versions\TeaCon-v6.1.4\mods}, reader: mod manifest]
[19:25:02] [ForkJoinPool.commonPool-worker-14/INFO]: Found mod file "ToadSync-NeoForge-26.1.2-0.2.3.jar" [locator: {mods folder locator at D:\new\.minecraft\versions\TeaCon-v6.1.4\mods}, reader: mod manifest]
[19:25:02] [ForkJoinPool.commonPool-worker-14/INFO]: Found mod file "touhoulittlemaid-2.0.0-neoforge+mc26.1.2-all.jar" [locator: {mods folder locator at D:\new\.minecraft\versions\TeaCon-v6.1.4\mods}, reader: mod manifest]
[19:25:02] [ForkJoinPool.commonPool-worker-14/INFO]: Found mod file "trading_table-1.0.0.jar" [locator: {mods folder locator at D:\new\.minecraft\versions\TeaCon-v6.1.4\mods}, reader: mod manifest]
[19:25:02] [ForkJoinPool.commonPool-worker-14/INFO]: Found mod file "transmutatoria-1.0.0.jar" [locator: {mods folder locator at D:\new\.minecraft\versions\TeaCon-v6.1.4\mods}, reader: mod manifest]
[19:25:02] [ForkJoinPool.commonPool-worker-14/INFO]: Found mod file "wenyan_programming-1.0.0.jar" [locator: {mods folder locator at D:\new\.minecraft\versions\TeaCon-v6.1.4\mods}, reader: mod manifest]
[19:25:02] [ForkJoinPool.commonPool-worker-14/INFO]: Found mod file "womm-1.0.0.jar" [locator: {mods folder locator at D:\new\.minecraft\versions\TeaCon-v6.1.4\mods}, reader: mod manifest]
[19:25:02] [ForkJoinPool.commonPool-worker-14/INFO]: Found mod file "WorldComment-0.6.0-beta.4+26.1.2-neoforge.jar" [locator: {mods folder locator at D:\new\.minecraft\versions\TeaCon-v6.1.4\mods}, reader: mod manifest]
[19:25:02] [ForkJoinPool.commonPool-worker-14/INFO]: Found mod file "x3d_map-1.0.2.jar" [locator: {mods folder locator at D:\new\.minecraft\versions\TeaCon-v6.1.4\mods}, reader: mod manifest]
[19:25:02] [ForkJoinPool.commonPool-worker-14/INFO]: Found mod file "yet_another_config_lib_v3-3.9.3+26.1-neoforge.efecea6b.jar" [locator: {mods folder locator at D:\new\.minecraft\versions\TeaCon-v6.1.4\mods}, reader: mod manifest]
[19:25:02] [ForkJoinPool.commonPool-worker-14/INFO]: Found mod file "yuushya-26.1-neoforge-2.3.0.jar" [locator: {mods folder locator at D:\new\.minecraft\versions\TeaCon-v6.1.4\mods}, reader: mod manifest]
[19:25:02] [ForkJoinPool.commonPool-worker-14/INFO]: Found mod file "yuushya_modelling-26.1.2-2.4.2.jar" [locator: {mods folder locator at D:\new\.minecraft\versions\TeaCon-v6.1.4\mods}, reader: mod manifest]
[19:25:05] [ForkJoinPool.commonPool-worker-14/INFO]: Found 92 dependencies adding them to mods collection
[19:25:05] [ForkJoinPool.commonPool-worker-14/INFO]: Found library file "vineflower-1.10.1.jar" [parent: let_me_see_see-1.3.10.jar, locator: jarinjar]
[19:25:05] [ForkJoinPool.commonPool-worker-14/INFO]: Found library file "mvel2-2.5.0.Final.jar" [parent: chatbox-26.1.2-1.1.4.jar, locator: jarinjar]
[19:25:05] [ForkJoinPool.commonPool-worker-14/INFO]: Found gamelibrary file "Registrate-MC26.1-1.5.0.jar" [parent: modulargolems-26.1.2.0+11+dungeon.jar, locator: jarinjar, reader: mod manifest]
[19:25:05] [ForkJoinPool.commonPool-worker-14/INFO]: Found library file "jsoup-1.18.3.jar" [parent: ageratum-neoforge-26.1.2-0.0.1+pr.11.jar, locator: jarinjar]
[19:25:05] [ForkJoinPool.commonPool-worker-14/INFO]: Found library file "socket.io-client-2.1.0.jar" [parent: phone_generator-1.0.0.jar, locator: jarinjar]
[19:25:05] [ForkJoinPool.commonPool-worker-14/INFO]: Found library file "simpleclient_httpserver-0.16.0.jar" [parent: NotEnoughBandwidth-NeoForge-26.1-0.1.1.jar, locator: jarinjar]
[19:25:05] [ForkJoinPool.commonPool-worker-14/INFO]: Found mod file "l2tabs-26.1.2.0.jar" [parent: modulargolems-26.1.2.0+11+dungeon.jar, locator: jarinjar, reader: mod manifest]
[19:25:05] [ForkJoinPool.commonPool-worker-14/INFO]: Found gamelibrary file "l2serial-26.1.0.6.jar" [parent: modulargolems-26.1.2.0+11+dungeon.jar, locator: jarinjar, reader: mod manifest]
[19:25:05] [ForkJoinPool.commonPool-worker-14/INFO]: Found library file "indi.wenyan.judou-1.0.0.jar" [parent: wenyan_programming-1.0.0.jar, locator: jarinjar]
[19:25:05] [ForkJoinPool.commonPool-worker-14/INFO]: Found library file "simpleclient-0.16.0.jar" [parent: NotEnoughBandwidth-NeoForge-26.1-0.1.1.jar, locator: jarinjar]
[19:25:05] [ForkJoinPool.commonPool-worker-14/INFO]: Found mod file "anvillib-moveable-entity-block-neoforge-26.1-2.0.0+snapshot.440.jar" [parent: anvillib-neoforge-26.1-2.0.0+snapshot.440.jar, locator: jarinjar, reader: mod manifest]
[19:25:05] [ForkJoinPool.commonPool-worker-14/INFO]: Found library file "net.neoforged.neoforge-coremods-26.1.2.75.jar" [parent: neoforge-26.1.2.75-universal.jar, locator: jarinjar, reader: mod manifest]
[19:25:05] [ForkJoinPool.commonPool-worker-14/INFO]: Found library file "arc3d-sketch-2026.2.0-SNAPSHOT.jar" [parent: ModernUI-NeoForge-26.1.2-3.13.0.4-20260527.171424-2.jar, locator: jarinjar]
[19:25:05] [ForkJoinPool.commonPool-worker-14/INFO]: Found library file "antlr4-runtime-4.13.2.jar" [parent: let_me_see_see-1.3.10.jar, locator: jarinjar]
[19:25:05] [ForkJoinPool.commonPool-worker-14/INFO]: Found mod file "Mekanism-26.1-SNAPSHOT.jar" [parent: mekmm-26.1.2-2.0.0.jar, locator: jarinjar, reader: mod manifest]
[19:25:05] [ForkJoinPool.commonPool-worker-14/INFO]: Found mod file "anvillib-config-neoforge-26.1-2.0.0+snapshot.440.jar" [parent: anvillib-multiblock-neoforge-26.1-2.0.0+snapshot.440.jar, locator: jarinjar, reader: mod manifest]
[19:25:05] [ForkJoinPool.commonPool-worker-14/INFO]: Found mod file "anvillib-space-select-neoforge-26.1-2.0.0+snapshot.440.jar" [parent: anvillib-neoforge-26.1-2.0.0+snapshot.440.jar, locator: jarinjar, reader: mod manifest]
[19:25:05] [ForkJoinPool.commonPool-worker-14/INFO]: Found library file "commons-logging-1.2.jar" [parent: SlideShow-NeoForge-26.1.2-0.10.3.jar, locator: jarinjar]
[19:25:05] [ForkJoinPool.commonPool-worker-14/INFO]: Found library file "kotlinx-coroutines-core-jvm-1.10.2.jar" [parent: kotlinforforge-6.2.0-all.9114aa0f.jar, locator: jarinjar]
[19:25:05] [ForkJoinPool.commonPool-worker-14/INFO]: Found mod file "anvillib-network-neoforge-26.1-2.0.0+snapshot.441.jar" [parent: thatskyinteractions-26.1.2-2.0.0-SNAPSHOT.jar, locator: jarinjar, reader: mod manifest]
[19:25:05] [ForkJoinPool.commonPool-worker-14/INFO]: Found mod file "anvillib-sync-neoforge-26.1-2.0.0+snapshot.440.jar" [parent: anvillib-neoforge-26.1-2.0.0+snapshot.440.jar, locator: jarinjar, reader: mod manifest]
[19:25:05] [ForkJoinPool.commonPool-worker-14/INFO]: Found library file "LambdaEvents-2.4.2.jar" [parent: let_me_see_see-1.3.10.jar, locator: jarinjar]
[19:25:05] [ForkJoinPool.commonPool-worker-14/INFO]: Found mod file "anvillib-rendering-neoforge-26.1-2.0.0+snapshot.441.jar" [parent: thatskyinteractions-26.1.2-2.0.0-SNAPSHOT.jar, locator: jarinjar, reader: mod manifest]
[19:25:05] [ForkJoinPool.commonPool-worker-14/INFO]: Found library file "core-3.5.3.jar" [parent: phone_generator-1.0.0.jar, locator: jarinjar]
[19:25:05] [ForkJoinPool.commonPool-worker-14/INFO]: Found library file "opencc4j-1.14.0.jar" [parent: wenyan_programming-1.0.0.jar, locator: jarinjar]
[19:25:05] [ForkJoinPool.commonPool-worker-14/INFO]: Found library file "kotlinx-coroutines-jdk8-1.10.2.jar" [parent: kotlinforforge-6.2.0-all.9114aa0f.jar, locator: jarinjar]
[19:25:05] [ForkJoinPool.commonPool-worker-14/INFO]: Found library file "xklib-3d-0.0.6.jar" [parent: let_me_see_see-1.3.10.jar, locator: jarinjar]
[19:25:05] [ForkJoinPool.commonPool-worker-14/INFO]: Found mod file "anvillib-collision-neoforge-26.1-2.0.0+snapshot.440.jar" [parent: anvillib-neoforge-26.1-2.0.0+snapshot.440.jar, locator: jarinjar, reader: mod manifest]
[19:25:05] [ForkJoinPool.commonPool-worker-14/INFO]: Found library file "httpclient-4.5.14.jar" [parent: SlideShow-NeoForge-26.1.2-0.10.3.jar, locator: jarinjar]
[19:25:05] [ForkJoinPool.commonPool-worker-14/INFO]: Found mod file "Mekanism-26.1-SNAPSHOT-generators.jar" [parent: mekmm-26.1.2-2.0.0.jar, locator: jarinjar, reader: mod manifest]
[19:25:05] [ForkJoinPool.commonPool-worker-14/INFO]: Found library file "kotlin-stdlib-jdk7-2.3.10.jar" [parent: kotlinforforge-6.2.0-all.9114aa0f.jar, locator: jarinjar]
[19:25:05] [ForkJoinPool.commonPool-worker-14/INFO]: Found library file "kotlin-stdlib-jdk8-2.3.10.jar" [parent: kotlinforforge-6.2.0-all.9114aa0f.jar, locator: jarinjar]
[19:25:05] [ForkJoinPool.commonPool-worker-14/INFO]: Found library file "urlpattern-1.0.1.jar" [parent: SlideShow-NeoForge-26.1.2-0.10.3.jar, locator: jarinjar]
[19:25:05] [ForkJoinPool.commonPool-worker-14/INFO]: Found library file "arc3d-core-2026.2.0-SNAPSHOT.jar" [parent: ModernUI-NeoForge-26.1.2-3.13.0.4-20260527.171424-2.jar, locator: jarinjar]
[19:25:05] [ForkJoinPool.commonPool-worker-14/INFO]: Found mod file "golemdungeons-26.1.2.0+1.jar" [parent: modulargolems-26.1.2.0+11+dungeon.jar, locator: jarinjar, reader: mod manifest]
[19:25:05] [ForkJoinPool.commonPool-worker-14/INFO]: Found mod file "anvillib-codec-neoforge-26.1-2.0.0+snapshot.441.jar" [parent: anvillib-util-neoforge-26.1-2.0.0+snapshot.441.jar, locator: jarinjar, reader: mod manifest]
[19:25:05] [ForkJoinPool.commonPool-worker-14/INFO]: Found mod file "anvillib-util-neoforge-26.1-2.0.0+snapshot.441.jar" [parent: anvillib-registrum-neoforge-26.1-2.0.0+snapshot.441.jar, locator: jarinjar, reader: mod manifest]
[19:25:05] [ForkJoinPool.commonPool-worker-14/INFO]: Found library file "httpclient-cache-4.5.14.jar" [parent: SlideShow-NeoForge-26.1.2-0.10.3.jar, locator: jarinjar]
[19:25:05] [ForkJoinPool.commonPool-worker-14/INFO]: Found mod file "l2damagetracker-26.1.2.0+2.jar" [parent: modulargolems-26.1.2.0+11+dungeon.jar, locator: jarinjar, reader: mod manifest]
[19:25:05] [ForkJoinPool.commonPool-worker-14/INFO]: Found library file "common-image-3.12.0.jar" [parent: yet_another_config_lib_v3-3.9.3+26.1-neoforge.efecea6b.jar, locator: jarinjar]
[19:25:05] [ForkJoinPool.commonPool-worker-14/INFO]: Found library file "org.teacon.toad-sync-spi-0.2.3.jar" [parent: ToadSync-NeoForge-26.1.2-0.2.3.jar, locator: jarinjar]
[19:25:05] [ForkJoinPool.commonPool-worker-14/INFO]: Found library file "kotlinx-serialization-json-jvm-1.10.0.jar" [parent: kotlinforforge-6.2.0-all.9114aa0f.jar, locator: jarinjar]
[19:25:05] [ForkJoinPool.commonPool-worker-14/INFO]: Found library file "exp4j-0.4.8.jar" [parent: madparticle-26.1.2-5.jar, locator: jarinjar]
[19:25:05] [ForkJoinPool.commonPool-worker-14/INFO]: Found library file "concentus-1.0.2.jar" [parent: channel-26.1.2-6+alpha.jar, locator: jarinjar]
[19:25:05] [ForkJoinPool.commonPool-worker-14/INFO]: Found gamelibrary file "mixinextras-neoforge-0.5.4.jar" [parent: neoforge-26.1.2.75-universal.jar, locator: jarinjar, reader: mod manifest]
[19:25:05] [ForkJoinPool.commonPool-worker-14/INFO]: Found library file "veynir-core-1.1.0+build.110.jar" [parent: thatskyinteractions-26.1.2-2.0.0-SNAPSHOT.jar, locator: jarinjar]
[19:25:05] [ForkJoinPool.commonPool-worker-14/INFO]: Found mod file "Mekanism-26.1-SNAPSHOT-additions.jar" [parent: mekmm-26.1.2-2.0.0.jar, locator: jarinjar, reader: mod manifest]
[19:25:05] [ForkJoinPool.commonPool-worker-14/INFO]: Found mod file "anvillib-integration-neoforge-26.1-2.0.0+snapshot.440.jar" [parent: anvillib-neoforge-26.1-2.0.0+snapshot.440.jar, locator: jarinjar, reader: mod manifest]
[19:25:05] [ForkJoinPool.commonPool-worker-14/INFO]: Found library file "json-20090211.jar" [parent: phone_generator-1.0.0.jar, locator: jarinjar]
[19:25:05] [ForkJoinPool.commonPool-worker-14/INFO]: Found library file "thedarkcolour.kfflang-6.2.0.jar" [parent: kotlinforforge-6.2.0-all.9114aa0f.jar, locator: jarinjar, reader: mod manifest]
[19:25:05] [ForkJoinPool.commonPool-worker-14/INFO]: Found library file "okhttp-3.12.12.jar" [parent: phone_generator-1.0.0.jar, locator: jarinjar]
[19:25:05] [ForkJoinPool.commonPool-worker-14/INFO]: Found library file "imageio-metadata-3.12.0.jar" [parent: yet_another_config_lib_v3-3.9.3+26.1-neoforge.efecea6b.jar, locator: jarinjar]
[19:25:05] [ForkJoinPool.commonPool-worker-14/INFO]: Found library file "httpcore-4.4.16.jar" [parent: SlideShow-NeoForge-26.1.2-0.10.3.jar, locator: jarinjar]
[19:25:05] [ForkJoinPool.commonPool-worker-14/INFO]: Found gamelibrary file "thedarkcolour.kfflib-6.2.0.jar" [parent: kotlinforforge-6.2.0-all.9114aa0f.jar, locator: jarinjar, reader: mod manifest]
[19:25:05] [ForkJoinPool.commonPool-worker-14/INFO]: Found mod file "thedarkcolour.kffmod-6.2.0.jar" [parent: kotlinforforge-6.2.0-all.9114aa0f.jar, locator: jarinjar, reader: mod manifest]
[19:25:05] [ForkJoinPool.commonPool-worker-14/INFO]: Found library file "gson-0.2.1.jar" [parent: yet_another_config_lib_v3-3.9.3+26.1-neoforge.efecea6b.jar, locator: jarinjar]
[19:25:05] [ForkJoinPool.commonPool-worker-14/INFO]: Found library file "kotlin-stdlib-2.3.10.jar" [parent: kotlinforforge-6.2.0-all.9114aa0f.jar, locator: jarinjar]
[19:25:05] [ForkJoinPool.commonPool-worker-14/INFO]: Found library file "kotlin-reflect-2.3.10.jar" [parent: kotlinforforge-6.2.0-all.9114aa0f.jar, locator: jarinjar]
[19:25:05] [ForkJoinPool.commonPool-worker-14/INFO]: Found library file "taffy-1.1.4.jar" [parent: ldlib2-neoforge-26.1-26.1.2.12.jar, locator: jarinjar]
[19:25:05] [ForkJoinPool.commonPool-worker-14/INFO]: Found library file "webp4j-core-2.1.0.jar" [parent: SlideShow-NeoForge-26.1.2-0.10.3.jar, locator: jarinjar]
[19:25:05] [ForkJoinPool.commonPool-worker-14/INFO]: Found mod file "l2core-26.1.2.0+18.jar" [parent: modulargolems-26.1.2.0+11+dungeon.jar, locator: jarinjar, reader: mod manifest]
[19:25:05] [ForkJoinPool.commonPool-worker-14/INFO]: Found library file "engine.io-client-2.1.0.jar" [parent: phone_generator-1.0.0.jar, locator: jarinjar]
[19:25:05] [ForkJoinPool.commonPool-worker-14/INFO]: Found mod file "anvillib-font-neoforge-26.1-2.0.0+snapshot.440.jar" [parent: anvillib-neoforge-26.1-2.0.0+snapshot.440.jar, locator: jarinjar, reader: mod manifest]
[19:25:05] [ForkJoinPool.commonPool-worker-14/INFO]: Found mod file "anvillib-registrum-neoforge-26.1-2.0.0+snapshot.441.jar" [parent: thatskyinteractions-26.1.2-2.0.0-SNAPSHOT.jar, locator: jarinjar, reader: mod manifest]
[19:25:05] [ForkJoinPool.commonPool-worker-14/INFO]: Found mod file "mob_weapon_api-26.1.2.0+3.jar" [parent: modulargolems-26.1.2.0+11+dungeon.jar, locator: jarinjar, reader: mod manifest]
[19:25:05] [ForkJoinPool.commonPool-worker-14/INFO]: Found library file "json-0.2.1.jar" [parent: yet_another_config_lib_v3-3.9.3+26.1-neoforge.efecea6b.jar, locator: jarinjar]
[19:25:05] [ForkJoinPool.commonPool-worker-14/INFO]: Found library file "simpleclient_common-0.16.0.jar" [parent: NotEnoughBandwidth-NeoForge-26.1-0.1.1.jar, locator: jarinjar]
[19:25:05] [ForkJoinPool.commonPool-worker-14/INFO]: Found library file "arc3d-compiler-2026.2.0-SNAPSHOT.jar" [parent: ModernUI-NeoForge-26.1.2-3.13.0.4-20260527.171424-2.jar, locator: jarinjar]
[19:25:05] [ForkJoinPool.commonPool-worker-14/INFO]: Found library file "jhighlight-1.1.1.jar" [parent: ageratum-neoforge-26.1.2-0.0.1+pr.11.jar, locator: jarinjar]
[19:25:05] [ForkJoinPool.commonPool-worker-14/INFO]: Found library file "xklib-ap-0.0.6.jar" [parent: let_me_see_see-1.3.10.jar, locator: jarinjar]
[19:25:05] [ForkJoinPool.commonPool-worker-14/INFO]: Found library file "commonmark-0.25.0.jar" [parent: ModernUI-NeoForge-26.1.2-3.13.0.4-20260527.171424-2.jar, locator: jarinjar]
[19:25:05] [ForkJoinPool.commonPool-worker-14/INFO]: Found mod file "Mekanism-26.1-SNAPSHOT-tools.jar" [parent: mekmm-26.1.2-2.0.0.jar, locator: jarinjar, reader: mod manifest]
[19:25:05] [ForkJoinPool.commonPool-worker-14/INFO]: Found library file "common-io-3.12.0.jar" [parent: yet_another_config_lib_v3-3.9.3+26.1-neoforge.efecea6b.jar, locator: jarinjar]
[19:25:05] [ForkJoinPool.commonPool-worker-14/INFO]: Found mod file "architectury-neoforge-20.0.0-aleph.2.jar" [parent: aaa_particles-neoforge-26.1.2-2.2.1-beta.2.jar, locator: jarinjar, reader: mod manifest]
[19:25:05] [ForkJoinPool.commonPool-worker-14/INFO]: Found library file "okio-1.15.0.jar" [parent: phone_generator-1.0.0.jar, locator: jarinjar]
[19:25:05] [ForkJoinPool.commonPool-worker-14/INFO]: Found mod file "xklib-mc-0.0.6.jar" [parent: let_me_see_see-1.3.10.jar, locator: jarinjar, reader: mod manifest]
[19:25:05] [ForkJoinPool.commonPool-worker-14/INFO]: Found mod file "anvillib-wheel-neoforge-26.1-2.0.0+snapshot.440.jar" [parent: anvillib-neoforge-26.1-2.0.0+snapshot.440.jar, locator: jarinjar, reader: mod manifest]
[19:25:05] [ForkJoinPool.commonPool-worker-14/INFO]: Found mod file "conditional-mixin-neoforge-0.6.4.jar" [parent: superpipeslide-0.1.0-alpha.jar, locator: jarinjar, reader: mod manifest]
[19:25:05] [ForkJoinPool.commonPool-worker-14/INFO]: Found mod file "l2itemselector-26.1.2.0+4.jar" [parent: modulargolems-26.1.2.0+11+dungeon.jar, locator: jarinjar, reader: mod manifest]
[19:25:05] [ForkJoinPool.commonPool-worker-14/INFO]: Found library file "imageio-webp-3.12.0.jar" [parent: yet_another_config_lib_v3-3.9.3+26.1-neoforge.efecea6b.jar, locator: jarinjar]
[19:25:05] [ForkJoinPool.commonPool-worker-14/INFO]: Found library file "kotlinx-serialization-core-jvm-1.10.0.jar" [parent: kotlinforforge-6.2.0-all.9114aa0f.jar, locator: jarinjar]
[19:25:05] [ForkJoinPool.commonPool-worker-14/INFO]: Found library file "xklib-ui-0.0.6.jar" [parent: let_me_see_see-1.3.10.jar, locator: jarinjar]
[19:25:05] [ForkJoinPool.commonPool-worker-14/INFO]: Found mod file "anvillib-recipe-neoforge-26.1-2.0.0+snapshot.440.jar" [parent: anvillib-neoforge-26.1-2.0.0+snapshot.440.jar, locator: jarinjar, reader: mod manifest]
[19:25:05] [ForkJoinPool.commonPool-worker-14/INFO]: Found mod file "l2menustacker-26.1.2.1.jar" [parent: modulargolems-26.1.2.0+11+dungeon.jar, locator: jarinjar, reader: mod manifest]
[19:25:05] [ForkJoinPool.commonPool-worker-14/INFO]: Found mod file "anvillib-multiblock-neoforge-26.1-2.0.0+snapshot.440.jar" [parent: anvillib-neoforge-26.1-2.0.0+snapshot.440.jar, locator: jarinjar, reader: mod manifest]
[19:25:05] [ForkJoinPool.commonPool-worker-14/INFO]: Found library file "common-lang-3.12.0.jar" [parent: yet_another_config_lib_v3-3.9.3+26.1-neoforge.efecea6b.jar, locator: jarinjar]
[19:25:05] [ForkJoinPool.commonPool-worker-14/INFO]: Found library file "nlp-common-0.0.5.jar" [parent: wenyan_programming-1.0.0.jar, locator: jarinjar]
[19:25:05] [ForkJoinPool.commonPool-worker-14/INFO]: Found library file "imageio-core-3.12.0.jar" [parent: yet_another_config_lib_v3-3.9.3+26.1-neoforge.efecea6b.jar, locator: jarinjar]
[19:25:05] [ForkJoinPool.commonPool-worker-14/INFO]: Found library file "heaven-0.13.0.jar" [parent: wenyan_programming-1.0.0.jar, locator: jarinjar]
[19:25:05] [ForkJoinPool.commonPool-worker-14/INFO]: Found library file "zstd-jni-1.5.7-3.jar" [parent: NotEnoughBandwidth-NeoForge-26.1-0.1.1.jar, locator: jarinjar]
[19:25:05] [ForkJoinPool.commonPool-worker-14/INFO]: Found gamelibrary file "l2modularblock-26.1.0.0.jar" [parent: modulargolems-26.1.2.0+11+dungeon.jar, locator: jarinjar, reader: mod manifest]
[19:25:05] [ForkJoinPool.commonPool-worker-14/INFO]: Found library file "content-disposition-1.0.0.jar" [parent: SlideShow-NeoForge-26.1.2-0.10.3.jar, locator: jarinjar]
[19:25:05] [ForkJoinPool.commonPool-worker-14/INFO]: 
     Mod List:
		Name Version (Mod Id)

		AAA Particles 2.2.1-beta.2 (aaa_particles)
		AAA Particles: World 2.0.0-alpha.1 (aaa_particles_world)
		Advanced Clover 1.0.0 (advanced_clover)
		Ageratum 0.0.1+pr.11 (ageratum)
		AleeveAtlas 0.0.1 (aleeve_atlas)
		Anisum 0.0.1 (anisum)
		AnvilCraft 1.6.0+build.307 (anvilcraft)
		AnvilCraft-PigsPlus 2.0.4+pr.11 (anvilcraft_pigsplus)
		AnvilCraft: NekoPLUS! 26.1.1-alpha.1 (nekoplus)
		AnvilCraft: Void in Air 1.1.0+build.13 (voidinair)
		AnvilLib 2.0.0+snapshot.440 (anvillib)
		AnvilLib Font 2.0.0+snapshot.440 (anvillib_font)
		AnvilLib-Codec 2.0.0+snapshot.441 (anvillib_codec)
		AnvilLib-Collision 2.0.0+snapshot.440 (anvillib_collision)
		AnvilLib-Config 2.0.0+snapshot.440 (anvillib_config)
		AnvilLib-Integration 2.0.0+snapshot.440 (anvillib_integration)
		AnvilLib-MoveableEntityBlock 2.0.0+snapshot.440 (anvillib_moveable_entity_block)
		AnvilLib-Multiblock 2.0.0+snapshot.440 (anvillib_multiblock)
		AnvilLib-Network 2.0.0+snapshot.441 (anvillib_network)
		AnvilLib-Recipe 2.0.0+snapshot.440 (anvillib_recipe)
		AnvilLib-Registrum 2.0.0+snapshot.441 (anvillib_registrum)
		AnvilLib-Rendering 2.0.0+snapshot.441 (anvillib_rendering)
		AnvilLib-SpaceSelect 2.0.0+snapshot.440 (anvillib_space_select)
		AnvilLib-Sync 2.0.0+snapshot.440 (anvillib_sync)
		AnvilLib-Util 2.0.0+snapshot.441 (anvillib_util)
		AnvilLib-Wheel 2.0.0+snapshot.440 (anvillib_wheel)
		Architectury 20.0.0-aleph.2 (architectury)
		Ars Transmutatoria 1.0.0 (transmutatoria)
		Ashihara 0.0.0.15 (ashihara)
		Bakeries 1.21.1-NeoForge-1.0.0 (bakeries)
		Beecrasy 1.0.0 (beecrasy)
		Better Snowball Fight 3 Lite 1.0.0 (bsf3lite)
		Beyond 1.0.0 (beyond)
		Bonded Peaks 0.0.1 (bonded_peaks)
		Carry On 3.0.2 (carryon)
		Cartridge 1.1.2.0 (cartridge)
		Caupona 26.1.2-6.0.1 (caupona)
		Channel 26.1.2-6+alpha (channel)
		ChatBox 1.1.4 (chatbox)
		Chrome Ball 0.8.0 (chromeball)
		Cloth Config v26.1 API 26.1.154 (cloth_config)
		Colorful Crystals 0.0.1 (colorful_crystals)
		conditional mixin 0.6.4 (conditional_mixin)
		Curios API 15.0.0-beta.2+26.1.2 (curios)
		Damage Nexus 0.1.0 (damagenexus)
		Display Doll 1.0.0-neoforge+mc26.1.2 (displaydoll)
		Distant Horizons 3.0.3-b (distanthorizons)
		DRG Laser Pointer 1.2.0 (drglaserpointer)
		Essentialism 0.1.0 (essentialism)
		Ether Craft 0.1.0 (ether_craft)
		Extra Interaction 1.0 (extra_interaction)
		GeckoLib 5 5.5.1 (geckolib)
		Golem Dungeons 26.1.2.0+1 (golemdungeons)
		GuideMeTo 26.1.2-0 (guide_me_to)
		Harry-hq's Vein Miner 1.0.6 (dh_s_veinminer)
		HarvestHeritage 1.1.2 (harvestheritage)
		Harvista's Trading Table 1.0.0 (trading_table)
		HotBaaaar 26.1.2-1 (hotbaaaar)
		IndustryBase 1.0-alpha (industrybase)
		Inkraft 1.0.0 (inkraft)
		Jade 26.1.1+neoforge (jade)
		Just Enough Items 29.6.2.31 (jei)
		Kaleidoscope Tavern 1.1.2-neoforge+mc26.1.2 (kaleidoscope_tavern)
		Kotlin For Forge 6.2.0 (kotlinforforge)
		L2Core 26.1.2.0+18 (l2core)
		L2DamageTracker 26.1.2.0+2 (l2damagetracker)
		L2ItemSelector 26.1.2.0+4 (l2itemselector)
		L2MenuStacker 26.1.2.1 (l2menustacker)
		L2Tabs 26.1.2.0 (l2tabs)
		Lanfasie: Benderson 0.1.0 (lanfasie_benderson)
		Lend & Regret 0.0.1 (lendandregret)
		Let Me See See (Your Code) 1.3.10 (let_me_see_see)
		Letter,Signal,Phone 1.0.0 (letter_signal_phone)
		Link Portals 1.0.0 (link_portals)
		LowDragLib2 26.1.2.12 (ldlib2)
		LuckPerms 5.5.54 (luckperms)
		MadParticle 26.1.2-5 (madparticle)
		MagicIO 1.0.0 (magic_io)
		maid storage manager 2.0.0-neoforge+mc26.1.2 (maid_storage_manager)
		Mekanism 10.8.0 (mekanism)
		Mekanism: Additions 10.8.0 (mekanismadditions)
		Mekanism: Generators 10.8.0 (mekanismgenerators)
		Mekanism: MoreMachine 2.0.0 (mekmm)
		Mekanism: Tools 10.8.0 (mekanismtools)
		MiddleKeyPing 2.0.0 (middle_key_ping)
		MinecartRevolution 1.0.0 (minecartrevolution)
		Minecraft 26.1.2 (minecraft)
		Minopp 1.4.0+26.1.2-neoforge (minopp)
		Mob Weapon API 26.1.2.0+3 (mob_weapon_api)
		Modern UI 3.13.0.4-SNAPSHOT (modernui)
		Modular Golems 26.1.2.0+11+dungeon (modulargolems)
		NeoContinuity 3.0.1-0.0.3 (continuity)
		NeoForge 26.1.2.75 (neoforge)
		Nestle 0.1.2-neoforge+mc26.1.2 (nestle)
		Net Music Can Play Bili 0.3.6-beta (net_music_can_play_bili)
		Net Music Mod 1.5.1-neoforge+mc26.1 (netmusic)
		NotEnoughBandwidth ++ 0.1.1 (nebw)
		One Block 3.0.0 (oneblock)
		One Last Rising Uppercut 0.0.1-alpha (olru)
		Phone Generator 1.0.0 (phone_generator)
		Power Tool 1.5.3 (powertool)
		programmable_magic 0.1.2 (programmable_magic)
		Resin Gun 0.0.1 (resin_gun)
		Shadows And Petals 1.0.0 (shadowsandpetals)
		Shake n Stir 1.0.0 (shakenstir)
		SimplePathFinder 0.1.0-neoforge+mc26.1.2 (simple_path_finder)
		Sip Moment 1.0.0 (sip_moment)
		Skyward Dive 1.0.0 (skywarddive)
		Slide Show 0.10.3 (slide_show)
		spark 1.10.172 (spark)
		Super Lead 0.2.4-beta (super_lead)
		SuperPipeSlide 0.1.0-alpha (superpipeslide)
		Swaying Garden 1.1.2.1 (swaying_garden)
		T88 26.1.2-1 (t88)
		TerrariaBoulders 1.0 (terraria_boulders)
		Tetrachord Lib 26.1+1.0.3 (tetrachordlib)
		ThatSkyInteractions 2.0.0 (thatskyinteractions)
		Time Capsule 1.0.0-indev (time_capsule)
		ToadSync 0.2.3 (toad_sync)
		Touhou Little Maid 2.0.0-neoforge+mc26.1.2 (touhou_little_maid)
		Wenyan Programming 1.0.0 (wenyan_programming)
		Works On My Machine 1.0.0 (womm)
		WorldComment 0.6.0-beta.4+26.1.2-neoforge (worldcomment)
		x3d map 1.0.2 (x3d_map)
		XKLibMC 0.0.6 (xklibmc)
		YetAnotherConfigLib 3.9.3+26.1-neoforge (yet_another_config_lib_v3)
		Yuushya 2.3.0 (yuushya)
		Yuushya Modelling 2.4.2 (yuushya_modelling)
		圣脾 1.0.0 (shengpi)
[19:25:06] [main/INFO]: SpongePowered MIXIN Subsystem Version=0.8.7 Source=file:/D:/new/.minecraft/libraries/net/fabricmc/sponge-mixin/0.17.3+mixin.0.8.7/sponge-mixin-0.17.3+mixin.0.8.7.jar Service=FML Env=CLIENT
[19:25:06] [main/INFO]: Loading FML Plugins:
[19:25:06] [main/INFO]:  - mods/yet_another_config_lib_v3-3.9.3+26.1-neoforge.efecea6b.jar > json-0.2.1.jar
[19:25:06] [main/INFO]:  - mods/ToadSync-NeoForge-26.1.2-0.2.3.jar > org.teacon.toad-sync-spi-0.2.3.jar
[19:25:06] [main/INFO]:  - mods/let_me_see_see-1.3.10.jar > xklib-ap-0.0.6.jar
[19:25:06] [main/INFO]:  - mods/kotlinforforge-6.2.0-all.9114aa0f.jar > kotlinx-serialization-core-jvm-1.10.0.jar
[19:25:06] [main/INFO]:  - mods/ModernUI-NeoForge-26.1.2-3.13.0.4-20260527.171424-2.jar > arc3d-sketch-2026.2.0-SNAPSHOT.jar
[19:25:06] [main/INFO]:  - mods/phone_generator-1.0.0.jar > okhttp-3.12.12.jar
[19:25:06] [main/INFO]:  - mods/ModernUI-NeoForge-26.1.2-3.13.0.4-20260527.171424-2.jar > arc3d-compiler-2026.2.0-SNAPSHOT.jar
[19:25:06] [main/INFO]:  - mods/yet_another_config_lib_v3-3.9.3+26.1-neoforge.efecea6b.jar > imageio-webp-3.12.0.jar
[19:25:06] [main/INFO]:  - mods/SlideShow-NeoForge-26.1.2-0.10.3.jar > httpclient-cache-4.5.14.jar
[19:25:06] [main/INFO]:  - mods/NotEnoughBandwidth-NeoForge-26.1-0.1.1.jar > zstd-jni-1.5.7-3.jar
[19:25:06] [main/INFO]:  - mods/wenyan_programming-1.0.0.jar > indi.wenyan.judou-1.0.0.jar
[19:25:06] [main/INFO]:  - mods/wenyan_programming-1.0.0.jar > heaven-0.13.0.jar
[19:25:06] [main/INFO]:  - mods/let_me_see_see-1.3.10.jar > vineflower-1.10.1.jar
[19:25:06] [main/INFO]:  - mods/phone_generator-1.0.0.jar > okio-1.15.0.jar
[19:25:06] [main/INFO]:  - mods/yet_another_config_lib_v3-3.9.3+26.1-neoforge.efecea6b.jar > common-lang-3.12.0.jar
[19:25:06] [main/INFO]:  - mods/ModernUI-NeoForge-26.1.2-3.13.0.4-20260527.171424-2.jar > commonmark-0.25.0.jar
[19:25:06] [main/INFO]:  - mods/kotlinforforge-6.2.0-all.9114aa0f.jar > kotlinx-coroutines-core-jvm-1.10.2.jar
[19:25:06] [main/INFO]:  - mods/yet_another_config_lib_v3-3.9.3+26.1-neoforge.efecea6b.jar > imageio-metadata-3.12.0.jar
[19:25:06] [main/INFO]:  - mods/kotlinforforge-6.2.0-all.9114aa0f.jar > kotlinx-serialization-json-jvm-1.10.0.jar
[19:25:06] [main/INFO]:  - mods/NotEnoughBandwidth-NeoForge-26.1-0.1.1.jar > simpleclient-0.16.0.jar
[19:25:06] [main/INFO]:  - mods/ageratum-neoforge-26.1.2-0.0.1+pr.11.jar > jhighlight-1.1.1.jar
[19:25:06] [main/INFO]:  - mods/kotlinforforge-6.2.0-all.9114aa0f.jar > thedarkcolour.kfflang-6.2.0.jar
[19:25:06] [main/INFO]:  - mods/phone_generator-1.0.0.jar > engine.io-client-2.1.0.jar
[19:25:06] [main/INFO]:  - mods/chatbox-26.1.2-1.1.4.jar > mvel2-2.5.0.Final.jar
[19:25:06] [main/INFO]:  - mods/madparticle-26.1.2-5.jar > exp4j-0.4.8.jar
[19:25:06] [main/INFO]:  - mods/let_me_see_see-1.3.10.jar > xklib-3d-0.0.6.jar
[19:25:06] [main/INFO]:  - mods/SlideShow-NeoForge-26.1.2-0.10.3.jar > httpcore-4.4.16.jar
[19:25:06] [main/INFO]:  - mods/kotlinforforge-6.2.0-all.9114aa0f.jar > kotlin-stdlib-2.3.10.jar
[19:25:06] [main/INFO]:  - mods/wenyan_programming-1.0.0.jar > nlp-common-0.0.5.jar
[19:25:06] [main/INFO]:  - mods/yet_another_config_lib_v3-3.9.3+26.1-neoforge.efecea6b.jar > gson-0.2.1.jar
[19:25:06] [main/INFO]:  - ~libraries/net/neoforged/neoforge/26.1.2.75/neoforge-26.1.2.75-universal.jar > net.neoforged.neoforge-coremods-26.1.2.75.jar
[19:25:06] [main/INFO]:  - mods/kotlinforforge-6.2.0-all.9114aa0f.jar > kotlinx-coroutines-jdk8-1.10.2.jar
[19:25:06] [main/INFO]:  - mods/wenyan_programming-1.0.0.jar > opencc4j-1.14.0.jar
[19:25:06] [main/INFO]:  - mods/phone_generator-1.0.0.jar > socket.io-client-2.1.0.jar
[19:25:06] [main/INFO]:  - mods/let_me_see_see-1.3.10.jar > LambdaEvents-2.4.2.jar
[19:25:06] [main/INFO]:  - mods/kotlinforforge-6.2.0-all.9114aa0f.jar
[19:25:06] [main/INFO]:  - mods/SlideShow-NeoForge-26.1.2-0.10.3.jar > commons-logging-1.2.jar
[19:25:06] [main/INFO]:  - mods/SlideShow-NeoForge-26.1.2-0.10.3.jar > urlpattern-1.0.1.jar
[19:25:06] [main/INFO]:  - mods/let_me_see_see-1.3.10.jar > xklib-ui-0.0.6.jar
[19:25:06] [main/INFO]:  - mods/ModernUI-NeoForge-26.1.2-3.13.0.4-20260527.171424-2.jar > arc3d-core-2026.2.0-SNAPSHOT.jar
[19:25:06] [main/INFO]:  - mods/let_me_see_see-1.3.10.jar > antlr4-runtime-4.13.2.jar
[19:25:06] [main/INFO]:  - mods/let_me_see_see-1.3.10.jar > taffy-1.1.4.jar
[19:25:06] [main/INFO]:  - mods/thatskyinteractions-26.1.2-2.0.0-SNAPSHOT.jar > veynir-core-1.1.0+build.110.jar
[19:25:06] [main/INFO]:  - mods/yet_another_config_lib_v3-3.9.3+26.1-neoforge.efecea6b.jar > common-image-3.12.0.jar
[19:25:06] [main/INFO]:  - mods/SlideShow-NeoForge-26.1.2-0.10.3.jar > httpclient-4.5.14.jar
[19:25:06] [main/INFO]:  - mods/ageratum-neoforge-26.1.2-0.0.1+pr.11.jar > jsoup-1.18.3.jar
[19:25:06] [main/INFO]:  - mods/yet_another_config_lib_v3-3.9.3+26.1-neoforge.efecea6b.jar > imageio-core-3.12.0.jar
[19:25:06] [main/INFO]:  - mods/phone_generator-1.0.0.jar > json-20090211.jar
[19:25:06] [main/INFO]:  - mods/SlideShow-NeoForge-26.1.2-0.10.3.jar > webp4j-core-2.1.0.jar
[19:25:06] [main/INFO]:  - mods/NotEnoughBandwidth-NeoForge-26.1-0.1.1.jar > simpleclient_httpserver-0.16.0.jar
[19:25:06] [main/INFO]:  - mods/SlideShow-NeoForge-26.1.2-0.10.3.jar > content-disposition-1.0.0.jar
[19:25:06] [main/INFO]:  - mods/yet_another_config_lib_v3-3.9.3+26.1-neoforge.efecea6b.jar > common-io-3.12.0.jar
[19:25:06] [main/INFO]:  - mods/phone_generator-1.0.0.jar > core-3.5.3.jar
[19:25:06] [main/INFO]:  - mods/channel-26.1.2-6+alpha.jar > concentus-1.0.2.jar
[19:25:06] [main/INFO]:  - mods/kotlinforforge-6.2.0-all.9114aa0f.jar > kotlin-reflect-2.3.10.jar
[19:25:06] [main/INFO]:  - mods/NotEnoughBandwidth-NeoForge-26.1-0.1.1.jar > simpleclient_common-0.16.0.jar
[19:25:06] [main/INFO]:  - mods/kotlinforforge-6.2.0-all.9114aa0f.jar > kotlin-stdlib-jdk8-2.3.10.jar
[19:25:06] [main/INFO]:  - mods/kotlinforforge-6.2.0-all.9114aa0f.jar > kotlin-stdlib-jdk7-2.3.10.jar
[19:25:06] [main/INFO]: Building game content classloader:
 - Registrate.MC26._1 (jar(mods/modulargolems-26.1.2.0+11+dungeon.jar > Registrate-MC26.1-1.5.0.jar))
 - aaa_particles (jar(mods/aaa_particles-neoforge-26.1.2-2.2.1-beta.2.jar))
 - aaa_particles_world (jar(mods/aaa_particles_world-neoforge-26.1.2-2.0.0-alpha.1.jar))
 - advanced_clover (jar(mods/advanced_clover-1.0.0.jar))
 - ageratum (jar(mods/ageratum-neoforge-26.1.2-0.0.1+pr.11.jar))
 - aleeve_atlas (jar(mods/aleeve_atlas-0.0.1.jar))
 - anisum (jar(mods/anisum-neoforge-26.1.2-0.0.1+build.12.jar))
 - anvilcraft (jar(mods/anvilcraft-neoforge-26.1.2-1.6.0+build.307.jar))
 - anvilcraft_pigsplus (jar(mods/anvilcraft_pigsplus-neoforge-2.0.4+pr.11.jar))
 - anvillib (jar(mods/anvillib-neoforge-26.1-2.0.0+snapshot.440.jar))
 - anvillib_codec (jar(mods/thatskyinteractions-26.1.2-2.0.0-SNAPSHOT.jar > anvillib-registrum-neoforge-26.1-2.0.0+snapshot.441.jar > anvillib-util-neoforge-26.1-2.0.0+snapshot.441.jar > anvillib-codec-neoforge-26.1-2.0.0+snapshot.441.jar))
 - anvillib_collision (jar(mods/anvillib-neoforge-26.1-2.0.0+snapshot.440.jar > anvillib-collision-neoforge-26.1-2.0.0+snapshot.440.jar))
 - anvillib_config (jar(mods/anvillib-neoforge-26.1-2.0.0+snapshot.440.jar > anvillib-config-neoforge-26.1-2.0.0+snapshot.440.jar))
 - anvillib_font (jar(mods/anvillib-neoforge-26.1-2.0.0+snapshot.440.jar > anvillib-font-neoforge-26.1-2.0.0+snapshot.440.jar))
 - anvillib_integration (jar(mods/anvillib-neoforge-26.1-2.0.0+snapshot.440.jar > anvillib-integration-neoforge-26.1-2.0.0+snapshot.440.jar))
 - anvillib_moveable_entity_block (jar(mods/anvillib-neoforge-26.1-2.0.0+snapshot.440.jar > anvillib-moveable-entity-block-neoforge-26.1-2.0.0+snapshot.440.jar))
 - anvillib_multiblock (jar(mods/anvillib-neoforge-26.1-2.0.0+snapshot.440.jar > anvillib-multiblock-neoforge-26.1-2.0.0+snapshot.440.jar))
 - anvillib_network (jar(mods/thatskyinteractions-26.1.2-2.0.0-SNAPSHOT.jar > anvillib-network-neoforge-26.1-2.0.0+snapshot.441.jar))
 - anvillib_recipe (jar(mods/anvillib-neoforge-26.1-2.0.0+snapshot.440.jar > anvillib-recipe-neoforge-26.1-2.0.0+snapshot.440.jar))
 - anvillib_registrum (jar(mods/thatskyinteractions-26.1.2-2.0.0-SNAPSHOT.jar > anvillib-registrum-neoforge-26.1-2.0.0+snapshot.441.jar))
 - anvillib_rendering (jar(mods/thatskyinteractions-26.1.2-2.0.0-SNAPSHOT.jar > anvillib-rendering-neoforge-26.1-2.0.0+snapshot.441.jar))
 - anvillib_space_select (jar(mods/anvillib-neoforge-26.1-2.0.0+snapshot.440.jar > anvillib-space-select-neoforge-26.1-2.0.0+snapshot.440.jar))
 - anvillib_sync (jar(mods/anvillib-neoforge-26.1-2.0.0+snapshot.440.jar > anvillib-sync-neoforge-26.1-2.0.0+snapshot.440.jar))
 - anvillib_util (jar(mods/thatskyinteractions-26.1.2-2.0.0-SNAPSHOT.jar > anvillib-registrum-neoforge-26.1-2.0.0+snapshot.441.jar > anvillib-util-neoforge-26.1-2.0.0+snapshot.441.jar))
 - anvillib_wheel (jar(mods/anvillib-neoforge-26.1-2.0.0+snapshot.440.jar > anvillib-wheel-neoforge-26.1-2.0.0+snapshot.440.jar))
 - architectury (jar(mods/aaa_particles-neoforge-26.1.2-2.2.1-beta.2.jar > architectury-neoforge-20.0.0-aleph.2.jar))
 - ashihara (jar(mods/ashihara-0.0.0.15.jar))
 - bakeries (jar(mods/bakeries-1.0.0.jar))
 - beecrasy (jar(mods/beecrasy-1.0.0.jar))
 - beyond (jar(mods/beyond-1.0.0.jar))
 - bonded_peaks (jar(mods/repo-26.1.2-0.0.1+build.9.jar))
 - bsf3lite (jar(mods/bsf3lite-1.0.0.jar))
 - carryon (jar(mods/carryon-neoforge-26.1.2-3.0.2.1b6e82ee.jar))
 - cartridge (jar(mods/cartridge-1.1.2.0.jar))
 - caupona (jar(mods/Caupona-26.1.2-6.0.1.jar))
 - channel (jar(mods/channel-26.1.2-6+alpha.jar))
 - chatbox (jar(mods/chatbox-26.1.2-1.1.4.jar))
 - chromeball (jar(mods/ChromeBall-NeoForge-26.1.2-0.8.0.jar))
 - cloth_config (jar(mods/cloth-config-26.1.154.jar))
 - colorful_crystals (jar(mods/repo-26.1.2-0.0.1+build.10.jar))
 - conditional_mixin (jar(mods/superpipeslide-0.1.0-alpha.jar > conditional-mixin-neoforge-0.6.4.jar))
 - continuity (jar(mods/continuity-3.0.1-0.0.3.jar))
 - curios (jar(mods/curios-neoforge-15.0.0-beta.2+26.1.2.jar))
 - damagenexus (jar(mods/damagenexus-0.1.0.jar))
 - dh_s_veinminer (jar(mods/dh_s_veinminer-1.0.6.jar))
 - displaydoll (jar(mods/displaydoll-1.0.0-neoforge+mc26.1.2.jar))
 - distanthorizons (jar(mods/distanthorizons-3.0.3-b-26.1.2.jar))
 - drglaserpointer (jar(mods/drglaserpointer-1.2.0.jar))
 - essentialism (jar(mods/essentialism-0.1.0.jar))
 - ether_craft (jar(mods/ether_craft-0.1.0.jar))
 - extra_interaction (jar(mods/extra_interaction-1.0.jar))
 - geckolib (jar(mods/geckolib-neoforge-26.1.2-5.5.1.jar))
 - golemdungeons (jar(mods/modulargolems-26.1.2.0+11+dungeon.jar > golemdungeons-26.1.2.0+1.jar))
 - guide_me_to (jar(mods/guide_me_to-26.1.2-0.jar))
 - harvestheritage (jar(mods/harvestheritage-1.1.2.jar))
 - hotbaaaar (jar(mods/hotbaaaar-26.1.2-1.jar))
 - industrybase (jar(mods/industrybase-26.1.2-1.0-alpha.jar))
 - inkraft (jar(mods/inkraft-neoforge-1.0.0+mc26.1.2.jar))
 - jade (jar(mods/NotWaitingForServer-26.1.1.jar))
 - jei (jar(mods/jei-wDRsIpv2.jar))
 - kaleidoscope_tavern (jar(mods/kaleidoscopetavern-1.1.2-neoforge+mc26.1.2.jar))
 - kotlinforforge (jar(mods/kotlinforforge-6.2.0-all.9114aa0f.jar > thedarkcolour.kffmod-6.2.0.jar))
 - l2core (jar(mods/modulargolems-26.1.2.0+11+dungeon.jar > l2core-26.1.2.0+18.jar))
 - l2damagetracker (jar(mods/modulargolems-26.1.2.0+11+dungeon.jar > l2damagetracker-26.1.2.0+2.jar))
 - l2itemselector (jar(mods/modulargolems-26.1.2.0+11+dungeon.jar > l2itemselector-26.1.2.0+4.jar))
 - l2menustacker (jar(mods/modulargolems-26.1.2.0+11+dungeon.jar > l2menustacker-26.1.2.1.jar))
 - l2modularblock (jar(mods/modulargolems-26.1.2.0+11+dungeon.jar > l2modularblock-26.1.0.0.jar))
 - l2serial (jar(mods/modulargolems-26.1.2.0+11+dungeon.jar > l2serial-26.1.0.6.jar))
 - l2tabs (jar(mods/modulargolems-26.1.2.0+11+dungeon.jar > l2tabs-26.1.2.0.jar))
 - lanfasie_benderson (jar(mods/lanfasie_benderson-0.1.0.jar))
 - ldlib2 (jar(mods/ldlib2-neoforge-26.1-26.1.2.12.jar))
 - lendandregret (jar(mods/lendandregret-0.0.1.jar))
 - let_me_see_see (jar(mods/let_me_see_see-1.3.10.jar))
 - letter_signal_phone (jar(mods/letter_signal_phone-1.0.0.jar))
 - link_portals (jar(mods/link_portals-1.0.0.jar))
 - luckperms (jar(mods/LuckPerms-NeoForge-5.5-20260603.143259-2-all.jar))
 - madparticle (jar(mods/madparticle-26.1.2-5.jar))
 - magic_io (jar(mods/magic_io-1.0.0.jar))
 - maid_storage_manager (jar(mods/26.1.2-maid_storage_manager-2.0.0-neoforge+mc26.1.2.jar))
 - mekanism (jar(mods/mekmm-26.1.2-2.0.0.jar > Mekanism-26.1-SNAPSHOT.jar))
 - mekanismadditions (jar(mods/mekmm-26.1.2-2.0.0.jar > Mekanism-26.1-SNAPSHOT-additions.jar))
 - mekanismgenerators (jar(mods/mekmm-26.1.2-2.0.0.jar > Mekanism-26.1-SNAPSHOT-generators.jar))
 - mekanismtools (jar(mods/mekmm-26.1.2-2.0.0.jar > Mekanism-26.1-SNAPSHOT-tools.jar))
 - mekmm (jar(mods/mekmm-26.1.2-2.0.0.jar))
 - middle_key_ping (jar(mods/middle_key_ping-neoforge-26.1.2-2.0.0+pr.12.jar))
 - minecartrevolution (jar(mods/minecartrevolution-1.0.0.jar))
 - minecraft (jar(~libraries/net/neoforged/minecraft-client-patched/26.1.2.75/minecraft-client-patched-26.1.2.75.jar))
 - minopp (jar(mods/minopp-1.4.0+26.1.2-neoforge.jar))
 - mixinextras.neoforge (jar(~libraries/net/neoforged/neoforge/26.1.2.75/neoforge-26.1.2.75-universal.jar > mixinextras-neoforge-0.5.4.jar))
 - mob_weapon_api (jar(mods/modulargolems-26.1.2.0+11+dungeon.jar > mob_weapon_api-26.1.2.0+3.jar))
 - modernui (jar(mods/ModernUI-NeoForge-26.1.2-3.13.0.4-20260527.171424-2.jar))
 - modulargolems (jar(mods/modulargolems-26.1.2.0+11+dungeon.jar))
 - nebw (jar(mods/NotEnoughBandwidth-NeoForge-26.1-0.1.1.jar))
 - nekoplus (jar(mods/anvilcraft-nekoplus-26.1.1-alpha.1.jar))
 - neoforge (jar(~libraries/net/neoforged/neoforge/26.1.2.75/neoforge-26.1.2.75-universal.jar))
 - nestle (jar(mods/nestle-0.1.2-neoforge+mc26.1.2.jar))
 - net.neoforged.fml.generated (empty(VirtualJar/net.neoforged.fml.generated))
 - net_music_can_play_bili (jar(mods/net_music_can_play_bili-0.3.6-beta.jar))
 - netmusic (jar(mods/netmusic-1.5.1-neoforge+mc26.1-all.jar))
 - olru (jar(mods/olru-0.0.1-alpha.jar))
 - oneblock (jar(mods/oneblock-26.1.2-neoforge-3.0.0.jar))
 - phone_generator (jar(mods/phone_generator-1.0.0.jar))
 - powertool (jar(mods/PowerTool-NeoForge-26.1-1.5.3.jar))
 - programmable_magic (jar(mods/programmable_magic-0.1.2.jar))
 - resin_gun (jar(mods/resin_gun-neoforge-26.1.2-0.0.1+build.11.jar))
 - shadowsandpetals (jar(mods/shadowsandpetals-1.0.0.jar))
 - shakenstir (jar(mods/shakenstir-1.0.0.jar))
 - shengpi (jar(mods/shengpi-1.0.0.jar))
 - simple_path_finder (jar(mods/simple_path_finder-0.1.0-neoforge+mc26.1.2.jar))
 - sip_moment (jar(mods/sip_moment-1.0.0.jar))
 - skywarddive (jar(mods/skywarddive-1.0.0.jar))
 - slide_show (jar(mods/SlideShow-NeoForge-26.1.2-0.10.3.jar))
 - spark (jar(mods/spark-1.10.172-neoforge.jar))
 - super_lead (jar(mods/super_lead-0.2.4-beta.jar))
 - superpipeslide (jar(mods/superpipeslide-0.1.0-alpha.jar))
 - swaying_garden (jar(mods/swaying_garden-26.1.2-neoforge-1.1.2.1.jar))
 - t88 (jar(mods/t88-26.1.2-1.jar))
 - terraria_boulders (jar(mods/terraria_boulders-1.0.jar))
 - tetrachordlib (jar(mods/tetrachordlib-26.1+1.0.3.jar))
 - thatskyinteractions (jar(mods/thatskyinteractions-26.1.2-2.0.0-SNAPSHOT.jar))
 - thedarkcolour.kfflib (jar(mods/kotlinforforge-6.2.0-all.9114aa0f.jar > thedarkcolour.kfflib-6.2.0.jar))
 - time_capsule (jar(mods/Time-Capsule-26.1.2-1.0.0-indev.jar))
 - toad_sync (jar(mods/ToadSync-NeoForge-26.1.2-0.2.3.jar))
 - touhou_little_maid (jar(mods/touhoulittlemaid-2.0.0-neoforge+mc26.1.2-all.jar))
 - trading_table (jar(mods/trading_table-1.0.0.jar))
 - transmutatoria (jar(mods/transmutatoria-1.0.0.jar))
 - voidinair (jar(mods/anvilcraft-voidinair-neoforge-26.1.2-1.1.0+build.13.jar))
 - wenyan_programming (jar(mods/wenyan_programming-1.0.0.jar))
 - womm (jar(mods/womm-1.0.0.jar))
 - worldcomment (jar(mods/WorldComment-0.6.0-beta.4+26.1.2-neoforge.jar))
 - x3d_map (jar(mods/x3d_map-1.0.2.jar))
 - xklibmc (jar(mods/let_me_see_see-1.3.10.jar > xklib-mc-0.0.6.jar))
 - yet_another_config_lib_v3 (jar(mods/yet_another_config_lib_v3-3.9.3+26.1-neoforge.efecea6b.jar))
 - yuushya (jar(mods/yuushya-26.1-neoforge-2.3.0.jar))
 - yuushya_modelling (jar(mods/yuushya_modelling-26.1.2-2.4.2.jar))
[19:25:06] [main/INFO]: Built game content classloader in 93ms
[19:25:06] [main/INFO]: Compatibility level set to JAVA_25
[19:25:06] [main/WARN]: Reference map 'drglaserpointer.mixins.refmap.json' for drglaserpointer.mixins.json could not be read. If this is a development environment you can ignore this message
[19:25:06] [main/WARN]: Reference map 'anvillib.refmap.json' for anvillib_config.mixins.json could not be read. If this is a development environment you can ignore this message
[19:25:06] [main/WARN]: Reference map 'kaleidoscope_tavern.refmap.json' for kaleidoscope_tavern.mixins.json could not be read. If this is a development environment you can ignore this message
[19:25:06] [main/WARN]: Reference map 'hooootbar.refmap.json' for hotbaaaar.mixins.json could not be read. If this is a development environment you can ignore this message
[19:25:06] [main/WARN]: Reference map 'madparticle.refmap.json' for madparticle.mixins.json could not be read. If this is a development environment you can ignore this message
[19:25:06] [main/WARN]: Reference map 'swayinggarden.refmap.json' for swaying_garden.mixins.json could not be read. If this is a development environment you can ignore this message
[19:25:06] [main/WARN]: Reference map 'anvillib.refmap.json' for anvillib_collision.mixins.json could not be read. If this is a development environment you can ignore this message
[19:25:06] [main/WARN]: Reference map 'magic_io.refmap.json' for magic_io.mixins.json could not be read. If this is a development environment you can ignore this message
[19:25:06] [main/WARN]: Reference map 'carryon.refmap.json' for carryon.mixins.json could not be read. If this is a development environment you can ignore this message
[19:25:06] [main/WARN]: Reference map 'ashihara.refmap.json' for ashihara.mixins.json could not be read. If this is a development environment you can ignore this message
[19:25:06] [main/WARN]: Reference map 'anvillib.refmap.json' for anvillib_util.mixins.json could not be read. If this is a development environment you can ignore this message
[19:25:06] [main/WARN]: Reference map 'thatskyinteractions.refmap.json' for thatskyinteractions.mixins.json could not be read. If this is a development environment you can ignore this message
[19:25:06] [main/WARN]: Reference map 'yuushya.refmap.json' for yuushya_modelling.mixins.json could not be read. If this is a development environment you can ignore this message
[19:25:06] [main/WARN]: Reference map 'anvillib.refmap.json' for anvillib_integration.mixins.json could not be read. If this is a development environment you can ignore this message
[19:25:06] [main/WARN]: Reference map 'curios.refmap.json' for curios.mixins.json could not be read. If this is a development environment you can ignore this message
[19:25:06] [main/WARN]: Reference map 'anvillib.refmap.json' for anvillib_registrum.mixins.json could not be read. If this is a development environment you can ignore this message
[19:25:06] [main/WARN]: Reference map 't88.refmap.json' for t88.mixins.json could not be read. If this is a development environment you can ignore this message
[19:25:06] [main/WARN]: Reference map 'anvillib.refmap.json' for anvillib_recipe.mixins.json could not be read. If this is a development environment you can ignore this message
[19:25:06] [main/WARN]: Reference map 'anvillib.refmap.json' for anvillib_multiblock.mixins.json could not be read. If this is a development environment you can ignore this message
[19:25:06] [main/WARN]: Reference map 'caupona.refmap.json' for caupona.mixins.json could not be read. If this is a development environment you can ignore this message
[19:25:06] [main/WARN]: Reference map 'nebw.refmap.json' for nebw.mixins.json could not be read. If this is a development environment you can ignore this message
[19:25:06] [main/WARN]: Reference map 'anvillib.refmap.json' for anvillib_moveable_entity_block.mixins.json could not be read. If this is a development environment you can ignore this message
[19:25:06] [main/WARN]: Reference map 'anvillib.refmap.json' for anvillib_space_select.mixins.json could not be read. If this is a development environment you can ignore this message
[19:25:06] [main/WARN]: Reference map 'anvillib.refmap.json' for anvillib_network.mixins.json could not be read. If this is a development environment you can ignore this message
[19:25:06] [main/WARN]: Reference map 'anvillib.refmap.json' for anvillib_sync.mixins.json could not be read. If this is a development environment you can ignore this message
[19:25:06] [main/WARN]: Reference map 'aaa_particles.refmap.json' for aaa_particles-common.mixins.json could not be read. If this is a development environment you can ignore this message
[19:25:06] [main/WARN]: Reference map 'anvillib.refmap.json' for anvillib_rendering.mixins.json could not be read. If this is a development environment you can ignore this message
[19:25:06] [main/WARN]: Reference map 'toad_sync.refmap.json' for toad_sync.mixins.json could not be read. If this is a development environment you can ignore this message
[19:25:06] [main/WARN]: Reference map 'anvillib.refmap.json' for anvillib.mixins.json could not be read. If this is a development environment you can ignore this message
[19:25:06] [main/WARN]: Reference map 'anvillib.refmap.json' for anvillib_codec.mixins.json could not be read. If this is a development environment you can ignore this message
[19:25:06] [main/WARN]: Reference map 'TellMeWhere.refmap.json' for guide_me_to.mixins.json could not be read. If this is a development environment you can ignore this message
[19:25:06] [main/WARN]: Reference map 'bsf3lite.mixins.refmap.json' for bsf3lite.mixins.json could not be read. If this is a development environment you can ignore this message
[19:25:06] [main/WARN]: Reference map 'anvillib.refmap.json' for anvillib_font.mixins.json could not be read. If this is a development environment you can ignore this message
[19:25:06] [main/WARN]: Reference map 'aaa_particles_world.refmap.json' for aaa_particles_world.mixins.json could not be read. If this is a development environment you can ignore this message
[19:25:06] [main/WARN]: Reference map 'yet_another_config_lib_v3.refmap.json' for yacl.mixins.json could not be read. If this is a development environment you can ignore this message
[19:25:06] [main/WARN]: Reference map 'anvillib.refmap.json' for anvillib_wheel.mixins.json could not be read. If this is a development environment you can ignore this message
[19:25:06] [main/WARN]: Error loading class: net/irisshaders/iris/pipeline/FinalPassRenderer (java.lang.ClassNotFoundException: net.irisshaders.iris.pipeline.FinalPassRenderer)
[19:25:06] [main/WARN]: @Mixin target net.irisshaders.iris.pipeline.FinalPassRenderer was not found madparticle.mixins.json:compat.IrisFinalPassRendererMixin from mod madparticle
[19:25:06] [main/WARN]: Error loading class: net/irisshaders/iris/shaderpack/materialmap/WorldRenderingSettings (java.lang.ClassNotFoundException: net.irisshaders.iris.shaderpack.materialmap.WorldRenderingSettings)
[19:25:06] [main/WARN]: @Mixin target net.irisshaders.iris.shaderpack.materialmap.WorldRenderingSettings was not found swaying_garden.mixins.json:MixinWorldRenderingSettings from mod swaying_garden
[19:25:07] [main/WARN]: Redundant @Unique on injector method onConsume(Lnet/minecraft/world/level/Level;Lnet/minecraft/world/entity/LivingEntity;Lnet/minecraft/world/item/ItemStack;Lorg/spongepowered/asm/mixin/injection/callback/CallbackInfoReturnable;)V in sip_moment.mixins.json:ConsumableMixin from mod sip_moment. Injectors are implicitly unique
[19:25:07] [main/INFO]: Initializing MixinExtras via com.llamalad7.mixinextras.service.MixinExtrasServiceImpl(version=0.5.4).
[19:25:07] [main/INFO]: shakenstir.mixins.json:LivingEntityAccessor from mod shakenstir->@Accessor[FIELD_GETTER]::ShakenStir$DATA_EFFECT_PARTICLES()Lnet/minecraft/network/syncher/EntityDataAccessor; should be static as its target is
[19:25:07] [main/INFO]: shakenstir.mixins.json:LivingEntityAccessor from mod shakenstir->@Accessor[FIELD_GETTER]::ShakenStir$DATA_EFFECT_AMBIENCE_ID()Lnet/minecraft/network/syncher/EntityDataAccessor; should be static as its target is
[19:25:08] [Datafixer Bootstrap/INFO]: 294 Datafixer optimizations took 212 milliseconds
[19:25:09] [pool-18-thread-1/WARN]: Redundant @Unique on injector method onConsume(Lnet/minecraft/world/level/Level;Lnet/minecraft/world/entity/LivingEntity;Lnet/minecraft/world/item/ItemStack;Lorg/spongepowered/asm/mixin/injection/callback/CallbackInfoReturnable;)V in sip_moment.mixins.json:ConsumableMixin from mod sip_moment. Injectors are implicitly unique
[19:25:11] [pool-18-thread-1/INFO]: ToadSync Version: 0.2.3 (client side)
[19:25:11] [modloading-worker-0/INFO]: Initializing Inkraft. Ver: 1.0.0+mc26.1.2, Build at: 2026-06-05T02:22:28.819652157Z[Etc/UTC]
[19:25:11] [modloading-worker-0/INFO]: Considering integration dev.anvilcraft.ping.integration.BondedPeaksIntegration for {id:bonded_peaks, version:*}
[19:25:11] [modloading-worker-0/INFO]: Loading integration dev.anvilcraft.ping.integration.BondedPeaksIntegration@4581c60f for bonded_peaks.
[19:25:11] [modloading-worker-0/INFO]: Hey Player, your portal opening day is over. Give me the Crash.
[19:25:11] [modloading-worker-0/INFO]: If you want it, then you'll have to take it, as you have already known.
[19:25:11] [modloading-worker-0/INFO]: NeoForge mod loading, version 26.1.2.75, for MC 26.1.2
[19:25:11] [modloading-worker-0/INFO]: Loaded Beyond plugin: beyond:vanilla
[19:25:11] [modloading-worker-0/INFO]: Beyond AutoInit scan found 1 plugin classes
[19:25:11] [modloading-worker-0/INFO]: Registering anisum-client.toml for anisum
[19:25:11] [modloading-worker-0/INFO]: BiliAudioResolver registered with NetMusic
[19:25:11] [modloading-worker-0/INFO]: Registering middle_key_ping-client.toml for middle_key_ping
[19:25:11] [modloading-worker-0/INFO]: HttpAudioStreamHandler registered with NetMusic
[19:25:11] [modloading-worker-0/INFO]: Registering aleeve_atlas-client.toml for aleeve_atlas
[19:25:11] [modloading-worker-0/INFO]: LowDragLib2 is initializing on platform: NeoForge
[19:25:11] [modloading-worker-0/INFO]: Created assets folder D:\new\.minecraft\versions\TeaCon-v6.1.4\ldlib2\assets
[19:25:11] [modloading-worker-0/INFO]: Created ldlib2 assets folder D:\new\.minecraft\versions\TeaCon-v6.1.4\ldlib2\assets
[19:25:11] [modloading-worker-0/INFO]: Registering ageratum-client.toml for ageratum
[19:25:11] [modloading-worker-0/INFO]: AddonLoader.loadResource - path: D:\new\.minecraft\versions\TeaCon-v6.1.4\mods\yuushya-26.1-neoforge-2.3.0.jar
[19:25:11] [modloading-worker-0/INFO]: AddonLoader - using jar file: D:\new\.minecraft\versions\TeaCon-v6.1.4\mods\yuushya-26.1-neoforge-2.3.0.jar
[19:25:11] [modloading-worker-0/INFO]: Ciallo～(∠·ω< )⌒★
[19:25:11] [modloading-worker-0/INFO]: AddonLoader.getRegister - found 20 register resources
[19:25:11] [modloading-worker-0/INFO]: AddonLoader.getRegister - processing: yuushya:register/_class.json
[19:25:11] [modloading-worker-0/INFO]: Successfully registered interactions in class: com.amotassic.extra_interaction.TeaconExample
[19:25:11] [modloading-worker-0/INFO]: AddonLoader.getRegister - processing: yuushya:register/block_catering.json
[19:25:11] [modloading-worker-0/INFO]: Registering anvillib/anvillib_multiblock-common.toml for anvillib_multiblock
[19:25:11] [modloading-worker-0/INFO]: Say hello to Beecracy(Not a typo)!
[19:25:11] [modloading-worker-0/INFO]: AddonLoader.getRegister - processing: yuushya:register/block_electrical_appliance.json
[19:25:11] [modloading-worker-0/INFO]: AddonLoader.getRegister - processing: yuushya:register/block_extra_block.json
[19:25:11] [modloading-worker-0/INFO]: AddonLoader.getRegister - processing: yuushya:register/block_extra_shape.json
[19:25:11] [modloading-worker-0/INFO]: AddonLoader.getRegister - processing: yuushya:register/block_fabric.json
[19:25:11] [modloading-worker-0/INFO]: AddonLoader.getRegister - processing: yuushya:register/block_furniture.json
[19:25:11] [modloading-worker-0/INFO]: AddonLoader.getRegister - processing: yuushya:register/block_infrastructure.json
[19:25:11] [modloading-worker-0/INFO]: AddonLoader.getRegister - processing: yuushya:register/block_lighting.json
[19:25:11] [modloading-worker-0/INFO]: AddonLoader.getRegister - processing: yuushya:register/block_living_being.json
[19:25:11] [modloading-worker-0/INFO]: AddonLoader.getRegister - processing: yuushya:register/block_sign.json
[19:25:11] [modloading-worker-0/INFO]: AddonLoader.getRegister - processing: yuushya:register/block_store.json
[19:25:11] [modloading-worker-0/INFO]: AddonLoader.getRegister - processing: yuushya:register/block_traffic.json
[19:25:11] [modloading-worker-0/INFO]: AddonLoader.getRegister - processing: yuushya:register/block_window.json
[19:25:11] [modloading-worker-0/INFO]: Ciallo～(∠·ω< )⌒★
[19:25:11] [modloading-worker-0/INFO]: AddonLoader.getRegister - processing: yuushya:register/item_group.json
[19:25:11] [modloading-worker-0/INFO]: AddonLoader.getRegister - processing: yuushya:register/items.json
[19:25:11] [modloading-worker-0/INFO]: AddonLoader.getRegister - processing: yuushya:register/structure.json
[19:25:11] [modloading-worker-0/INFO]: AddonLoader.getRegister - processing: yuushya:register/template.json
[19:25:11] [modloading-worker-0/INFO]: AddonLoader.getRegister - processing: yuushya:register/texture.json
[19:25:11] [modloading-worker-0/INFO]: AddonLoader.getRegister - processing: yuushya:register/texture_remain.json
[19:25:11] [modloading-worker-0/INFO]: AddonLoader.getRegister - YuushyaRawBlockMap size: 1493
[19:25:11] [modloading-worker-0/INFO]: AddonLoader.getRegister - YuushyaRawItemMap size: 81
[19:25:11] [modloading-worker-0/INFO]: 圣脾 Mod 已加载
[19:25:11] [modloading-worker-0/INFO]: common default pack init start...
[19:25:11] [modloading-worker-0/INFO]: Registering anvillib/anvillib_recipe-common.toml for anvillib_recipe
[19:25:11] [modloading-worker-0/WARN]: Using incubating Vector API to accelerate path calculation.
[19:25:11] [modloading-worker-0/INFO]: LET_ME_SEE_AGENT_JAR_PATH: D:\new\.minecraft\versions\TeaCon-v6.1.4\mods\let_me_see_see-1.3.10.jar
[19:25:11] [modloading-worker-0/INFO]: LET_ME_SEE_EXPORT_PATH: D:\new\.minecraft\versions\TeaCon-v6.1.4\let_me_see_see
[19:25:11] [modloading-worker-0/INFO]: MOD_LIST_MD5: 3cf9ffd2d8139b4f429c9e3672c1f3fa
[19:25:12] [modloading-worker-0/INFO]: Created temporary file: C:\Users\16584\AppData\Local\Temp\com.xkball.10985288397079370955\let_me_see_see_temp.jar
[19:25:12] [modloading-worker-0/INFO]: Start get instrumentation via MethodHandle.
[19:25:12] [modloading-worker-0/ERROR]: Failed invoke loadAgent
java.lang.InternalError
	at java.instrument/sun.instrument.InstrumentationImpl.loadAgent0(Native Method)
	at java.instrument/sun.instrument.InstrumentationImpl.loadAgent(InstrumentationImpl.java:609)
	at TRANSFORMER/let_me_see_see@1.3.10/com.xkball.let_me_see_see.LetMeSeeSee.getInst(LetMeSeeSee.java:119)
	at TRANSFORMER/let_me_see_see@1.3.10/com.xkball.let_me_see_see.utils.ClassSearcher.buildClassMap(ClassSearcher.java:36)
	at TRANSFORMER/let_me_see_see@1.3.10/com.xkball.let_me_see_see.utils.ClassSearcher.init(ClassSearcher.java:31)
	at TRANSFORMER/let_me_see_see@1.3.10/com.xkball.let_me_see_see.utils.ClassStaticAnalysis.<clinit>(ClassStaticAnalysis.java:16)
	at TRANSFORMER/let_me_see_see@1.3.10/com.xkball.let_me_see_see.LetMeSeeSee.<init>(LetMeSeeSee.java:85)
	at java.base/jdk.internal.reflect.DirectConstructorHandleAccessor.newInstance(DirectConstructorHandleAccessor.java:62)
	at java.base/java.lang.reflect.Constructor.newInstanceWithCaller(Constructor.java:499)
	at java.base/java.lang.reflect.Constructor.newInstance(Constructor.java:483)
	at net.neoforged.fml.javafmlmod.FMLModContainer.constructMod(FMLModContainer.java:118)
	at net.neoforged.fml.ModLoader.lambda$constructMods$0(ModLoader.java:125)
	at net.neoforged.fml.ModLoader.lambda$dispatchParallelTask$3(ModLoader.java:203)
	at java.base/java.util.concurrent.CompletableFuture.uniHandle(CompletableFuture.java:955)
	at java.base/java.util.concurrent.CompletableFuture$UniHandle.tryFire(CompletableFuture.java:932)
	at java.base/java.util.concurrent.CompletableFuture$Completion.exec(CompletableFuture.java:504)
	at java.base/java.util.concurrent.ForkJoinTask.doExec(ForkJoinTask.java:511)
	at java.base/java.util.concurrent.ForkJoinPool$WorkQueue.topLevelExec(ForkJoinPool.java:1450)
	at java.base/java.util.concurrent.ForkJoinPool.runWorker(ForkJoinPool.java:2019)
	at java.base/java.util.concurrent.ForkJoinWorkerThread.run(ForkJoinWorkerThread.java:187)
[19:25:12] [modloading-worker-0/ERROR]: Failed to get instrumentation
java.lang.ClassNotFoundException: com.xkball.let_me_see_see.LMSAgent
	at java.base/jdk.internal.loader.BuiltinClassLoader.loadClass(BuiltinClassLoader.java:580)
	at java.base/java.lang.ClassLoader.loadClass(ClassLoader.java:490)
	at java.base/java.lang.Class.forName0(Native Method)
	at java.base/java.lang.Class.forName(Class.java:547)
	at TRANSFORMER/let_me_see_see@1.3.10/com.xkball.let_me_see_see.LetMeSeeSee.tryGetInst(LetMeSeeSee.java:101)
	at TRANSFORMER/let_me_see_see@1.3.10/com.xkball.let_me_see_see.LetMeSeeSee.getInst(LetMeSeeSee.java:123)
	at TRANSFORMER/let_me_see_see@1.3.10/com.xkball.let_me_see_see.utils.ClassSearcher.buildClassMap(ClassSearcher.java:36)
	at TRANSFORMER/let_me_see_see@1.3.10/com.xkball.let_me_see_see.utils.ClassSearcher.init(ClassSearcher.java:31)
	at TRANSFORMER/let_me_see_see@1.3.10/com.xkball.let_me_see_see.utils.ClassStaticAnalysis.<clinit>(ClassStaticAnalysis.java:16)
	at TRANSFORMER/let_me_see_see@1.3.10/com.xkball.let_me_see_see.LetMeSeeSee.<init>(LetMeSeeSee.java:85)
	at java.base/jdk.internal.reflect.DirectConstructorHandleAccessor.newInstance(DirectConstructorHandleAccessor.java:62)
	at java.base/java.lang.reflect.Constructor.newInstanceWithCaller(Constructor.java:499)
	at java.base/java.lang.reflect.Constructor.newInstance(Constructor.java:483)
	at net.neoforged.fml.javafmlmod.FMLModContainer.constructMod(FMLModContainer.java:118)
	at net.neoforged.fml.ModLoader.lambda$constructMods$0(ModLoader.java:125)
	at net.neoforged.fml.ModLoader.lambda$dispatchParallelTask$3(ModLoader.java:203)
	at java.base/java.util.concurrent.CompletableFuture.uniHandle(CompletableFuture.java:955)
	at java.base/java.util.concurrent.CompletableFuture$UniHandle.tryFire(CompletableFuture.java:932)
	at java.base/java.util.concurrent.CompletableFuture$Completion.exec(CompletableFuture.java:504)
	at java.base/java.util.concurrent.ForkJoinTask.doExec(ForkJoinTask.java:511)
	at java.base/java.util.concurrent.ForkJoinPool$WorkQueue.topLevelExec(ForkJoinPool.java:1450)
	at java.base/java.util.concurrent.ForkJoinPool.runWorker(ForkJoinPool.java:2019)
	at java.base/java.util.concurrent.ForkJoinWorkerThread.run(ForkJoinWorkerThread.java:187)
[19:25:12] [modloading-worker-0/INFO]: Start get instrumentation via Attach JVM.
[19:25:12] [modloading-worker-0/INFO]: Installing Effekseer native library at D:\new\.minecraft\versions\TeaCon-v6.1.4\natives-windows-x86_64\EffekseerNativeForJava.dll
[19:25:12] [modloading-worker-0/INFO]: Ciallo～(∠・ω< )⌒★
[19:25:12] [modloading-worker-0/INFO]: Skipping LuckPerms init (not supported on the client!)
[19:25:12] [modloading-worker-0/INFO]: BeforeConstant is searching for constants in method with descriptor (Lnet/minecraft/world/level/Level;Lnet/minecraft/core/BlockPos;)V
[19:25:12] [modloading-worker-0/INFO]:   BeforeConstant found CLASS constant: value = Ljava/lang/Boolean;, typeValue = null
[19:25:12] [modloading-worker-0/INFO]:   BeforeConstant found INTEGER constant: value = 1, intValue = 1
[19:25:12] [modloading-worker-0/INFO]:     BeforeConstant found a matching constant value at ordinal 0
[19:25:12] [modloading-worker-0/INFO]:       BeforeConstant found Insn [ICONST_1] 
[19:25:12] [modloading-worker-0/INFO]:   BeforeConstant found INTEGER constant: value = 0, intValue = 1
[19:25:12] [modloading-worker-0/INFO]:   BeforeConstant found CLASS constant: value = Lnet/minecraft/server/level/ServerLevel;, typeValue = null
[19:25:12] [modloading-worker-0/INFO]:   BeforeConstant found CLASS constant: value = Lnet/minecraft/server/level/ServerLevel;, typeValue = null
[19:25:12] [modloading-worker-0/INFO]:   BeforeConstant found LONG constant: value = 10, longValue = null
[19:25:12] [modloading-worker-0/INFO]:   BeforeConstant found LONG constant: value = 0, longValue = null
[19:25:12] [modloading-worker-0/INFO]:   BeforeConstant found INTEGER constant: value = 0, intValue = 1
[19:25:12] [modloading-worker-0/INFO]: Registering anvilcraft_pigsplus-server.toml for anvilcraft_pigsplus
[19:25:12] [modloading-worker-0/INFO]: Kotlin For Forge Enabled!
[19:25:12] [modloading-worker-0/WARN]: Signature is missing
[19:25:12] [modloading-worker-0/INFO]: Config file 'D:\new\.minecraft\versions\TeaCon-v6.1.4\config\yacl.json5' does not exist. Creating it with default values.
[19:25:12] [modloading-worker-0/INFO]: Serializing class dev.isxander.yacl3.platform.YACLConfig to 'D:\new\.minecraft\versions\TeaCon-v6.1.4\config\yacl.json5'
[19:25:12] [modloading-worker-0/INFO]: Initializing essentialism
[19:25:12] [modloading-worker-0/INFO]: Initialized Modern UI
[19:25:12] [modloading-worker-0/INFO]: Registering essentialism-common.toml for essentialism
[19:25:12] [modloading-worker-0/INFO]: Ciallo～(∠・ω< )⌒★
[19:25:12] [modloading-worker-0/INFO]: Created TextLayoutEngine
[19:25:12] [modloading-worker-0/INFO]: Initialized Modern UI text engine
[19:25:12] [modloading-worker-0/INFO]: Initialized Modern UI client
[19:25:12] [modloading-worker-0/INFO]: Sending ConfigManager...
[19:25:12] [modloading-worker-0/INFO]: Sending ConfigManager took 2.852 milliseconds
[19:25:13] [modloading-worker-0/INFO]: fontMultimap: {Franklin=[java.awt.Font[family=Franklin Gothic Medium,name=Franklin Gothic Medium Italic,style=plain,size=1], java.awt.Font[family=Franklin Gothic Heavy,name=Franklin Gothic Heavy Italic,style=plain,size=1], java.awt.Font[family=Franklin Gothic Book,name=Franklin Gothic Book Italic,style=plain,size=1], java.awt.Font[family=Franklin Gothic Book,name=Franklin Gothic Book,style=plain,size=1], java.awt.Font[family=Franklin Gothic Medium,name=Franklin Gothic Medium,style=plain,size=1], java.awt.Font[family=Franklin Gothic Demi,name=Franklin Gothic Demi,style=plain,size=1], java.awt.Font[family=Franklin Gothic Demi Cond,name=Franklin Gothic Demi Cond,style=plain,size=1], java.awt.Font[family=Franklin Gothic Demi,name=Franklin Gothic Demi Italic,style=plain,size=1], java.awt.Font[family=Franklin Gothic Heavy,name=Franklin Gothic Heavy,style=plain,size=1], java.awt.Font[family=Franklin Gothic Medium Cond,name=Franklin Gothic Medium Cond,style=plain,size=1]], 幼圆=[java.awt.Font[family=幼圆,name=幼圆,style=plain,size=1]], Chiller=[java.awt.Font[family=Chiller,name=Chiller,style=plain,size=1]], OCR A Extended=[java.awt.Font[family=OCR A Extended,name=OCR A Extended,style=plain,size=1]], 华文行楷=[java.awt.Font[family=华文行楷,name=华文行楷,style=plain,size=1]], Segoe=[java.awt.Font[family=Segoe UI,name=Segoe UI Bold,style=plain,size=1], java.awt.Font[family=Segoe UI,name=Segoe UI Italic,style=plain,size=1], java.awt.Font[family=Segoe UI Semibold,name=Segoe UI Semibold Italic,style=plain,size=1], java.awt.Font[family=Segoe UI Emoji,name=Segoe UI Emoji,style=plain,size=1], java.awt.Font[family=Segoe UI Historic,name=Segoe UI Historic,style=plain,size=1], java.awt.Font[family=Segoe Script,name=Segoe Script Bold,style=plain,size=1], java.awt.Font[family=Segoe UI,name=Segoe UI,style=plain,size=1], java.awt.Font[family=Segoe Fluent Icons,name=Segoe Fluent Icons,style=plain,size=1], java.awt.Font[family=Segoe Print,name=Segoe Print,style=plain,size=1], java.awt.Font[family=Segoe UI,name=Segoe UI Bold Italic,style=plain,size=1], java.awt.Font[family=Segoe UI Symbol,name=Segoe UI Symbol,style=plain,size=1], java.awt.Font[family=Segoe Print,name=Segoe Print Bold,style=plain,size=1], java.awt.Font[family=Segoe UI Light,name=Segoe UI Light,style=plain,size=1], java.awt.Font[family=Segoe UI Semilight,name=Segoe UI Semilight,style=plain,size=1], java.awt.Font[family=Segoe Script,name=Segoe Script,style=plain,size=1], java.awt.Font[family=Segoe UI Black,name=Segoe UI Black,style=plain,size=1], java.awt.Font[family=Segoe UI Variable,name=Segoe UI Variable,style=plain,size=1], java.awt.Font[family=Segoe UI Semibold,name=Segoe UI Semibold,style=plain,size=1], java.awt.Font[family=Segoe UI Black,name=Segoe UI Black Italic,style=plain,size=1], java.awt.Font[family=Segoe UI Semilight,name=Segoe UI Semilight Italic,style=plain,size=1], java.awt.Font[family=Segoe MDL2 Assets,name=Segoe MDL2 Assets,style=plain,size=1], java.awt.Font[family=Segoe UI Light,name=Segoe UI Light Italic,style=plain,size=1]], Sylfaen=[java.awt.Font[family=Sylfaen,name=Sylfaen,style=plain,size=1]], Blackadder ITC=[java.awt.Font[family=Blackadder ITC,name=Blackadder ITC,style=plain,size=1]], Ebrima=[java.awt.Font[family=Ebrima,name=Ebrima,style=plain,size=1], java.awt.Font[family=Ebrima,name=Ebrima Bold,style=plain,size=1]], 新細明體-ExtB=[java.awt.Font[family=新細明體-ExtB,name=PMingLiU-ExtB,style=plain,size=1]], Parchment=[java.awt.Font[family=Parchment,name=Parchment,style=plain,size=1]], Dialog.plain=[java.awt.Font[family=Dialog,name=Sitka Text Semibold Italic,style=plain,size=1]], Book=[java.awt.Font[family=Book Antiqua,name=Book Antiqua Bold,style=plain,size=1], java.awt.Font[family=Book Antiqua,name=Book Antiqua,style=plain,size=1], java.awt.Font[family=Book Antiqua,name=Book Antiqua Italic,style=plain,size=1], java.awt.Font[family=Book Antiqua,name=Book Antiqua Bold Italic,style=plain,size=1]], Mistral=[java.awt.Font[family=Mistral,name=Mistral,style=plain,size=1]], SansSerif.italic=[java.awt.Font[family=SansSerif,name=SansSerif.italic,style=plain,size=1]], Candara=[java.awt.Font[family=Candara Light,name=Candara Light,style=plain,size=1], java.awt.Font[family=Candara,name=Candara,style=plain,size=1], java.awt.Font[family=Candara,name=Candara Bold,style=plain,size=1], java.awt.Font[family=Candara,name=Candara Italic,style=plain,size=1], java.awt.Font[family=Candara Light,name=Candara Light Italic,style=plain,size=1], java.awt.Font[family=Candara,name=Candara Bold Italic,style=plain,size=1]], Microsoft=[java.awt.Font[family=Microsoft JhengHei UI Light,name=Microsoft JhengHei UI Light,style=plain,size=1], java.awt.Font[family=Microsoft New Tai Lue,name=Microsoft New Tai Lue,style=plain,size=1], java.awt.Font[family=Microsoft New Tai Lue,name=Microsoft New Tai Lue Bold,style=plain,size=1], java.awt.Font[family=Microsoft PhagsPa,name=Microsoft PhagsPa Bold,style=plain,size=1], java.awt.Font[family=Microsoft JhengHei UI,name=Microsoft JhengHei UI,style=plain,size=1], java.awt.Font[family=Microsoft Tai Le,name=Microsoft Tai Le,style=plain,size=1], java.awt.Font[family=Microsoft Sans Serif,name=Microsoft Sans Serif,style=plain,size=1], java.awt.Font[family=Microsoft YaHei UI,name=Microsoft Yahei UI,style=plain,size=1], java.awt.Font[family=Microsoft YaHei UI Light,name=Microsoft YaHei UI Light,style=plain,size=1], java.awt.Font[family=Microsoft Yi Baiti,name=Microsoft Yi Baiti,style=plain,size=1], java.awt.Font[family=Microsoft YaHei UI,name=Microsoft Yahei UI Bold,style=plain,size=1], java.awt.Font[family=Microsoft PhagsPa,name=Microsoft PhagsPa,style=plain,size=1], java.awt.Font[family=Microsoft Himalaya,name=Microsoft Himalaya,style=plain,size=1], java.awt.Font[family=Microsoft JhengHei UI,name=Microsoft JhengHei UI Bold,style=plain,size=1], java.awt.Font[family=Microsoft Tai Le,name=Microsoft Tai Le Bold,style=plain,size=1]], 細明體-ExtB=[java.awt.Font[family=細明體-ExtB,name=MingLiU-ExtB,style=plain,size=1]], Perpetua=[java.awt.Font[family=Perpetua Titling MT,name=Perpetua Titling MT Light,style=plain,size=1], java.awt.Font[family=Perpetua,name=Perpetua,style=plain,size=1], java.awt.Font[family=Perpetua,name=Perpetua Italic,style=plain,size=1], java.awt.Font[family=Perpetua Titling MT,name=Perpetua Titling MT Bold,style=plain,size=1], java.awt.Font[family=Perpetua,name=Perpetua Bold,style=plain,size=1], java.awt.Font[family=Perpetua,name=Perpetua Bold Italic,style=plain,size=1]], Brush Script MT Italic=[java.awt.Font[family=Brush Script MT,name=Brush Script MT Italic,style=plain,size=1]], 华文楷体=[java.awt.Font[family=华文楷体,name=华文楷体,style=plain,size=1]], Californian=[java.awt.Font[family=Californian FB,name=Californian FB Italic,style=plain,size=1], java.awt.Font[family=Californian FB,name=Californian FB,style=plain,size=1], java.awt.Font[family=Californian FB,name=Californian FB Bold,style=plain,size=1]], MV Boli=[java.awt.Font[family=MV Boli,name=MV Boli,style=plain,size=1]], Gill=[java.awt.Font[family=Gill Sans MT,name=Gill Sans MT Bold,style=plain,size=1], java.awt.Font[family=Gill Sans Ultra Bold,name=Gill Sans Ultra Bold,style=plain,size=1], java.awt.Font[family=Gill Sans MT,name=Gill Sans MT,style=plain,size=1], java.awt.Font[family=Gill Sans MT Ext Condensed Bold,name=Gill Sans MT Ext Condensed Bold,style=plain,size=1], java.awt.Font[family=Gill Sans Ultra Bold Condensed,name=Gill Sans Ultra Bold Condensed,style=plain,size=1], java.awt.Font[family=Gill Sans MT,name=Gill Sans MT Bold Italic,style=plain,size=1], java.awt.Font[family=Gill Sans MT Condensed,name=Gill Sans MT Condensed,style=plain,size=1], java.awt.Font[family=Gill Sans MT,name=Gill Sans MT Italic,style=plain,size=1]], 宋体=[java.awt.Font[family=宋体,name=宋体,style=plain,size=1]], Cooper Black=[java.awt.Font[family=Cooper Black,name=Cooper Black,style=plain,size=1]], Pristina=[java.awt.Font[family=Pristina,name=Pristina,style=plain,size=1]], Centaur=[java.awt.Font[family=Centaur,name=Centaur,style=plain,size=1]], Maiandra GD=[java.awt.Font[family=Maiandra GD,name=Maiandra GD,style=plain,size=1]], Informal Roman=[java.awt.Font[family=Informal Roman,name=Informal Roman,style=plain,size=1]], 方正舒体=[java.awt.Font[family=方正舒体,name=方正舒体,style=plain,size=1]], Rockwell=[java.awt.Font[family=Rockwell Condensed,name=Rockwell Condensed Bold,style=plain,size=1], java.awt.Font[family=Rockwell Extra Bold,name=Rockwell Extra Bold,style=plain,size=1], java.awt.Font[family=Rockwell,name=Rockwell Italic,style=plain,size=1], java.awt.Font[family=Rockwell,name=Rockwell Bold,style=plain,size=1], java.awt.Font[family=Rockwell,name=Rockwell Bold Italic,style=plain,size=1], java.awt.Font[family=Rockwell,name=Rockwell,style=plain,size=1], java.awt.Font[family=Rockwell Condensed,name=Rockwell Condensed,style=plain,size=1]], 华文新魏=[java.awt.Font[family=华文新魏,name=华文新魏,style=plain,size=1]], Old English Text MT=[java.awt.Font[family=Old English Text MT,name=Old English Text MT,style=plain,size=1]], Tempus Sans ITC=[java.awt.Font[family=Tempus Sans ITC,name=Tempus Sans ITC,style=plain,size=1]], Bernard MT Condensed=[java.awt.Font[family=Bernard MT Condensed,name=Bernard MT Condensed,style=plain,size=1]], Juice ITC=[java.awt.Font[family=Juice ITC,name=Juice ITC,style=plain,size=1]], Tahoma=[java.awt.Font[family=Tahoma,name=Tahoma Bold,style=plain,size=1], java.awt.Font[family=Tahoma,name=Tahoma,style=plain,size=1]], Ink Free=[java.awt.Font[family=Ink Free,name=Ink Free,style=plain,size=1]], Calisto=[java.awt.Font[family=Calisto MT,name=Calisto MT Bold,style=plain,size=1], java.awt.Font[family=Calisto MT,name=Calisto MT Bold Italic,style=plain,size=1], java.awt.Font[family=Calisto MT,name=Calisto MT,style=plain,size=1], java.awt.Font[family=Calisto MT,name=Calisto MT Italic,style=plain,size=1]], Noto=[java.awt.Font[family=Noto Sans SC,name=Noto Sans SC,style=plain,size=1], java.awt.Font[family=Noto Serif SC,name=Noto Serif SC,style=plain,size=1]], Georgia=[java.awt.Font[family=Georgia,name=Georgia Bold Italic,style=plain,size=1], java.awt.Font[family=Georgia,name=Georgia,style=plain,size=1], java.awt.Font[family=Georgia,name=Georgia Bold,style=plain,size=1], java.awt.Font[family=Georgia,name=Georgia Italic,style=plain,size=1]], Bell=[java.awt.Font[family=Bell MT,name=Bell MT Bold,style=plain,size=1], java.awt.Font[family=Bell MT,name=Bell MT,style=plain,size=1], java.awt.Font[family=Bell MT,name=Bell MT Italic,style=plain,size=1]], Leelawadee=[java.awt.Font[family=Leelawadee UI,name=Leelawadee UI,style=plain,size=1], java.awt.Font[family=Leelawadee UI Semilight,name=Leelawadee UI Semilight,style=plain,size=1], java.awt.Font[family=Leelawadee UI,name=Leelawadee UI Bold,style=plain,size=1]], Yu=[java.awt.Font[family=Yu Gothic,name=Yu Gothic Regular,style=plain,size=1], java.awt.Font[family=Yu Gothic UI Semilight,name=Yu Gothic UI Semilight,style=plain,size=1], java.awt.Font[family=Yu Gothic UI Semibold,name=Yu Gothic UI Semibold,style=plain,size=1], java.awt.Font[family=Yu Gothic Medium,name=Yu Gothic Medium,style=plain,size=1], java.awt.Font[family=Yu Gothic UI,name=Yu Gothic UI Bold,style=plain,size=1], java.awt.Font[family=Yu Gothic Light,name=Yu Gothic Light,style=plain,size=1], java.awt.Font[family=Yu Gothic UI,name=Yu Gothic UI Regular,style=plain,size=1], java.awt.Font[family=Yu Gothic UI Light,name=Yu Gothic UI Light,style=plain,size=1], java.awt.Font[family=Yu Gothic,name=Yu Gothic Bold,style=plain,size=1]], Felix Titling=[java.awt.Font[family=Felix Titling,name=Felix Titling,style=plain,size=1]], Rage Italic=[java.awt.Font[family=Rage Italic,name=Rage Italic,style=plain,size=1]], Serif.bold=[java.awt.Font[family=Serif,name=Serif.bolditalic,style=plain,size=1], java.awt.Font[family=Serif,name=Serif.bold,style=plain,size=1]], Magneto Bold=[java.awt.Font[family=Magneto,name=Magneto Bold,style=plain,size=1]], 华文仿宋=[java.awt.Font[family=华文仿宋,name=华文仿宋,style=plain,size=1]], 华文隶书=[java.awt.Font[family=华文隶书,name=华文隶书,style=plain,size=1]], Gigi=[java.awt.Font[family=Gigi,name=Gigi,style=plain,size=1]], 微软雅黑=[java.awt.Font[family=微软雅黑,name=微软雅黑 Bold,style=plain,size=1], java.awt.Font[family=微软雅黑,name=微软雅黑,style=plain,size=1], java.awt.Font[family=微软雅黑 Light,name=微软雅黑 Light,style=plain,size=1]], Harrington=[java.awt.Font[family=Harrington,name=Harrington,style=plain,size=1]], Poor Richard=[java.awt.Font[family=Poor Richard,name=Poor Richard,style=plain,size=1]], Nirmala=[java.awt.Font[family=Nirmala Text Semilight,name=Nirmala Text Semilight,style=plain,size=1], java.awt.Font[family=Nirmala Text,name=Nirmala Text Bold,style=plain,size=1], java.awt.Font[family=Nirmala UI,name=Nirmala UI Bold,style=plain,size=1], java.awt.Font[family=Nirmala Text,name=Nirmala Text,style=plain,size=1], java.awt.Font[family=Nirmala UI,name=Nirmala UI,style=plain,size=1], java.awt.Font[family=Nirmala UI Semilight,name=Nirmala UI Semilight,style=plain,size=1]], Dubai=[java.awt.Font[family=Dubai Light,name=Dubai Light,style=plain,size=1], java.awt.Font[family=Dubai,name=Dubai Bold,style=plain,size=1], java.awt.Font[family=Dubai Medium,name=Dubai Medium,style=plain,size=1], java.awt.Font[family=Dubai,name=Dubai Regular,style=plain,size=1]], Palatino=[java.awt.Font[family=Palatino Linotype,name=Palatino Linotype Bold Italic,style=plain,size=1], java.awt.Font[family=Palatino Linotype,name=Palatino Linotype Italic,style=plain,size=1], java.awt.Font[family=Palatino Linotype,name=Palatino Linotype Bold,style=plain,size=1], java.awt.Font[family=Palatino Linotype,name=Palatino Linotype,style=plain,size=1]], Edwardian Script ITC=[java.awt.Font[family=Edwardian Script ITC,name=Edwardian Script ITC,style=plain,size=1]], 新宋体=[java.awt.Font[family=新宋体,name=新宋体,style=plain,size=1]], Dialog.bold=[java.awt.Font[family=Dialog,name=Dialog.bold,style=plain,size=1], java.awt.Font[family=Dialog,name=Dialog.bolditalic,style=plain,size=1]], Constantia=[java.awt.Font[family=Constantia,name=Constantia Italic,style=plain,size=1], java.awt.Font[family=Constantia,name=Constantia,style=plain,size=1], java.awt.Font[family=Constantia,name=Constantia Bold Italic,style=plain,size=1], java.awt.Font[family=Constantia,name=Constantia Bold,style=plain,size=1]], Kristen ITC=[java.awt.Font[family=Kristen ITC,name=Kristen ITC,style=plain,size=1]], Calibri=[java.awt.Font[family=Calibri Light,name=Calibri Light Italic,style=plain,size=1], java.awt.Font[family=Calibri,name=Calibri Bold,style=plain,size=1], java.awt.Font[family=Calibri Light,name=Calibri Light,style=plain,size=1], java.awt.Font[family=Calibri,name=Calibri Bold Italic,style=plain,size=1], java.awt.Font[family=Calibri,name=Calibri,style=plain,size=1], java.awt.Font[family=Calibri,name=Calibri Italic,style=plain,size=1]], Matura MT Script Capitals=[java.awt.Font[family=Matura MT Script Capitals,name=Matura MT Script Capitals,style=plain,size=1]], Sitka=[java.awt.Font[family=Sitka Text,name=Sitka Text Italic,style=plain,size=1], java.awt.Font[family=Sitka Text,name=Sitka Text,style=plain,size=1]], Algerian=[java.awt.Font[family=Algerian,name=Algerian,style=plain,size=1]], Vivaldi Italic=[java.awt.Font[family=Vivaldi,name=Vivaldi Italic,style=plain,size=1]], Courier=[java.awt.Font[family=Courier New,name=Courier New,style=plain,size=1], java.awt.Font[family=Courier New,name=Courier New Bold Italic,style=plain,size=1], java.awt.Font[family=Courier New,name=Courier New Italic,style=plain,size=1], java.awt.Font[family=Courier New,name=Courier New Bold,style=plain,size=1]], Cambria=[java.awt.Font[family=Cambria,name=Cambria Bold Italic,style=plain,size=1], java.awt.Font[family=Cambria,name=Cambria Italic,style=plain,size=1], java.awt.Font[family=Cambria,name=Cambria,style=plain,size=1], java.awt.Font[family=Cambria,name=Cambria Bold,style=plain,size=1], java.awt.Font[family=Cambria Math,name=Cambria Math,style=plain,size=1]], 細明體_HKSCS-ExtB=[java.awt.Font[family=細明體_HKSCS-ExtB,name=MingLiU_HKSCS-ExtB,style=plain,size=1]], 隶书=[java.awt.Font[family=隶书,name=隶书,style=plain,size=1]], Palace Script MT=[java.awt.Font[family=Palace Script MT,name=Palace Script MT,style=plain,size=1]], 仿宋=[java.awt.Font[family=仿宋,name=仿宋,style=plain,size=1]], 华文彩云=[java.awt.Font[family=华文彩云,name=华文彩云,style=plain,size=1]], DialogInput.bold=[java.awt.Font[family=DialogInput,name=DialogInput.bolditalic,style=plain,size=1], java.awt.Font[family=DialogInput,name=DialogInput.bold,style=plain,size=1]], Century=[java.awt.Font[family=Century Gothic,name=Century Gothic Italic,style=plain,size=1], java.awt.Font[family=Century Schoolbook,name=Century Schoolbook Bold,style=plain,size=1], java.awt.Font[family=Century Schoolbook,name=Century Schoolbook,style=plain,size=1], java.awt.Font[family=Century Schoolbook,name=Century Schoolbook Bold Italic,style=plain,size=1], java.awt.Font[family=Century,name=Century,style=plain,size=1], java.awt.Font[family=Century Gothic,name=Century Gothic Bold Italic,style=plain,size=1], java.awt.Font[family=Century Schoolbook,name=Century Schoolbook Italic,style=plain,size=1], java.awt.Font[family=Century Gothic,name=Century Gothic,style=plain,size=1], java.awt.Font[family=Century Gothic,name=Century Gothic Bold,style=plain,size=1]], Freestyle Script=[java.awt.Font[family=Freestyle Script,name=Freestyle Script,style=plain,size=1]], Serif.plain=[java.awt.Font[family=Serif,name=Serif.plain,style=plain,size=1]], 細明體_MSCS-ExtB=[java.awt.Font[family=細明體_MSCS-ExtB,name=MingLiU_MSCS-ExtB,style=plain,size=1]], Script MT Bold=[java.awt.Font[family=Script MT Bold,name=Script MT Bold,style=plain,size=1]], Viner Hand ITC=[java.awt.Font[family=Viner Hand ITC,name=Viner Hand ITC,style=plain,size=1]], Onyx=[java.awt.Font[family=Onyx,name=Onyx,style=plain,size=1]], Haettenschweiler=[java.awt.Font[family=Haettenschweiler,name=Haettenschweiler,style=plain,size=1]], Myanmar=[java.awt.Font[family=Myanmar Text,name=Myanmar Text Bold,style=plain,size=1], java.awt.Font[family=Myanmar Text,name=Myanmar Text,style=plain,size=1]], Curlz MT=[java.awt.Font[family=Curlz MT,name=Curlz MT,style=plain,size=1]], Gadugi=[java.awt.Font[family=Gadugi,name=Gadugi,style=plain,size=1], java.awt.Font[family=Gadugi,name=Gadugi Bold,style=plain,size=1]], Trebuchet=[java.awt.Font[family=Trebuchet MS,name=Trebuchet MS Bold,style=plain,size=1], java.awt.Font[family=Trebuchet MS,name=Trebuchet MS,style=plain,size=1], java.awt.Font[family=Trebuchet MS,name=Trebuchet MS Bold Italic,style=plain,size=1], java.awt.Font[family=Trebuchet MS,name=Trebuchet MS Italic,style=plain,size=1]], Britannic Bold=[java.awt.Font[family=Britannic Bold,name=Britannic Bold,style=plain,size=1]], Gabriola=[java.awt.Font[family=Gabriola,name=Gabriola,style=plain,size=1]], Playbill=[java.awt.Font[family=Playbill,name=Playbill,style=plain,size=1]], 华文宋体=[java.awt.Font[family=华文宋体,name=华文宋体,style=plain,size=1]], Sans Serif Collection=[java.awt.Font[family=Sans Serif Collection,name=Sans Serif Collection,style=plain,size=1]], Serif.italic=[java.awt.Font[family=Serif,name=Serif.italic,style=plain,size=1]], SansSerif.bold=[java.awt.Font[family=SansSerif,name=SansSerif.bold,style=plain,size=1], java.awt.Font[family=SansSerif,name=SansSerif.bolditalic,style=plain,size=1]], French Script MT=[java.awt.Font[family=French Script MT,name=French Script MT,style=plain,size=1]], Bodoni=[java.awt.Font[family=Bodoni MT Poster Compressed,name=Bodoni MT Poster Compressed,style=plain,size=1], java.awt.Font[family=Bodoni MT,name=Bodoni MT Bold Italic,style=plain,size=1], java.awt.Font[family=Bodoni MT Condensed,name=Bodoni MT Condensed Italic,style=plain,size=1], java.awt.Font[family=Bodoni MT Condensed,name=Bodoni MT Condensed Bold,style=plain,size=1], java.awt.Font[family=Bodoni MT Black,name=Bodoni MT Black Italic,style=plain,size=1], java.awt.Font[family=Bodoni MT Black,name=Bodoni MT Black,style=plain,size=1], java.awt.Font[family=Bodoni MT Condensed,name=Bodoni MT Condensed,style=plain,size=1], java.awt.Font[family=Bodoni MT,name=Bodoni MT,style=plain,size=1], java.awt.Font[family=Bodoni MT,name=Bodoni MT Bold,style=plain,size=1], java.awt.Font[family=Bodoni MT Condensed,name=Bodoni MT Condensed Bold Italic,style=plain,size=1], java.awt.Font[family=Bodoni MT,name=Bodoni MT Italic,style=plain,size=1]], 等线=[java.awt.Font[family=等线,name=等线,style=plain,size=1], java.awt.Font[family=等线 Light,name=等线 Light,style=plain,size=1], java.awt.Font[family=等线,name=等线 Bold,style=plain,size=1]], Imprint MT Shadow=[java.awt.Font[family=Imprint MT Shadow,name=Imprint MT Shadow,style=plain,size=1]], Monospaced.plain=[java.awt.Font[family=Monospaced,name=Monospaced.plain,style=plain,size=1]], Copperplate=[java.awt.Font[family=Copperplate Gothic Bold,name=Copperplate Gothic Bold,style=plain,size=1], java.awt.Font[family=Copperplate Gothic Light,name=Copperplate Gothic Light,style=plain,size=1]], 华文琥珀=[java.awt.Font[family=华文琥珀,name=华文琥珀,style=plain,size=1]], Eras=[java.awt.Font[family=Eras Bold ITC,name=Eras Bold ITC,style=plain,size=1], java.awt.Font[family=Eras Demi ITC,name=Eras Demi ITC,style=plain,size=1], java.awt.Font[family=Eras Light ITC,name=Eras Light ITC,style=plain,size=1], java.awt.Font[family=Eras Medium ITC,name=Eras Medium ITC,style=plain,size=1]], Javanese Text=[java.awt.Font[family=Javanese Text,name=Javanese Text,style=plain,size=1]], Consolas=[java.awt.Font[family=Consolas,name=Consolas,style=plain,size=1], java.awt.Font[family=Consolas,name=Consolas Italic,style=plain,size=1], java.awt.Font[family=Consolas,name=Consolas Bold Italic,style=plain,size=1], java.awt.Font[family=Consolas,name=Consolas Bold,style=plain,size=1]], DialogInput.plain=[java.awt.Font[family=DialogInput,name=DialogInput.plain,style=plain,size=1]], Impact=[java.awt.Font[family=Impact,name=Impact,style=plain,size=1]], Monospaced.italic=[java.awt.Font[family=Monospaced,name=Monospaced.italic,style=plain,size=1]], Monotype Corsiva=[java.awt.Font[family=Monotype Corsiva,name=Monotype Corsiva,style=plain,size=1]], Bookman=[java.awt.Font[family=Bookman Old Style,name=Bookman Old Style Bold,style=plain,size=1], java.awt.Font[family=Bookman Old Style,name=Bookman Old Style Italic,style=plain,size=1], java.awt.Font[family=Bookman Old Style,name=Bookman Old Style Bold Italic,style=plain,size=1], java.awt.Font[family=Bookman Old Style,name=Bookman Old Style,style=plain,size=1]], Kunstler Script=[java.awt.Font[family=Kunstler Script,name=Kunstler Script,style=plain,size=1]], Tw=[java.awt.Font[family=Tw Cen MT,name=Tw Cen MT Italic,style=plain,size=1], java.awt.Font[family=Tw Cen MT,name=Tw Cen MT Bold,style=plain,size=1], java.awt.Font[family=Tw Cen MT,name=Tw Cen MT,style=plain,size=1], java.awt.Font[family=Tw Cen MT Condensed,name=Tw Cen MT Condensed,style=plain,size=1], java.awt.Font[family=Tw Cen MT Condensed Extra Bold,name=Tw Cen MT Condensed Extra Bold,style=plain,size=1], java.awt.Font[family=Tw Cen MT,name=Tw Cen MT Bold Italic,style=plain,size=1], java.awt.Font[family=Tw Cen MT Condensed,name=Tw Cen MT Condensed Bold,style=plain,size=1]], Berlin=[java.awt.Font[family=Berlin Sans FB,name=Berlin Sans FB Bold,style=plain,size=1], java.awt.Font[family=Berlin Sans FB Demi,name=Berlin Sans FB Demi Bold,style=plain,size=1], java.awt.Font[family=Berlin Sans FB,name=Berlin Sans FB,style=plain,size=1]], MS=[java.awt.Font[family=MS Gothic,name=MS Gothic,style=plain,size=1], java.awt.Font[family=MS Reference Specialty,name=MS Reference Specialty,style=plain,size=1], java.awt.Font[family=MS UI Gothic,name=MS UI Gothic,style=plain,size=1], java.awt.Font[family=MS PGothic,name=MS PGothic,style=plain,size=1], java.awt.Font[family=MS Reference Sans Serif,name=MS Reference Sans Serif,style=plain,size=1], java.awt.Font[family=MS Outlook,name=MS Outlook,style=plain,size=1]], Arial=[java.awt.Font[family=Arial,name=Arial Italic,style=plain,size=1], java.awt.Font[family=Arial Narrow,name=Arial Narrow Italic,style=plain,size=1], java.awt.Font[family=Arial Narrow,name=Arial Narrow,style=plain,size=1], java.awt.Font[family=Arial,name=Arial Bold,style=plain,size=1], java.awt.Font[family=Arial Rounded MT Bold,name=Arial Rounded MT Bold,style=plain,size=1], java.awt.Font[family=Arial Narrow,name=Arial Narrow Bold Italic,style=plain,size=1], java.awt.Font[family=Arial Black,name=Arial Black,style=plain,size=1], java.awt.Font[family=Arial,name=Arial Bold Italic,style=plain,size=1], java.awt.Font[family=Arial,name=Arial,style=plain,size=1], java.awt.Font[family=Arial Narrow,name=Arial Narrow Bold,style=plain,size=1]], Bradley Hand ITC=[java.awt.Font[family=Bradley Hand ITC,name=Bradley Hand ITC,style=plain,size=1]], Bookshelf Symbol 7=[java.awt.Font[family=Bookshelf Symbol 7,name=Bookshelf Symbol 7,style=plain,size=1]], Mongolian Baiti=[java.awt.Font[family=Mongolian Baiti,name=Mongolian Baiti,style=plain,size=1]], Papyrus=[java.awt.Font[family=Papyrus,name=Papyrus,style=plain,size=1]], 楷体=[java.awt.Font[family=楷体,name=楷体,style=plain,size=1]], 黑体=[java.awt.Font[family=黑体,name=黑体,style=plain,size=1]], SansSerif.plain=[java.awt.Font[family=SansSerif,name=SansSerif.plain,style=plain,size=1]], Niagara=[java.awt.Font[family=Niagara Engraved,name=Niagara Engraved,style=plain,size=1], java.awt.Font[family=Niagara Solid,name=Niagara Solid,style=plain,size=1]], Bauhaus 93=[java.awt.Font[family=Bauhaus 93,name=Bauhaus 93,style=plain,size=1]], Elephant=[java.awt.Font[family=Elephant,name=Elephant,style=plain,size=1], java.awt.Font[family=Elephant,name=Elephant Italic,style=plain,size=1]], Bahnschrift=[java.awt.Font[family=Bahnschrift,name=Bahnschrift,style=plain,size=1]], Wide Latin=[java.awt.Font[family=Wide Latin,name=Wide Latin,style=plain,size=1]], DialogInput.italic=[java.awt.Font[family=DialogInput,name=DialogInput.italic,style=plain,size=1]], Garamond=[java.awt.Font[family=Garamond,name=Garamond Bold,style=plain,size=1], java.awt.Font[family=Garamond,name=Garamond Italic,style=plain,size=1], java.awt.Font[family=Garamond,name=Garamond,style=plain,size=1]], Lucida=[java.awt.Font[family=Lucida Sans,name=Lucida Sans Italic,style=plain,size=1], java.awt.Font[family=Lucida Fax,name=Lucida Fax Regular,style=plain,size=1], java.awt.Font[family=Lucida Handwriting,name=Lucida Handwriting Italic,style=plain,size=1], java.awt.Font[family=Lucida Sans Typewriter,name=Lucida Sans Typewriter Bold Oblique,style=plain,size=1], java.awt.Font[family=Lucida Sans Typewriter,name=Lucida Sans Typewriter Oblique,style=plain,size=1], java.awt.Font[family=Lucida Sans Typewriter,name=Lucida Sans Typewriter Bold,style=plain,size=1], java.awt.Font[family=Lucida Sans,name=Lucida Sans Demibold Italic,style=plain,size=1], java.awt.Font[family=Lucida Sans Typewriter,name=Lucida Sans Typewriter Regular,style=plain,size=1], java.awt.Font[family=Lucida Bright,name=Lucida Bright Demibold Italic,style=plain,size=1], java.awt.Font[family=Lucida Console,name=Lucida Console,style=plain,size=1], java.awt.Font[family=Lucida Fax,name=Lucida Fax Demibold,style=plain,size=1], java.awt.Font[family=Lucida Sans Unicode,name=Lucida Sans Unicode,style=plain,size=1], java.awt.Font[family=Lucida Sans,name=Lucida Sans Regular,style=plain,size=1], java.awt.Font[family=Lucida Bright,name=Lucida Bright Italic,style=plain,size=1], java.awt.Font[family=Lucida Fax,name=Lucida Fax Demibold Italic,style=plain,size=1], java.awt.Font[family=Lucida Bright,name=Lucida Bright Demibold,style=plain,size=1], java.awt.Font[family=Lucida Sans,name=Lucida Sans Demibold Roman,style=plain,size=1], java.awt.Font[family=Lucida Bright,name=Lucida Bright,style=plain,size=1], java.awt.Font[family=Lucida Calligraphy,name=Lucida Calligraphy Italic,style=plain,size=1], java.awt.Font[family=Lucida Fax,name=Lucida Fax Italic,style=plain,size=1]], Corbel=[java.awt.Font[family=Corbel,name=Corbel Bold,style=plain,size=1], java.awt.Font[family=Corbel Light,name=Corbel Light,style=plain,size=1], java.awt.Font[family=Corbel,name=Corbel Italic,style=plain,size=1], java.awt.Font[family=Corbel Light,name=Corbel Light Italic,style=plain,size=1], java.awt.Font[family=Corbel,name=Corbel,style=plain,size=1], java.awt.Font[family=Corbel,name=Corbel Bold Italic,style=plain,size=1]], Stencil=[java.awt.Font[family=Stencil,name=Stencil,style=plain,size=1]], Symbol=[java.awt.Font[family=Symbol,name=Symbol,style=plain,size=1]], Webdings=[java.awt.Font[family=Webdings,name=Webdings,style=plain,size=1]], Broadway=[java.awt.Font[family=Broadway,name=Broadway,style=plain,size=1]], Marlett=[java.awt.Font[family=Marlett,name=Marlett,style=plain,size=1]], Vladimir Script=[java.awt.Font[family=Vladimir Script,name=Vladimir Script,style=plain,size=1]], Castellar=[java.awt.Font[family=Castellar,name=Castellar,style=plain,size=1]], Baskerville Old Face=[java.awt.Font[family=Baskerville Old Face,name=Baskerville Old Face,style=plain,size=1]], 微軟正黑體=[java.awt.Font[family=微軟正黑體,name=Microsoft JhengHei,style=plain,size=1], java.awt.Font[family=微軟正黑體 Light,name=Microsoft JhengHei Light,style=plain,size=1], java.awt.Font[family=微軟正黑體,name=Microsoft JhengHei Bold,style=plain,size=1]], MT Extra=[java.awt.Font[family=MT Extra,name=MT Extra,style=plain,size=1]], Ravie=[java.awt.Font[family=Ravie,name=Ravie,style=plain,size=1]], 华文中宋=[java.awt.Font[family=华文中宋,name=华文中宋,style=plain,size=1]], Forte=[java.awt.Font[family=Forte,name=Forte,style=plain,size=1]], Gloucester MT Extra Condensed=[java.awt.Font[family=Gloucester MT Extra Condensed,name=Gloucester MT Extra Condensed,style=plain,size=1]], Verdana=[java.awt.Font[family=Verdana,name=Verdana,style=plain,size=1], java.awt.Font[family=Verdana,name=Verdana Bold,style=plain,size=1], java.awt.Font[family=Verdana,name=Verdana Bold Italic,style=plain,size=1], java.awt.Font[family=Verdana,name=Verdana Italic,style=plain,size=1]], 方正姚体=[java.awt.Font[family=方正姚体,name=方正姚体,style=plain,size=1]], Dialog.italic=[java.awt.Font[family=Dialog,name=Dialog.italic,style=plain,size=1]], Goudy=[java.awt.Font[family=Goudy Stout,name=Goudy Stout,style=plain,size=1], java.awt.Font[family=Goudy Old Style,name=Goudy Old Style Italic,style=plain,size=1], java.awt.Font[family=Goudy Old Style,name=Goudy Old Style Bold,style=plain,size=1]], Modern No. 20=[java.awt.Font[family=Modern No. 20,name=Modern No. 20,style=plain,size=1]], Comic=[java.awt.Font[family=Comic Sans MS,name=Comic Sans MS Bold Italic,style=plain,size=1], java.awt.Font[family=Comic Sans MS,name=Comic Sans MS Bold,style=plain,size=1], java.awt.Font[family=Comic Sans MS,name=Comic Sans MS Italic,style=plain,size=1], java.awt.Font[family=Comic Sans MS,name=Comic Sans MS,style=plain,size=1]], High=[java.awt.Font[family=High Tower Text,name=High Tower Text Italic,style=plain,size=1], java.awt.Font[family=High Tower Text,name=High Tower Text,style=plain,size=1]], Harlow Solid Italic=[java.awt.Font[family=Harlow Solid Italic,name=Harlow Solid Italic,style=plain,size=1]], Jokerman=[java.awt.Font[family=Jokerman,name=Jokerman,style=plain,size=1]], Agency=[java.awt.Font[family=Agency FB,name=Agency FB,style=plain,size=1], java.awt.Font[family=Agency FB,name=Agency FB Bold,style=plain,size=1]], Malgun=[java.awt.Font[family=Malgun Gothic,name=Malgun Gothic,style=plain,size=1], java.awt.Font[family=Malgun Gothic,name=Malgun Gothic Bold,style=plain,size=1], java.awt.Font[family=Malgun Gothic Semilight,name=Malgun Gothic Semilight,style=plain,size=1]], Footlight MT Light=[java.awt.Font[family=Footlight MT Light,name=Footlight MT Light,style=plain,size=1]], Wingdings=[java.awt.Font[family=Wingdings 2,name=Wingdings 2,style=plain,size=1], java.awt.Font[family=Wingdings,name=Wingdings,style=plain,size=1]], SimSun-ExtG=[java.awt.Font[family=SimSun-ExtG,name=SimSun-ExtG,style=plain,size=1]], Snap ITC=[java.awt.Font[family=Snap ITC,name=Snap ITC,style=plain,size=1]], 华文细黑=[java.awt.Font[family=华文细黑,name=华文细黑,style=plain,size=1]], Colonna MT=[java.awt.Font[family=Colonna MT,name=Colonna MT,style=plain,size=1]], Times=[java.awt.Font[family=Times New Roman,name=Times New Roman Italic,style=plain,size=1], java.awt.Font[family=Times New Roman,name=Times New Roman,style=plain,size=1], java.awt.Font[family=Times New Roman,name=Times New Roman Bold,style=plain,size=1], java.awt.Font[family=Times New Roman,name=Times New Roman Bold Italic,style=plain,size=1]], Engravers MT=[java.awt.Font[family=Engravers MT,name=Engravers MT,style=plain,size=1]], Monospaced.bold=[java.awt.Font[family=Monospaced,name=Monospaced.bolditalic,style=plain,size=1], java.awt.Font[family=Monospaced,name=Monospaced.bold,style=plain,size=1]], Showcard Gothic=[java.awt.Font[family=Showcard Gothic,name=Showcard Gothic,style=plain,size=1]]}
[19:25:13] [modloading-worker-0/INFO]: 0 Datafixer optimizations took 0 milliseconds
[19:25:13] [modloading-worker-0/INFO]: Ciallo～(∠・ω< )⌒★
[19:25:13] [modloading-worker-0/INFO]: let's 0721
[19:25:13] [modloading-worker-0/INFO]: Yuushya has been loaded successfully!
[19:25:13] [modloading-worker-0/INFO]: Registering anvilcraft-client.toml for anvilcraft
[19:25:13] [modloading-worker-0/INFO]: Registering anvilcraft-server.toml for anvilcraft
[19:25:13] [modloading-worker-0/INFO]: Registering voidinair-server.toml for voidinair
[19:25:13] [modloading-worker-0/INFO]: common default pack init finished, cost time: 1406.38 ms
[19:25:15] [modloading-sync-worker/INFO]: SYNC_ENTRY_REGISTRY Size: 3
[19:25:18] [modloading-sync-worker/WARN]: Configuration file D:\new\.minecraft\versions\TeaCon-v6.1.4\config\damagenexus-common.toml is not correct. Correcting
[19:25:18] [modloading-sync-worker/INFO]: [DamageNexus] Config baked: debugMode=false, testCommands=false, postDamageDiagnostics=false, strictProcessorErrors=false, strictRuleErrors=false, vanillaReductionMode=FULL_REPLACEMENT, ArmorK=15.0, ResK=50.0, ProtScoreRatio=3.5
[19:25:18] [modloading-sync-worker/WARN]: Configuration file D:\new\.minecraft\versions\TeaCon-v6.1.4\config\dh_s_veinminer-common.toml is not correct. Correcting
[19:25:18] [main/INFO]: Completely ignored arguments: [--userType, msa]
[19:25:18] [Render thread/INFO]: Environment: Environment[sessionHost=https://sessionserver.mojang.com, servicesHost=https://api.minecraftservices.com, profilesHost=https://api.mojang.com, name=PROD]
[19:25:18] [Render thread/INFO]: Setting user: yhz_cake
[19:25:18] [Render thread/INFO]: Backend library: LWJGL version 3.4.1+2
[19:25:18] [Render thread/WARN]: @Final field LOGGER:Lorg/slf4j/Logger; in xklibmc.mixins.json:MixinWindow from mod xklibmc should be final
[19:25:19] [Render thread/INFO]: Intel GPU detected, disabling DSA
[19:25:19] [Render thread/INFO]: Use KHR_blend_equation_advanced_coherent
[19:25:19] [Render thread/INFO]: OpenGL vendor: Intel
[19:25:19] [Render thread/INFO]: OpenGL renderer: Intel(R) Arc(TM) 140T GPU (16GB)
[19:25:19] [Render thread/INFO]: OpenGL version: 3.3.0 - Build 32.0.101.7026
[19:25:19] [Render thread/INFO]: OpenGL caps: 
AnisotropySupport: true
GpuTracingSupport: false
ConservativeRasterSupport: false
TextureBarrierSupport: true
DepthClipNegativeOneToOne: true
BlendEquationSupport: ADVANCED_COHERENT
ClampToBorderSupport: true
MaxRenderTargetSize: 16384
MaxPreferredRenderTargetSize: 16384
MaxVertexAttributes: 16
MaxVertexBindings: 8
MaxTextureSize: 16384
MaxPushConstantsSize: 0
MaxColorAttachments: 8
MinUniformBufferOffsetAlignment: 16
MinStorageBufferOffsetAlignment: 4
ShaderCaps:
	TargetAPI: OPENGL_3_3
	GLSLVersion: GLSL_330
	SPIRVVersion: null
	FMASupport: true
	DualSourceBlendingSupport: true
	PreferFlatInterpolation: true
	VertexIDSupport: true
	InfinitySupport: true
	NonConstantArrayIndexSupport: true
	BitManipulationSupport: true
	NoPerspectiveInterpolationSupport: true
	ReducedShaderMode: false
	TextureQueryLod: false
	UniformBindingSupport: true
	VaryingLocationSupport: true
	UseBlockMemberOffset: false
	UsePrecisionModifiers: false
	RequiresLocalOutputColorForFBFetch: false
	MustObfuscateUniformColor: false
	MustWriteToFragColor: false
	ColorSpaceMathNeedsFloat: false
	AvoidDfDxForGradientsWhenPossible: false
	SecondaryOutputExtension: null
	AdvBlendEqInteraction: 2
	MaxFragmentSamplers: 32
Vendor: INTEL
Driver: INTEL
MaxFragmentUniformVectors: 1024
MaxTextureMaxAnisotropy: 16.0
SupportsProtected: false
SkipErrorChecks: false
MaxLabelLength: 256
DebugSupport: true
BufferStorageSupport: true
DrawElementsBaseVertexSupport: true
BaseInstanceSupport: true
DSASupport: false
InvalidateBufferType: 2
InvalidateFramebufferSupport: true
ShaderBinarySupport: true
UseStagingBuffers: false
MustHaveFragmentShader: false
VertexAttribBindingSupport: true
CopyImageSupport: true
SPIRVSupport: false
ViewCompatibilityClassSupport: true
TexStorageSupport: true
ProgramBinarySupport: true
ProgramBinaryFormats: [1, 101]
GLSLVersion: 330
ColorTypeToFormat:
	UNKNOWN=>Unsupported
	R_8=>R8
	RG_88=>RG8
	RGBA_8888=>RGBA8
	R_16=>R16
	RG_1616=>RG16
	RGBA_16161616=>RBGA16
	R_F16=>R16F
	RG_F16=>RG16F
	RGBA_F16=>RGBA16F
	R_F32=>Unsupported
	RG_F32=>Unsupported
	RGBA_F32=>Unsupported
	ALPHA_8=>R8
	ALPHA_16=>R16
	ALPHA_F16=>R16F
	GRAY_8=>R8
	GRAY_16=>R16
	GRAY_ALPHA_88=>RG8
	GRAY_ALPHA_1616=>RG16
	BGRA_8888=>BGRA8
	BGR_565=>B5_G6_R5
	BGRA_5551=>BGR5_A1
	RGBA_1010102=>RGB10_A2
	BGRA_1010102=>BGR10_A2
	RGBE_9995=>Unsupported
	RGB_888=>RGB8
	RGB_161616=>RGB16
	RGBX_8888=>RGBA8
CompressionTypeToBackendFormat: [null, {mBackend=OpenGL, mFormat=ETC2}, {mBackend=OpenGL, mFormat=RGB8_BC1}, {mBackend=OpenGL, mFormat=RGBA8_BC1}]

[19:25:19] [Render thread/INFO]: Created MuiForgeAPI
[19:25:19] [Render thread/INFO]: UI manager initialized
[19:25:19] [Render thread/INFO]: UI renderer initialized
[19:25:19] [Render thread/INFO]: Using optional rendering extensions: GL_ARB_buffer_storage, GL_KHR_debug, GL_ARB_vertex_attrib_binding, GL_ARB_direct_state_access, GL_EXT_texture_filter_anisotropic
[19:25:19] [UI thread/INFO]: UI thread initialized in 230ms
[19:25:19] [Render thread/WARN]: Error reading optional pack metadata for mod/minopp, attempting fallback type
com.google.gson.JsonParseException: Pack declares support for version newer than 64, but is missing mandatory fields min_format and max_format
	at com.mojang.serialization.DataResult$Error.getOrThrow(DataResult.java:287)
	at TRANSFORMER/minecraft@26.1.2/net.minecraft.server.packs.resources.ResourceMetadata$2.getSection(ResourceMetadata.java:39)
	at TRANSFORMER/minecraft@26.1.2/net.minecraft.server.packs.AbstractPackResources.getMetadataSection(AbstractPackResources.java:24)
	at TRANSFORMER/neoforge@26.1.2.75/net.neoforged.neoforge.resource.ResourcePackLoader.readMeta(ResourcePackLoader.java:202)
	at TRANSFORMER/neoforge@26.1.2.75/net.neoforged.neoforge.resource.ResourcePackLoader.readWithOptionalMeta(ResourcePackLoader.java:193)
	at TRANSFORMER/neoforge@26.1.2.75/net.neoforged.neoforge.resource.ResourcePackLoader.packFinder(ResourcePackLoader.java:134)
	at TRANSFORMER/neoforge@26.1.2.75/net.neoforged.neoforge.resource.ResourcePackLoader.lambda$buildPackFinder$0(ResourcePackLoader.java:97)
	at TRANSFORMER/minecraft@26.1.2/net.minecraft.server.packs.repository.PackRepository.discoverAvailable(PackRepository.java:45)
	at TRANSFORMER/minecraft@26.1.2/net.minecraft.server.packs.repository.PackRepository.reload(PackRepository.java:35)
	at TRANSFORMER/minecraft@26.1.2/net.minecraft.client.Minecraft.<init>(Minecraft.java:532)
	at TRANSFORMER/minecraft@26.1.2/net.minecraft.client.main.Main.main(Main.java:231)
	at net.neoforged.fml.startup.Client.main(Client.java:19)
	at java.base/jdk.internal.reflect.DirectMethodHandleAccessor.invoke(DirectMethodHandleAccessor.java:104)
	at java.base/java.lang.reflect.Method.invoke(Method.java:565)
	at io.github.zekerzhayard.forgewrapper.installer.Main.main(Main.java:67)
	at java.base/jdk.internal.reflect.DirectMethodHandleAccessor.invoke(DirectMethodHandleAccessor.java:104)
	at java.base/java.lang.reflect.Method.invoke(Method.java:565)
	at org.jackhuang.hmcl.HMCLMultiMCBootstrap.launch(HMCLMultiMCBootstrap.java:80)
	at org.jackhuang.hmcl.HMCLMultiMCBootstrap.launchV1(HMCLMultiMCBootstrap.java:54)
	at org.jackhuang.hmcl.HMCLMultiMCBootstrap.main(HMCLMultiMCBootstrap.java:46)
[19:25:20] [Render thread/INFO]: ######## LAYERS REGISTERED ########
[19:25:20] [Render thread/INFO]: Registered SDF_TEXT pipeline: anvillib_font:sdf_text
[19:25:20] [modloading-worker-0/INFO]: HELLO FROM COMMON SETUP
[19:25:20] [modloading-worker-0/INFO]: WelCome to the world of MadParticle!
[19:25:20] [modloading-worker-0/INFO]: DIRT BLOCK >> minecraft:dirt
[19:25:20] [modloading-worker-0/INFO]: The magic number is... 42
[19:25:20] [modloading-worker-0/INFO]: ITEM >> minecraft:iron_ingot
[19:25:20] [modloading-worker-0/INFO]: Lend & Regret common setup complete
[19:25:20] [modloading-worker-0/INFO]: HELLO FROM COMMON SETUP
[19:25:20] [modloading-worker-0/INFO]: Welcome aboard the USS Vancouver!
[19:25:20] [modloading-worker-0/INFO]: HELLO FROM COMMON SETUP
[19:25:20] [modloading-worker-0/INFO]: HELLO FROM COMMON SETUP
[19:25:20] [modloading-worker-0/INFO]: DIRT BLOCK >> minecraft:dirt
[19:25:20] [modloading-worker-0/INFO]: The magic number is... 42
[19:25:20] [modloading-worker-0/INFO]: Version 10.8.0 initializing...
[19:25:20] [modloading-worker-0/INFO]: ITEM >> minecraft:iron_ingot
[19:25:20] [modloading-worker-0/INFO]: HELLO FROM COMMON SETUP
[19:25:20] [modloading-worker-0/INFO]: 连锁挖矿模组已加载!
[19:25:20] [modloading-worker-0/INFO]: Initialized HolidayManager.
[19:25:20] [NeoForge Version Check/INFO]: Global NeoForge version check system disabled, no further processing.
[19:25:20] [modloading-worker-0/INFO]: Fake player readout: UUID = 46e82cd0-d480-3d48-800a-77431ede078e, name = [Mekanism]
[19:25:20] [modloading-worker-0/INFO]: Mod loaded.
[19:25:20] [modloading-worker-0/INFO]: Version 2.0.0 initializing...
[19:25:20] [modloading-worker-0/INFO]: Loaded 'Mekanism: Tools' module.
[19:25:20] [modloading-worker-0/INFO]: Loaded 'Mekanism: Additions' module.
[19:25:20] [modloading-worker-0/INFO]: Loaded 'Mekanism: Generators' module.
[19:25:20] [modloading-sync-worker/INFO]: [DamageNexus] Config baked: debugMode=false, testCommands=false, postDamageDiagnostics=false, strictProcessorErrors=false, strictRuleErrors=false, vanillaReductionMode=FULL_REPLACEMENT, ArmorK=15.0, ResK=50.0, ProtScoreRatio=3.5
[19:25:20] [modloading-sync-worker/INFO]: [DamageNexus] Startup self-check passed.
[19:25:20] [modloading-sync-worker/INFO]: [DamageNexus] debugMode=false, testCommands=false
[19:25:20] [modloading-sync-worker/INFO]: [DamageNexus] Damage processor registry frozen with 17 pre-multiplier bucket slots.
[19:25:21] [modloading-worker-0/INFO]: Lend & Regret client setup
[19:25:21] [modloading-worker-0/INFO]: Player: yhz_cake
[19:25:21] [modloading-worker-0/INFO]: HELLO FROM CLIENT SETUP
[19:25:21] [modloading-worker-0/INFO]: HELLO FROM CLIENT SETUP
[19:25:21] [modloading-worker-0/INFO]: MINECRAFT NAME >> yhz_cake
[19:25:21] [modloading-worker-0/INFO]: MINECRAFT NAME >> yhz_cake
[19:25:21] [modloading-worker-0/INFO]: Beecracy has landed(Not a typo).
[19:25:21] [modloading-worker-0/INFO]: HELLO FROM CLIENT SETUP
[19:25:21] [modloading-worker-0/INFO]: MINECRAFT NAME >> yhz_cake
[19:25:21] [modloading-worker-0/INFO]: HELLO FROM CLIENT SETUP
[19:25:21] [modloading-worker-0/INFO]: MINECRAFT NAME >> yhz_cake
[19:25:21] [modloading-worker-0/INFO]: Loaded modern text engine
[19:25:21] [modloading-worker-0/INFO]: Initializing Distant Horizons client, firing DhApiBeforeDhInitEvent...
[19:25:21] [modloading-worker-0/INFO]: Running library validation...
[19:25:21] [modloading-worker-0/INFO]: Distant Horizons, Version: 3.0.3-b
[19:25:21] [modloading-worker-0/INFO]: Skipping mod compatibility accessor for: [optifine]
[19:25:21] [modloading-worker-0/INFO]: Skipping mod compatibility accessor for: [c2me]
[19:25:21] [modloading-worker-0/INFO]: Skipping mod compatibility accessor for: [iris]
[19:25:21] [modloading-worker-0/INFO]: Initialising config for [DistantHorizons]
[19:25:21] [modloading-worker-0/INFO]: [DistantHorizons] Config initialised
[19:25:21] [modloading-worker-0/INFO]: Dimension ignoring disabled, DH will render all dimensions.
[19:25:21] [modloading-worker-0/INFO]: Applying config to loggers
[19:25:21] [modloading-worker-0/INFO]: Garbage collectors: [G1 Young Generation, G1 Concurrent GC, G1 Old Generation]
[19:25:21] [modloading-worker-0/WARN]: Distant Horizons: G1 Garbage collector detected.
This can cause FPS stuttering. 
It's recommended to use a concurrent garbage collector 
like ZGC (Java 21+) or Shenandoah (Java 8 through 17) 
for a smoother experience.
[19:25:21] [modloading-worker-0/INFO]: Distant Horizons client Initialized.
[19:25:21] [modloading-worker-0/INFO]: Running Delayed setup...
[19:25:21] [modloading-worker-0/INFO]: Delayed setup complete, firing DhApiAfterDhInitEvent event...
[19:25:21] [DH-PostClientInit Thread/INFO]: Setting DH Rendering API to: [BLAZE_3D].
[19:25:21] [modloading-sync-worker/INFO]: Start loading plugin from AnvilCraft: NekoPLUS!: icu.takeneko.nekoplus.integration.jade.NPJadeAddon
[19:25:21] [modloading-sync-worker/INFO]: Start loading plugin from Kaleidoscope Tavern: com.github.ysbbbbbb.kaleidoscopetavern.compat.jade.ModPlugin
[19:25:21] [modloading-sync-worker/INFO]: Start loading plugin from Touhou Little Maid: com.github.tartaricacid.touhoulittlemaid.compat.jade.JadePlugin
[19:25:21] [modloading-sync-worker/INFO]: Start loading plugin from Shadows And Petals: com.sshakusora.shadowsandpetals.compat.jade.ShadowsAndPetalsJadePlugin
[19:25:21] [modloading-sync-worker/INFO]: Start loading plugin from Mekanism: mekanism.common.integration.lookingat.jade.MekanismJadePlugin
[19:25:21] [modloading-sync-worker/INFO]: Start loading plugin from AnvilCraft-PigsPlus: dev.anvilcraft.pigsplus.integration.jade.AddonJadePlugin
[19:25:21] [modloading-sync-worker/INFO]: Start loading plugin from AnvilCraft: dev.dubhe.anvilcraft.integration.jade.AnvilCraftJadePlugin
[19:25:21] [modloading-sync-worker/INFO]: Start loading plugin from Jade: snownee.jade.addon.access.AccessibilityPlugin
[19:25:21] [modloading-sync-worker/INFO]: Start loading plugin from Jade: snownee.jade.addon.core.CorePlugin
[19:25:21] [modloading-sync-worker/INFO]: Start loading plugin from Jade: snownee.jade.addon.debug.DebugPlugin
[19:25:21] [modloading-sync-worker/INFO]: Start loading plugin from Jade: snownee.jade.addon.universal.UniversalPlugin
[19:25:21] [modloading-sync-worker/INFO]: Start loading plugin from Jade: snownee.jade.addon.vanilla.VanillaPlugin
[19:25:21] [modloading-sync-worker/INFO]: Start loading plugin from maid storage manager: studio.fantasyit.maid_storage_manager.integration.jade.JadePlugin
[19:25:21] [modloading-sync-worker/INFO]: Considering network package dev.anvilcraft.ping.network.payload
[19:25:21] [modloading-sync-worker/INFO]: Considering network package dev.anvilcraft.resource.anisum.network.pyload
[19:25:21] [modloading-sync-worker/INFO]: Considering network package net.quepierts.thatskyinteractions.feature.animation.packet
[19:25:21] [modloading-sync-worker/INFO]: Considering network package net.quepierts.thatskyinteractions.feature.control.packet
[19:25:21] [modloading-sync-worker/INFO]: Considering network package net.quepierts.thatskyinteractions.feature.data.packet
[19:25:21] [modloading-sync-worker/INFO]: Considering network package net.quepierts.thatskyinteractions.feature.friendship.packet
[19:25:21] [modloading-sync-worker/INFO]: Considering network package net.quepierts.thatskyinteractions.feature.gui.packet
[19:25:21] [modloading-sync-worker/INFO]: Considering network package net.quepierts.thatskyinteractions.feature.interaction.packet
[19:25:21] [modloading-sync-worker/INFO]: Registered related network packages (version 5)
[19:25:22] [modloading-sync-worker/INFO]: Considering network package dev.anvilcraft.lib.v2.multiblock.network
[19:25:22] [modloading-sync-worker/INFO]: Considering network package dev.anvilcraft.lib.v2.space_select.network.payload
[19:25:22] [modloading-sync-worker/INFO]: Considering network package dev.anvilcraft.lib.v2.sync.network.payload
[19:25:22] [modloading-sync-worker/INFO]: Considering network package dev.anvilcraft.pigsplus.network
[19:25:22] [modloading-sync-worker/INFO]: Considering network package dev.dubhe.anvilcraft.network
[19:25:22] [TLM Downloader 0/INFO]: The download info file was successfully updated and loaded
[19:25:22] [modloading-sync-worker/INFO]: Considering network package dev.dubhe.anvilcraft.network.multiple
[19:25:22] [modloading-sync-worker/INFO]: Considering network package dev.dubhe.anvilcraft.network.split
[19:25:22] [modloading-sync-worker/INFO]: Considering network package com.essentialism.network
[19:25:22] [Render thread/INFO]: Reloading ResourceManager: vanilla, mod_resources, mod/drglaserpointer, mod/channel, mod/nekoplus, mod/aleeve_atlas, mod/geckolib, mod/beyond, mod/tetrachordlib, mod/minecartrevolution, mod/harvestheritage, mod/middle_key_ping, mod/anvillib_config, mod/netmusic, mod/kaleidoscope_tavern, mod/hotbaaaar, mod/madparticle, mod/neoforge, mod/swaying_garden, mod/inkraft, mod/ageratum, mod/programmable_magic, mod/simple_path_finder, mod/bonded_peaks, mod/damagenexus, mod/anvillib_collision, mod/anisum, mod/magic_io, mod/lendandregret, mod/colorful_crystals, mod/golemdungeons, mod/carryon, mod/cartridge, mod/ashihara, mod/anvillib_util, mod/thatskyinteractions, mod/l2damagetracker, mod/slide_show, mod/ldlib2, mod/displaydoll, mod/yuushya_modelling, mod/anvillib_integration, mod/womm, mod/spark, mod/sip_moment, mod/touhou_little_maid, mod/curios, mod/link_portals, mod/industrybase, mod/terraria_boulders, mod/worldcomment, mod/anvillib_registrum, mod/oneblock, mod/yuushya, mod/architectury, mod/xklibmc, mod/conditional_mixin, mod/extra_interaction, mod/chromeball, mod/powertool, mod/t88, mod/shadowsandpetals, mod/anvillib_recipe, mod/l2menustacker, mod/skywarddive, mod/anvillib_multiblock, mod/beecrasy, mod/chatbox, mod/caupona, mod/letter_signal_phone, mod/nebw, mod/shengpi, mod/x3d_map, mod/l2tabs, mod/shakenstir, mod/anvillib_moveable_entity_block, mod/jei, mod/phone_generator, mod/let_me_see_see, mod/mekanism, mod/mekanismgenerators, mod/mekanismadditions, mod/mekanismtools, mod/dh_s_veinminer, mod/anvillib_space_select, mod/mekmm, mod/anvillib_network, mod/anvillib_sync, mod/aaa_particles, mod/anvillib_rendering, mod/toad_sync, mod/time_capsule, mod/nestle, mod/anvillib, mod/anvilcraft_pigsplus, mod/distanthorizons, mod/anvillib_codec, mod/luckperms, mod/bakeries, mod/lanfasie_benderson, mod/superpipeslide, mod/anvilcraft, mod/trading_table, mod/guide_me_to, mod/net_music_can_play_bili, mod/super_lead, mod/jade, mod/voidinair, mod/modulargolems, mod/olru, mod/kotlinforforge, mod/ether_craft, mod/advanced_clover, mod/l2core, mod/wenyan_programming, mod/cloth_config, mod/maid_storage_manager, mod/resin_gun, mod/bsf3lite, mod/anvillib_font, mod/mob_weapon_api, mod/aaa_particles_world, mod/minopp, mod/continuity, mod/yet_another_config_lib_v3, mod/anvillib_wheel, mod/modernui, mod/essentialism, mod/l2itemselector, mod/transmutatoria, mod/minecartrevolution:resourcepacks/minecartrevolution_3d_minecart, toad_sync/assets.override.zip, ldlib2
[19:25:22] [Worker-Main-7/WARN]: File terra_entity:sounds/soul_death.ogg does not exist, cannot add it to event terraria_boulders:soul_death
[19:25:22] [Worker-Main-2/INFO]: Scanned emoji shortcodes: 6923
[19:25:23] [Worker-Main-7/INFO]: Scanned emoji map size: 3581
[19:25:23] [Worker-Main-9/WARN]: Unused frames in sprite mekanism:item/alloy_atomic: [0, 1, 2, 3, 4, 5, 6, 7, 8, 9]
[19:25:23] [Worker-Main-9/WARN]: Unused frames in sprite mekanism:item/enriched_refined_obsidian: [0, 1]
[19:25:23] [Worker-Main-13/INFO]: Loading bedrock model file: touhou_little_maid:models/bedrock/block/shrine.json
[19:25:23] [Worker-Main-14/INFO]: Loading bedrock model file: touhou_little_maid:models/bedrock/entity/tombstone.json
[19:25:23] [Worker-Main-14/INFO]: Loading bedrock model file: touhou_little_maid:models/bedrock/entity/cake_box.json
[19:25:23] [Worker-Main-13/INFO]: Loading bedrock model file: touhou_little_maid:models/bedrock/block/altar.json
[19:25:23] [Worker-Main-14/INFO]: Loading bedrock model file: touhou_little_maid:models/bedrock/entity/backpack/middle_backpack.json
[19:25:23] [Worker-Main-14/INFO]: Loading bedrock model file: touhou_little_maid:models/bedrock/entity/new_maid_fairy.json
[19:25:23] [Worker-Main-14/INFO]: Loading bedrock model file: touhou_little_maid:models/bedrock/entity/backpack/big_backpack.json
[19:25:23] [Worker-Main-14/INFO]: Loading bedrock model file: touhou_little_maid:models/bedrock/entity/maid_fairy.json
[19:25:23] [ForkJoinPool.commonPool-worker-5/INFO]: Redirect registered font 'mui-i18n-compat' to 'modernui:mui-i18n-compat'
[19:25:23] [ForkJoinPool.commonPool-worker-5/INFO]: Registered font 'mui-i18n-compat', location 'modernui:font/muii18ncompat/muii18ncompat.ttf' in pack: 'mod/modernui'
[19:25:23] [Worker-Main-11/INFO]: Redirect registered font 'Inter Frozen Medium' to 'modernui:inter-frozen-medium'
[19:25:23] [Worker-Main-11/INFO]: Registered font 'Inter Frozen Medium', location 'modernui:font/inter-frozen-medium.otf' in pack: 'mod/modernui'
[19:25:23] [ForkJoinPool.commonPool-worker-8/INFO]: Redirect registered font 'JetBrains Mono Medium' to 'modernui:jetbrains-mono-medium'
[19:25:23] [ForkJoinPool.commonPool-worker-8/INFO]: Registered font 'JetBrains Mono Medium', location 'modernui:font/jetbrains-mono-medium.ttf' in pack: 'mod/modernui'
[19:25:23] [ForkJoinPool.commonPool-worker-7/INFO]: Registered font 'Inter Frozen Medium', location 'modernui:font/inter-frozen-medium-italic.otf' in pack: 'mod/modernui'
[19:25:23] [Worker-Main-13/INFO]: Loading bedrock model file: touhou_little_maid:models/bedrock/block/gomoku_piece.json
[19:25:23] [Worker-Main-13/INFO]: Loading bedrock model file: touhou_little_maid:models/bedrock/block/bookshelf.json
[19:25:23] [ForkJoinPool.commonPool-worker-13/WARN]: Failed to lookup in registered fonts, original font: java.awt.Font[family=思源黑体 CN Medium,name=思源黑体 CN Medium,style=plain,size=1], full name: 思源黑体 CN Medium
[19:25:23] [ForkJoinPool.commonPool-worker-13/INFO]: Redirect registered font 'Source Han Sans CN Medium' to 'modernui:source-han-sans-cn-medium'
[19:25:23] [ForkJoinPool.commonPool-worker-13/INFO]: Registered font 'Source Han Sans CN Medium', location 'modernui:font/source-han-sans-cn-medium.otf' in pack: 'mod/modernui'
[19:25:23] [Worker-Main-13/INFO]: Loading bedrock model file: touhou_little_maid:models/bedrock/block/maid_bed/blue.json
[19:25:23] [Worker-Main-14/INFO]: Loading bedrock model file: touhou_little_maid:models/bedrock/entity/backpack/small_backpack.json
[19:25:23] [Worker-Main-14/INFO]: Loading bedrock model file: touhou_little_maid:models/bedrock/entity/broom.json
[19:25:23] [Worker-Main-14/INFO]: Loading bedrock model file: touhou_little_maid:models/bedrock/entity/baby_maid_fairy.json
[19:25:23] [Worker-Main-13/INFO]: Loading bedrock model file: touhou_little_maid:models/bedrock/block/keyboard.json
[19:25:23] [Worker-Main-13/INFO]: Loading bedrock model file: touhou_little_maid:models/bedrock/block/picnic_mat.json
[19:25:23] [Worker-Main-13/INFO]: Loading bedrock model file: touhou_little_maid:models/bedrock/block/snack_cabinet.json
[19:25:23] [Worker-Main-13/INFO]: Loading bedrock model file: touhou_little_maid:models/bedrock/block/statue_base.json
[19:25:23] [Worker-Main-13/INFO]: Loading bedrock model file: touhou_little_maid:models/bedrock/block/wchess.json
[19:25:23] [Worker-Main-13/INFO]: Loading bedrock model file: touhou_little_maid:models/bedrock/block/cchess_pieces.json
[19:25:23] [Worker-Main-11/INFO]: Font 'Noto Sans' failed to load or invalid
[19:25:23] [Worker-Main-13/INFO]: Loading bedrock model file: touhou_little_maid:models/bedrock/block/maid_bed/black.json
[19:25:23] [Worker-Main-13/INFO]: Loading bedrock model file: touhou_little_maid:models/bedrock/block/maid_bed/purple.json
[19:25:23] [Worker-Main-13/INFO]: Loading bedrock model file: touhou_little_maid:models/bedrock/block/cchess.json
[19:25:23] [Worker-Main-13/INFO]: Loading bedrock model file: touhou_little_maid:models/bedrock/block/maid_bed/pink.json
[19:25:23] [Worker-Main-13/INFO]: Loading bedrock model file: touhou_little_maid:models/bedrock/block/gomoku.json
[19:25:23] [Worker-Main-13/INFO]: Loading bedrock model file: touhou_little_maid:models/bedrock/block/maid_bed/green.json
[19:25:23] [Worker-Main-13/INFO]: Loading bedrock model file: touhou_little_maid:models/bedrock/block/wchess_pieces.json
[19:25:23] [Worker-Main-13/INFO]: Loading bedrock model file: touhou_little_maid:models/bedrock/block/maid_banner.json
[19:25:23] [Worker-Main-13/INFO]: Loading bedrock model file: touhou_little_maid:models/bedrock/block/maid_bed/yellow.json
[19:25:23] [Worker-Main-13/INFO]: Loading bedrock model file: touhou_little_maid:models/bedrock/block/computer.json
[19:25:23] [Worker-Main-13/INFO]: Loading bedrock model file: touhou_little_maid:models/bedrock/block/maid_bed/white.json
[19:25:23] [Worker-Main-9/WARN]: Unused frames in sprite mekanism:item/network_reader: [0, 1, 2, 3, 4, 5, 6, 7, 8, 9, 10, 11, 12, 13, 14, 15, 16]
[19:25:23] [Worker-Main-11/INFO]: Font 'San Francisco' failed to load or invalid
[19:25:23] [Worker-Main-11/INFO]: Font 'Open Sans' failed to load or invalid
[19:25:23] [Worker-Main-13/WARN]: cartridge:geckolib/models/item/gangway.geo.json: Unknown geo model format version: '1.21.110'. This may not work correctly
[19:25:23] [Worker-Main-11/INFO]: Font 'STHeiti' failed to load or invalid
[19:25:23] [Worker-Main-11/INFO]: Loaded typeface: FontCollection{mFamilies=[Inter Frozen Medium, Source Han Sans CN Medium, Segoe UI Variable, Segoe UI, SimHei, Segoe UI Symbol, mui-i18n-compat], mExclusiveEastAsianBits=null}
[19:25:23] [Worker-Main-10/WARN]: Missing sprite: touhou_little_maid:textures/slot/empty_back_show_slot.png
[19:25:23] [Worker-Main-11/INFO]: Loaded raw font 'minecraft:alt' in pack: 'vanilla'
[19:25:23] [Worker-Main-11/INFO]: Loaded raw font bundle: 'minecraft:font/alt.json', font set: [minecraft:include/space,minecraft:font/ascii_sga.png]
[19:25:23] [Worker-Main-11/INFO]: Loaded raw font 'minecraft:default' in pack: 'vanilla'
[19:25:23] [Worker-Main-11/INFO]: Loaded raw font bundle: 'minecraft:font/default.json', font set: [minecraft:include/space,minecraft:include/default]
[19:25:23] [Worker-Main-11/INFO]: Loaded raw font 'minecraft:illageralt' in pack: 'vanilla'
[19:25:23] [Worker-Main-11/INFO]: Loaded raw font bundle: 'minecraft:font/illageralt.json', font set: [minecraft:include/space,minecraft:font/asciillager.png]
[19:25:23] [Worker-Main-11/INFO]: Loaded raw font 'minecraft:include/default' in pack: 'vanilla'
[19:25:23] [Worker-Main-11/INFO]: Loaded raw font bundle: 'minecraft:font/include/default.json', font set: [minecraft:font/nonlatin_european.png,minecraft:font/accented.png,minecraft:font/ascii.png]
[19:25:23] [Worker-Main-7/ERROR]: Using missing texture, unable to load minecartrevolution:gui/advancements/backgrounds/minecart
java.io.IOException: Bad PNG Signature
	at TRANSFORMER/minecraft@26.1.2/net.minecraft.util.PngInfo.validateHeader(PngInfo.java:49)
	at TRANSFORMER/minecraft@26.1.2/com.mojang.blaze3d.platform.NativeImage.read(NativeImage.java:161)
	at TRANSFORMER/minecraft@26.1.2/com.mojang.blaze3d.platform.NativeImage.read(NativeImage.java:111)
	at TRANSFORMER/minecraft@26.1.2/com.mojang.blaze3d.platform.NativeImage.read(NativeImage.java:102)
	at TRANSFORMER/minecraft@26.1.2/net.minecraft.client.renderer.texture.atlas.SpriteResourceLoader.lambda$create$0(SpriteResourceLoader.java:46)
	at TRANSFORMER/minecraft@26.1.2/net.minecraft.client.renderer.texture.atlas.SpriteResourceLoader.loadSprite(SpriteResourceLoader.java:76)
	at TRANSFORMER/minecraft@26.1.2/net.minecraft.client.renderer.texture.atlas.SpriteSource$Output.lambda$add$0(SpriteSource.java:37)
	at TRANSFORMER/minecraft@26.1.2/net.minecraft.client.renderer.texture.SpriteLoader.lambda$runSpriteSuppliers$1(SpriteLoader.java:123)
	at java.base/java.util.concurrent.CompletableFuture$AsyncSupply.run(CompletableFuture.java:1789)
	at TRANSFORMER/minecraft@26.1.2/net.minecraft.server.packs.resources.SimpleReloadInstance.lambda$prepareTasks$1(SimpleReloadInstance.java:68)
	at java.base/java.util.concurrent.ForkJoinTask$RunnableExecuteAction.compute(ForkJoinTask.java:1750)
	at java.base/java.util.concurrent.ForkJoinTask$RunnableExecuteAction.compute(ForkJoinTask.java:1742)
	at java.base/java.util.concurrent.ForkJoinTask$InterruptibleTask.exec(ForkJoinTask.java:1659)
	at java.base/java.util.concurrent.ForkJoinTask.doExec(ForkJoinTask.java:511)
	at java.base/java.util.concurrent.ForkJoinPool$WorkQueue.topLevelExec(ForkJoinPool.java:1450)
	at java.base/java.util.concurrent.ForkJoinPool.runWorker(ForkJoinPool.java:2019)
	at java.base/java.util.concurrent.ForkJoinWorkerThread.run(ForkJoinWorkerThread.java:187)
[19:25:23] [Worker-Main-11/INFO]: Loaded raw font 'minecraft:include/space' in pack: 'vanilla'
[19:25:23] [Worker-Main-11/INFO]: Loaded raw font bundle: 'minecraft:font/include/space.json', font set: [minecraft:include/space / minecraft:space]
[19:25:23] [Worker-Main-11/INFO]: Loaded raw font 'minecraft:include/unifont_pua' in pack: 'vanilla'
[19:25:23] [Worker-Main-11/INFO]: Loaded raw font bundle: 'minecraft:font/include/unifont_pua.json', font set: [modernui:internal-default]
[19:25:23] [Worker-Main-11/INFO]: Ignore 'size=9.0' of providers[0] in font 'ldlib2:jetbrains_mono_bold' in pack: 'mod/ldlib2'
[19:25:23] [Worker-Main-11/INFO]: Ignore 'oversample=16.0' of providers[0] in font 'ldlib2:jetbrains_mono_bold' in pack: 'mod/ldlib2'
[19:25:23] [Worker-Main-11/INFO]: Ignore 'shift=Shift[x=0.0, y=0.0]' of providers[0] in font 'ldlib2:jetbrains_mono_bold' in pack: 'mod/ldlib2'
[19:25:23] [Worker-Main-11/INFO]: Ignore 'skip=' of providers[0] in font 'ldlib2:jetbrains_mono_bold' in pack: 'mod/ldlib2'
[19:25:23] [Worker-Main-11/INFO]: Loaded raw font 'ldlib2:jetbrains_mono_bold' in pack: 'mod/ldlib2'
[19:25:23] [Worker-Main-11/INFO]: Loaded raw font bundle: 'ldlib2:font/jetbrains_mono_bold.json', font set: [JetBrains Mono]
[19:25:23] [Worker-Main-11/INFO]: Loaded font: 'minecraft:include/space', font set: [minecraft:include/space / minecraft:space]
[19:25:23] [Worker-Main-11/INFO]: Loaded font: 'minecraft:include/default', font set: [minecraft:font/nonlatin_european.png,minecraft:font/accented.png,minecraft:font/ascii.png]
[19:25:23] [Worker-Main-11/INFO]: Loaded font: 'minecraft:default', font set: [minecraft:include/space / minecraft:space,minecraft:font/nonlatin_european.png,minecraft:font/accented.png,minecraft:font/ascii.png]
[19:25:23] [Worker-Main-11/INFO]: Loaded font: 'minecraft:illageralt', font set: [minecraft:include/space / minecraft:space,minecraft:font/asciillager.png]
[19:25:23] [Worker-Main-11/INFO]: Loaded font: 'minecraft:include/unifont_pua', font set: [Inter Frozen Medium,Source Han Sans CN Medium,Segoe UI Variable,Segoe UI,SimHei,Segoe UI Symbol,mui-i18n-compat]
[19:25:23] [Worker-Main-11/INFO]: Loaded font: 'ldlib2:jetbrains_mono_bold', font set: [JetBrains Mono]
[19:25:23] [Worker-Main-11/INFO]: Loaded font: 'minecraft:alt', font set: [minecraft:include/space / minecraft:space,minecraft:font/ascii_sga.png]
[19:25:23] [Worker-Main-6/WARN]: Condition 1|2|3|4 for property flower_amount on Block{advanced_clover:four_leaf_clover} is always true
[19:25:23] [Worker-Main-6/WARN]: Condition 1|2|3|4 for property flower_amount on Block{advanced_clover:four_leaf_clover} is always true
[19:25:23] [Worker-Main-6/WARN]: Condition 1|2|3|4 for property flower_amount on Block{advanced_clover:four_leaf_clover} is always true
[19:25:23] [Worker-Main-6/WARN]: Condition 1|2|3|4 for property flower_amount on Block{advanced_clover:four_leaf_clover} is always true
[19:25:23] [Worker-Main-7/ERROR]: Failed to load model yuushya:models/extra_building_material/easel_hitbox.json
com.google.gson.JsonSyntaxException: Missing texture, expected to find a string
	at TRANSFORMER/minecraft@26.1.2/net.minecraft.util.GsonHelper.getAsString(GsonHelper.java:101)
	at TRANSFORMER/minecraft@26.1.2/net.minecraft.client.resources.model.cuboid.CuboidFace$Deserializer.getTexture(CuboidFace.java:65)
	at TRANSFORMER/minecraft@26.1.2/net.minecraft.client.resources.model.cuboid.CuboidFace$Deserializer.deserialize(CuboidFace.java:53)
	at TRANSFORMER/minecraft@26.1.2/net.minecraft.client.resources.model.cuboid.CuboidFace$Deserializer.deserialize(CuboidFace.java:44)
	at com.google.gson.internal.bind.TreeTypeAdapter.read(TreeTypeAdapter.java:95)
	at com.google.gson.Gson.fromJson(Gson.java:1358)
	at com.google.gson.Gson.fromJson(Gson.java:1471)
	at com.google.gson.Gson.fromJson(Gson.java:1442)
	at com.google.gson.internal.bind.TreeTypeAdapter$GsonContextImpl.deserialize(TreeTypeAdapter.java:206)
	at TRANSFORMER/minecraft@26.1.2/net.minecraft.client.resources.model.cuboid.CuboidModelElement$Deserializer.filterNullFromFaces(CuboidModelElement.java:144)
	at TRANSFORMER/minecraft@26.1.2/net.minecraft.client.resources.model.cuboid.CuboidModelElement$Deserializer.getFaces(CuboidModelElement.java:130)
	at TRANSFORMER/minecraft@26.1.2/net.minecraft.client.resources.model.cuboid.CuboidModelElement$Deserializer.deserialize(CuboidModelElement.java:69)
	at TRANSFORMER/minecraft@26.1.2/net.minecraft.client.resources.model.cuboid.CuboidModelElement$Deserializer.deserialize(CuboidModelElement.java:46)
	at com.google.gson.internal.bind.TreeTypeAdapter.read(TreeTypeAdapter.java:95)
	at com.google.gson.Gson.fromJson(Gson.java:1358)
	at com.google.gson.Gson.fromJson(Gson.java:1471)
	at com.google.gson.Gson.fromJson(Gson.java:1442)
	at com.google.gson.internal.bind.TreeTypeAdapter$GsonContextImpl.deserialize(TreeTypeAdapter.java:206)
	at TRANSFORMER/minecraft@26.1.2/net.minecraft.client.resources.model.cuboid.CuboidModel$Deserializer.getElements(CuboidModel.java:121)
	at TRANSFORMER/minecraft@26.1.2/net.minecraft.client.resources.model.cuboid.CuboidModel$Deserializer.deserialize(CuboidModel.java:75)
	at TRANSFORMER/minecraft@26.1.2/net.minecraft.client.resources.model.cuboid.CuboidModel$Deserializer.deserialize(CuboidModel.java:71)
	at com.google.gson.internal.bind.TreeTypeAdapter.read(TreeTypeAdapter.java:95)
	at com.google.gson.Gson.fromJson(Gson.java:1358)
	at com.google.gson.Gson.fromJson(Gson.java:1471)
	at com.google.gson.Gson.fromJson(Gson.java:1442)
	at com.google.gson.internal.bind.TreeTypeAdapter$GsonContextImpl.deserialize(TreeTypeAdapter.java:206)
	at TRANSFORMER/neoforge@26.1.2.75/net.neoforged.neoforge.client.model.UnbakedModelParser$Deserializer.deserialize(UnbakedModelParser.java:76)
	at TRANSFORMER/neoforge@26.1.2.75/net.neoforged.neoforge.client.model.UnbakedModelParser$Deserializer.deserialize(UnbakedModelParser.java:46)
	at com.google.gson.internal.bind.TreeTypeAdapter.read(TreeTypeAdapter.java:95)
	at TRANSFORMER/minecraft@26.1.2/net.minecraft.util.GsonHelper.fromJson(GsonHelper.java:427)
	at TRANSFORMER/neoforge@26.1.2.75/net.neoforged.neoforge.client.model.UnbakedModelParser.parse(UnbakedModelParser.java:43)
	at TRANSFORMER/minecraft@26.1.2/net.minecraft.client.resources.model.ModelManager.lambda$loadBlockModels$2(ModelManager.java:204)
	at java.base/java.util.concurrent.CompletableFuture$AsyncSupply.run(CompletableFuture.java:1789)
	at TRANSFORMER/minecraft@26.1.2/net.minecraft.server.packs.resources.SimpleReloadInstance.lambda$prepareTasks$1(SimpleReloadInstance.java:68)
	at java.base/java.util.concurrent.ForkJoinTask$RunnableExecuteAction.compute(ForkJoinTask.java:1750)
	at java.base/java.util.concurrent.ForkJoinTask$RunnableExecuteAction.compute(ForkJoinTask.java:1742)
	at java.base/java.util.concurrent.ForkJoinTask$InterruptibleTask.exec(ForkJoinTask.java:1659)
	at java.base/java.util.concurrent.ForkJoinTask.doExec(ForkJoinTask.java:511)
	at java.base/java.util.concurrent.ForkJoinPool$WorkQueue.topLevelExec(ForkJoinPool.java:1450)
	at java.base/java.util.concurrent.ForkJoinPool.runWorker(ForkJoinPool.java:2019)
	at java.base/java.util.concurrent.ForkJoinWorkerThread.run(ForkJoinWorkerThread.java:187)
[19:25:23] [Worker-Main-15/ERROR]: Failed to load model yuushya:models/extra_building_material/easel_hitbox_rotated.json
com.google.gson.JsonSyntaxException: Missing texture, expected to find a string
	at TRANSFORMER/minecraft@26.1.2/net.minecraft.util.GsonHelper.getAsString(GsonHelper.java:101)
	at TRANSFORMER/minecraft@26.1.2/net.minecraft.client.resources.model.cuboid.CuboidFace$Deserializer.getTexture(CuboidFace.java:65)
	at TRANSFORMER/minecraft@26.1.2/net.minecraft.client.resources.model.cuboid.CuboidFace$Deserializer.deserialize(CuboidFace.java:53)
	at TRANSFORMER/minecraft@26.1.2/net.minecraft.client.resources.model.cuboid.CuboidFace$Deserializer.deserialize(CuboidFace.java:44)
	at com.google.gson.internal.bind.TreeTypeAdapter.read(TreeTypeAdapter.java:95)
	at com.google.gson.Gson.fromJson(Gson.java:1358)
	at com.google.gson.Gson.fromJson(Gson.java:1471)
	at com.google.gson.Gson.fromJson(Gson.java:1442)
	at com.google.gson.internal.bind.TreeTypeAdapter$GsonContextImpl.deserialize(TreeTypeAdapter.java:206)
	at TRANSFORMER/minecraft@26.1.2/net.minecraft.client.resources.model.cuboid.CuboidModelElement$Deserializer.filterNullFromFaces(CuboidModelElement.java:144)
	at TRANSFORMER/minecraft@26.1.2/net.minecraft.client.resources.model.cuboid.CuboidModelElement$Deserializer.getFaces(CuboidModelElement.java:130)
	at TRANSFORMER/minecraft@26.1.2/net.minecraft.client.resources.model.cuboid.CuboidModelElement$Deserializer.deserialize(CuboidModelElement.java:69)
	at TRANSFORMER/minecraft@26.1.2/net.minecraft.client.resources.model.cuboid.CuboidModelElement$Deserializer.deserialize(CuboidModelElement.java:46)
	at com.google.gson.internal.bind.TreeTypeAdapter.read(TreeTypeAdapter.java:95)
	at com.google.gson.Gson.fromJson(Gson.java:1358)
	at com.google.gson.Gson.fromJson(Gson.java:1471)
	at com.google.gson.Gson.fromJson(Gson.java:1442)
	at com.google.gson.internal.bind.TreeTypeAdapter$GsonContextImpl.deserialize(TreeTypeAdapter.java:206)
	at TRANSFORMER/minecraft@26.1.2/net.minecraft.client.resources.model.cuboid.CuboidModel$Deserializer.getElements(CuboidModel.java:121)
	at TRANSFORMER/minecraft@26.1.2/net.minecraft.client.resources.model.cuboid.CuboidModel$Deserializer.deserialize(CuboidModel.java:75)
	at TRANSFORMER/minecraft@26.1.2/net.minecraft.client.resources.model.cuboid.CuboidModel$Deserializer.deserialize(CuboidModel.java:71)
	at com.google.gson.internal.bind.TreeTypeAdapter.read(TreeTypeAdapter.java:95)
	at com.google.gson.Gson.fromJson(Gson.java:1358)
	at com.google.gson.Gson.fromJson(Gson.java:1471)
	at com.google.gson.Gson.fromJson(Gson.java:1442)
	at com.google.gson.internal.bind.TreeTypeAdapter$GsonContextImpl.deserialize(TreeTypeAdapter.java:206)
	at TRANSFORMER/neoforge@26.1.2.75/net.neoforged.neoforge.client.model.UnbakedModelParser$Deserializer.deserialize(UnbakedModelParser.java:76)
	at TRANSFORMER/neoforge@26.1.2.75/net.neoforged.neoforge.client.model.UnbakedModelParser$Deserializer.deserialize(UnbakedModelParser.java:46)
	at com.google.gson.internal.bind.TreeTypeAdapter.read(TreeTypeAdapter.java:95)
	at TRANSFORMER/minecraft@26.1.2/net.minecraft.util.GsonHelper.fromJson(GsonHelper.java:427)
	at TRANSFORMER/neoforge@26.1.2.75/net.neoforged.neoforge.client.model.UnbakedModelParser.parse(UnbakedModelParser.java:43)
	at TRANSFORMER/minecraft@26.1.2/net.minecraft.client.resources.model.ModelManager.lambda$loadBlockModels$2(ModelManager.java:204)
	at java.base/java.util.concurrent.CompletableFuture$AsyncSupply.run(CompletableFuture.java:1789)
	at TRANSFORMER/minecraft@26.1.2/net.minecraft.server.packs.resources.SimpleReloadInstance.lambda$prepareTasks$1(SimpleReloadInstance.java:68)
	at java.base/java.util.concurrent.ForkJoinTask$RunnableExecuteAction.compute(ForkJoinTask.java:1750)
	at java.base/java.util.concurrent.ForkJoinTask$RunnableExecuteAction.compute(ForkJoinTask.java:1742)
	at java.base/java.util.concurrent.ForkJoinTask$InterruptibleTask.exec(ForkJoinTask.java:1659)
	at java.base/java.util.concurrent.ForkJoinTask.doExec(ForkJoinTask.java:511)
	at java.base/java.util.concurrent.ForkJoinPool$WorkQueue.topLevelExec(ForkJoinPool.java:1450)
	at java.base/java.util.concurrent.ForkJoinPool.runWorker(ForkJoinPool.java:2019)
	at java.base/java.util.concurrent.ForkJoinWorkerThread.run(ForkJoinWorkerThread.java:187)
[19:25:24] [Worker-Main-2/ERROR]: Failed to load model yuushya:models/extra_building_material/roof/roof/tile1_lp_none_hitbox.json
com.google.gson.JsonSyntaxException: Missing texture, expected to find a string
	at TRANSFORMER/minecraft@26.1.2/net.minecraft.util.GsonHelper.getAsString(GsonHelper.java:101)
	at TRANSFORMER/minecraft@26.1.2/net.minecraft.client.resources.model.cuboid.CuboidFace$Deserializer.getTexture(CuboidFace.java:65)
	at TRANSFORMER/minecraft@26.1.2/net.minecraft.client.resources.model.cuboid.CuboidFace$Deserializer.deserialize(CuboidFace.java:53)
	at TRANSFORMER/minecraft@26.1.2/net.minecraft.client.resources.model.cuboid.CuboidFace$Deserializer.deserialize(CuboidFace.java:44)
	at com.google.gson.internal.bind.TreeTypeAdapter.read(TreeTypeAdapter.java:95)
	at com.google.gson.Gson.fromJson(Gson.java:1358)
	at com.google.gson.Gson.fromJson(Gson.java:1471)
	at com.google.gson.Gson.fromJson(Gson.java:1442)
	at com.google.gson.internal.bind.TreeTypeAdapter$GsonContextImpl.deserialize(TreeTypeAdapter.java:206)
	at TRANSFORMER/minecraft@26.1.2/net.minecraft.client.resources.model.cuboid.CuboidModelElement$Deserializer.filterNullFromFaces(CuboidModelElement.java:144)
	at TRANSFORMER/minecraft@26.1.2/net.minecraft.client.resources.model.cuboid.CuboidModelElement$Deserializer.getFaces(CuboidModelElement.java:130)
	at TRANSFORMER/minecraft@26.1.2/net.minecraft.client.resources.model.cuboid.CuboidModelElement$Deserializer.deserialize(CuboidModelElement.java:69)
	at TRANSFORMER/minecraft@26.1.2/net.minecraft.client.resources.model.cuboid.CuboidModelElement$Deserializer.deserialize(CuboidModelElement.java:46)
	at com.google.gson.internal.bind.TreeTypeAdapter.read(TreeTypeAdapter.java:95)
	at com.google.gson.Gson.fromJson(Gson.java:1358)
	at com.google.gson.Gson.fromJson(Gson.java:1471)
	at com.google.gson.Gson.fromJson(Gson.java:1442)
	at com.google.gson.internal.bind.TreeTypeAdapter$GsonContextImpl.deserialize(TreeTypeAdapter.java:206)
	at TRANSFORMER/minecraft@26.1.2/net.minecraft.client.resources.model.cuboid.CuboidModel$Deserializer.getElements(CuboidModel.java:121)
	at TRANSFORMER/minecraft@26.1.2/net.minecraft.client.resources.model.cuboid.CuboidModel$Deserializer.deserialize(CuboidModel.java:75)
	at TRANSFORMER/minecraft@26.1.2/net.minecraft.client.resources.model.cuboid.CuboidModel$Deserializer.deserialize(CuboidModel.java:71)
	at com.google.gson.internal.bind.TreeTypeAdapter.read(TreeTypeAdapter.java:95)
	at com.google.gson.Gson.fromJson(Gson.java:1358)
	at com.google.gson.Gson.fromJson(Gson.java:1471)
	at com.google.gson.Gson.fromJson(Gson.java:1442)
	at com.google.gson.internal.bind.TreeTypeAdapter$GsonContextImpl.deserialize(TreeTypeAdapter.java:206)
	at TRANSFORMER/neoforge@26.1.2.75/net.neoforged.neoforge.client.model.UnbakedModelParser$Deserializer.deserialize(UnbakedModelParser.java:76)
	at TRANSFORMER/neoforge@26.1.2.75/net.neoforged.neoforge.client.model.UnbakedModelParser$Deserializer.deserialize(UnbakedModelParser.java:46)
	at com.google.gson.internal.bind.TreeTypeAdapter.read(TreeTypeAdapter.java:95)
	at TRANSFORMER/minecraft@26.1.2/net.minecraft.util.GsonHelper.fromJson(GsonHelper.java:427)
	at TRANSFORMER/neoforge@26.1.2.75/net.neoforged.neoforge.client.model.UnbakedModelParser.parse(UnbakedModelParser.java:43)
	at TRANSFORMER/minecraft@26.1.2/net.minecraft.client.resources.model.ModelManager.lambda$loadBlockModels$2(ModelManager.java:204)
	at java.base/java.util.concurrent.CompletableFuture$AsyncSupply.run(CompletableFuture.java:1789)
	at TRANSFORMER/minecraft@26.1.2/net.minecraft.server.packs.resources.SimpleReloadInstance.lambda$prepareTasks$1(SimpleReloadInstance.java:68)
	at java.base/java.util.concurrent.ForkJoinTask$RunnableExecuteAction.compute(ForkJoinTask.java:1750)
	at java.base/java.util.concurrent.ForkJoinTask$RunnableExecuteAction.compute(ForkJoinTask.java:1742)
	at java.base/java.util.concurrent.ForkJoinTask$InterruptibleTask.exec(ForkJoinTask.java:1659)
	at java.base/java.util.concurrent.ForkJoinTask.doExec(ForkJoinTask.java:511)
	at java.base/java.util.concurrent.ForkJoinPool$WorkQueue.topLevelExec(ForkJoinPool.java:1450)
	at java.base/java.util.concurrent.ForkJoinPool.runWorker(ForkJoinPool.java:2019)
	at java.base/java.util.concurrent.ForkJoinWorkerThread.run(ForkJoinWorkerThread.java:187)
[19:25:24] [Worker-Main-9/ERROR]: Failed to load model yuushya:models/extra_building_material/tanghulu_bunch_hitbox.json
com.google.gson.JsonSyntaxException: Missing texture, expected to find a string
	at TRANSFORMER/minecraft@26.1.2/net.minecraft.util.GsonHelper.getAsString(GsonHelper.java:101)
	at TRANSFORMER/minecraft@26.1.2/net.minecraft.client.resources.model.cuboid.CuboidFace$Deserializer.getTexture(CuboidFace.java:65)
	at TRANSFORMER/minecraft@26.1.2/net.minecraft.client.resources.model.cuboid.CuboidFace$Deserializer.deserialize(CuboidFace.java:53)
	at TRANSFORMER/minecraft@26.1.2/net.minecraft.client.resources.model.cuboid.CuboidFace$Deserializer.deserialize(CuboidFace.java:44)
	at com.google.gson.internal.bind.TreeTypeAdapter.read(TreeTypeAdapter.java:95)
	at com.google.gson.Gson.fromJson(Gson.java:1358)
	at com.google.gson.Gson.fromJson(Gson.java:1471)
	at com.google.gson.Gson.fromJson(Gson.java:1442)
	at com.google.gson.internal.bind.TreeTypeAdapter$GsonContextImpl.deserialize(TreeTypeAdapter.java:206)
	at TRANSFORMER/minecraft@26.1.2/net.minecraft.client.resources.model.cuboid.CuboidModelElement$Deserializer.filterNullFromFaces(CuboidModelElement.java:144)
	at TRANSFORMER/minecraft@26.1.2/net.minecraft.client.resources.model.cuboid.CuboidModelElement$Deserializer.getFaces(CuboidModelElement.java:130)
	at TRANSFORMER/minecraft@26.1.2/net.minecraft.client.resources.model.cuboid.CuboidModelElement$Deserializer.deserialize(CuboidModelElement.java:69)
	at TRANSFORMER/minecraft@26.1.2/net.minecraft.client.resources.model.cuboid.CuboidModelElement$Deserializer.deserialize(CuboidModelElement.java:46)
	at com.google.gson.internal.bind.TreeTypeAdapter.read(TreeTypeAdapter.java:95)
	at com.google.gson.Gson.fromJson(Gson.java:1358)
	at com.google.gson.Gson.fromJson(Gson.java:1471)
	at com.google.gson.Gson.fromJson(Gson.java:1442)
	at com.google.gson.internal.bind.TreeTypeAdapter$GsonContextImpl.deserialize(TreeTypeAdapter.java:206)
	at TRANSFORMER/minecraft@26.1.2/net.minecraft.client.resources.model.cuboid.CuboidModel$Deserializer.getElements(CuboidModel.java:121)
	at TRANSFORMER/minecraft@26.1.2/net.minecraft.client.resources.model.cuboid.CuboidModel$Deserializer.deserialize(CuboidModel.java:75)
	at TRANSFORMER/minecraft@26.1.2/net.minecraft.client.resources.model.cuboid.CuboidModel$Deserializer.deserialize(CuboidModel.java:71)
	at com.google.gson.internal.bind.TreeTypeAdapter.read(TreeTypeAdapter.java:95)
	at com.google.gson.Gson.fromJson(Gson.java:1358)
	at com.google.gson.Gson.fromJson(Gson.java:1471)
	at com.google.gson.Gson.fromJson(Gson.java:1442)
	at com.google.gson.internal.bind.TreeTypeAdapter$GsonContextImpl.deserialize(TreeTypeAdapter.java:206)
	at TRANSFORMER/neoforge@26.1.2.75/net.neoforged.neoforge.client.model.UnbakedModelParser$Deserializer.deserialize(UnbakedModelParser.java:76)
	at TRANSFORMER/neoforge@26.1.2.75/net.neoforged.neoforge.client.model.UnbakedModelParser$Deserializer.deserialize(UnbakedModelParser.java:46)
	at com.google.gson.internal.bind.TreeTypeAdapter.read(TreeTypeAdapter.java:95)
	at TRANSFORMER/minecraft@26.1.2/net.minecraft.util.GsonHelper.fromJson(GsonHelper.java:427)
	at TRANSFORMER/neoforge@26.1.2.75/net.neoforged.neoforge.client.model.UnbakedModelParser.parse(UnbakedModelParser.java:43)
	at TRANSFORMER/minecraft@26.1.2/net.minecraft.client.resources.model.ModelManager.lambda$loadBlockModels$2(ModelManager.java:204)
	at java.base/java.util.concurrent.CompletableFuture$AsyncSupply.run(CompletableFuture.java:1789)
	at TRANSFORMER/minecraft@26.1.2/net.minecraft.server.packs.resources.SimpleReloadInstance.lambda$prepareTasks$1(SimpleReloadInstance.java:68)
	at java.base/java.util.concurrent.ForkJoinTask$RunnableExecuteAction.compute(ForkJoinTask.java:1750)
	at java.base/java.util.concurrent.ForkJoinTask$RunnableExecuteAction.compute(ForkJoinTask.java:1742)
	at java.base/java.util.concurrent.ForkJoinTask$InterruptibleTask.exec(ForkJoinTask.java:1659)
	at java.base/java.util.concurrent.ForkJoinTask.doExec(ForkJoinTask.java:511)
	at java.base/java.util.concurrent.ForkJoinPool$WorkQueue.topLevelExec(ForkJoinPool.java:1450)
	at java.base/java.util.concurrent.ForkJoinPool.runWorker(ForkJoinPool.java:2019)
	at java.base/java.util.concurrent.ForkJoinWorkerThread.run(ForkJoinWorkerThread.java:187)
[19:25:24] [Worker-Main-11/WARN]: Condition 1|2|3|4 for property flower_amount on Block{advanced_clover:three_leaf_clover} is always true
[19:25:24] [Worker-Main-11/WARN]: Condition 1|2|3|4 for property flower_amount on Block{advanced_clover:three_leaf_clover} is always true
[19:25:24] [Worker-Main-11/WARN]: Condition 1|2|3|4 for property flower_amount on Block{advanced_clover:three_leaf_clover} is always true
[19:25:24] [Worker-Main-11/WARN]: Condition 1|2|3|4 for property flower_amount on Block{advanced_clover:three_leaf_clover} is always true
[19:25:24] [Worker-Main-10/WARN]: Missing sprite: minecraft:textures/misc/white.png
[19:25:24] [Worker-Main-15/WARN]: Texture ashihara:block/lanterns/bodies/long_white with size 16x28 limits mip level from 4 to 2
[19:25:24] [Worker-Main-15/WARN]: Texture lanfasie_benderson:entity/omen/arrow_style with size 98x81 limits mip level from 2 to 0
[19:25:24] [Worker-Main-15/WARN]: minecraft:textures/atlas/blocks.png: dropping miplevel from 4 to 0, because of minimum power of two: 1
[19:25:24] [Worker-Main-8/WARN]: Missing block model: caupona:block/loaf_heap_wall_post
[19:25:24] [Worker-Main-8/WARN]: Missing block model: caupona:block/loaf_heap_wall_side
[19:25:24] [Worker-Main-8/WARN]: Missing block model: caupona:block/loaf_heap_wall_side_tall
[19:25:24] [Worker-Main-8/WARN]: Missing block model: shakenstir:block/whisky_liquid
[19:25:24] [Worker-Main-8/WARN]: Missing block model: shakenstir:block/bubble_liquid
[19:25:24] [Worker-Main-8/WARN]: Missing block model: anvilcraft:block/white_chocolate
[19:25:24] [Worker-Main-8/WARN]: Missing block model: shakenstir:block/tequila_liquid
[19:25:24] [Worker-Main-8/WARN]: Missing block model: shakenstir:block/brandy_liquid
[19:25:24] [Worker-Main-8/WARN]: Missing block model: shakenstir:block/vodka_liquid
[19:25:24] [Worker-Main-8/WARN]: Missing block model: shakenstir:block/gin_liquid
[19:25:24] [Worker-Main-8/WARN]: Missing block model: programmable_magic:block/basic_mana_connector
[19:25:24] [Worker-Main-8/WARN]: Missing block model: shakenstir:block/rum_liquid
[19:25:24] [Worker-Main-8/WARN]: Missing block model: shakenstir:block/whiskey_liquid
[19:25:24] [Worker-Main-8/WARN]: Missing block model: beyond:block/node_block
[19:25:24] [Worker-Main-8/WARN]: Missing block model: anvilcraft:block/chocolate
[19:25:24] [Worker-Main-8/WARN]: Missing block model: sip_moment:block/champagne_3
[19:25:24] [Worker-Main-8/WARN]: Missing block model: anvilcraft:block/black_chocolate
[19:25:24] [Worker-Main-8/WARN]: Missing block model: sip_moment:block/kyoho_wine_4
[19:25:24] [Worker-Main-8/WARN]: Missing block model: sip_moment:block/champagne_4
[19:25:24] [Worker-Main-8/WARN]: Missing block model: programmable_magic:block/wind_turbine
[19:25:24] [Worker-Main-8/WARN]: Missing block model: sip_moment:block/kyoho_wine_3
[19:25:24] [Worker-Main-8/WARN]: Missing block model: modulargolems:item/metal_golem_body_first
[19:25:24] [Worker-Main-8/WARN]: Missing block model: modulargolems:item/metal_golem_body_third
[19:25:24] [Worker-Main-8/WARN]: Missing block model: modulargolems:item/metal_golem_body_entity
[19:25:24] [Worker-Main-8/WARN]: Missing block model: modulargolems:item/metal_golem_body_def
[19:25:24] [Worker-Main-8/WARN]: Missing block model: modulargolems:item/metal_golem_body_other
[19:25:24] [Worker-Main-8/WARN]: Missing block model: shakenstir:glassware_special
[19:25:24] [Worker-Main-8/WARN]: Missing block model: modulargolems:item/dog_golem_legs_first
[19:25:24] [Worker-Main-8/WARN]: Missing block model: modulargolems:item/dog_golem_legs_third
[19:25:24] [Worker-Main-8/WARN]: Missing block model: modulargolems:item/dog_golem_legs_entity
[19:25:24] [Worker-Main-8/WARN]: Missing block model: modulargolems:item/dog_golem_legs_def
[19:25:24] [Worker-Main-8/WARN]: Missing block model: modulargolems:item/dog_golem_legs_other
[19:25:24] [Worker-Main-8/WARN]: Missing block model: shakenstir:gin
[19:25:24] [Worker-Main-8/WARN]: Missing block model: programmable_magic:item/solar_panel
[19:25:24] [Worker-Main-8/WARN]: Missing block model: minecartrevolution:item/inecart3d
[19:25:24] [Worker-Main-8/WARN]: Missing block model: modulargolems:item/humanoid_golem_arms_first
[19:25:24] [Worker-Main-8/WARN]: Missing block model: modulargolems:item/humanoid_golem_arms_third
[19:25:24] [Worker-Main-8/WARN]: Missing block model: modulargolems:item/humanoid_golem_arms_entity
[19:25:24] [Worker-Main-8/WARN]: Missing block model: modulargolems:item/humanoid_golem_arms_def
[19:25:24] [Worker-Main-8/WARN]: Missing block model: modulargolems:item/humanoid_golem_arms_other
[19:25:24] [Worker-Main-8/WARN]: Missing block model: powertool:item/fake_water_bucket
[19:25:24] [Worker-Main-8/WARN]: Missing block model: anvilcraft:item/ionocraft_backpack_exhausted
[19:25:24] [Worker-Main-8/WARN]: Missing block model: anvilcraft:item/ionocraft_backpack
[19:25:24] [Worker-Main-8/WARN]: Missing block model: shakenstir:block/bubble
[19:25:24] [Worker-Main-8/WARN]: Missing block model: mekanism:block/bounding_block
[19:25:24] [Worker-Main-8/WARN]: Missing block model: modulargolems:item/humanoid_golem_holder_first
[19:25:24] [Worker-Main-8/WARN]: Missing block model: modulargolems:item/humanoid_golem_holder_third
[19:25:24] [Worker-Main-8/WARN]: Missing block model: modulargolems:item/humanoid_golem_holder_entity
[19:25:24] [Worker-Main-8/WARN]: Missing block model: modulargolems:item/humanoid_golem_holder_def
[19:25:24] [Worker-Main-8/WARN]: Missing block model: modulargolems:item/humanoid_golem_holder_other
[19:25:24] [Worker-Main-8/WARN]: Missing block model: modulargolems:item/dog_golem_holder_first
[19:25:24] [Worker-Main-8/WARN]: Missing block model: modulargolems:item/dog_golem_holder_third
[19:25:24] [Worker-Main-8/WARN]: Missing block model: modulargolems:item/dog_golem_holder_entity
[19:25:24] [Worker-Main-8/WARN]: Missing block model: modulargolems:item/dog_golem_holder_def
[19:25:24] [Worker-Main-8/WARN]: Missing block model: modulargolems:item/dog_golem_holder_other
[19:25:24] [Worker-Main-8/WARN]: Missing block model: minecartrevolution:item/water_minecart
[19:25:24] [Worker-Main-8/WARN]: Missing block model: modulargolems:item/humanoid_golem_legs_first
[19:25:24] [Worker-Main-8/WARN]: Missing block model: modulargolems:item/humanoid_golem_legs_third
[19:25:24] [Worker-Main-8/WARN]: Missing block model: modulargolems:item/humanoid_golem_legs_entity
[19:25:24] [Worker-Main-8/WARN]: Missing block model: modulargolems:item/humanoid_golem_legs_def
[19:25:24] [Worker-Main-8/WARN]: Missing block model: modulargolems:item/humanoid_golem_legs_other
[19:25:24] [Worker-Main-8/WARN]: Missing block model: modulargolems:item/metal_golem_holder_first
[19:25:24] [Worker-Main-8/WARN]: Missing block model: modulargolems:item/metal_golem_holder_third
[19:25:24] [Worker-Main-8/WARN]: Missing block model: modulargolems:item/metal_golem_holder_entity
[19:25:24] [Worker-Main-8/WARN]: Missing block model: modulargolems:item/metal_golem_holder_def
[19:25:24] [Worker-Main-8/WARN]: Missing block model: modulargolems:item/metal_golem_holder_other
[19:25:24] [Worker-Main-8/WARN]: Missing block model: minecartrevolution:item/lava_minecart
[19:25:24] [Worker-Main-8/WARN]: Missing block model: wenyan_programming:block/creative_power_block
[19:25:24] [Worker-Main-8/WARN]: Missing block model: modulargolems:item/golem_facade
[19:25:24] [Worker-Main-8/WARN]: Missing block model: modulargolems:item/humanoid_golem_body_first
[19:25:24] [Worker-Main-8/WARN]: Missing block model: modulargolems:item/humanoid_golem_body_third
[19:25:24] [Worker-Main-8/WARN]: Missing block model: modulargolems:item/humanoid_golem_body_entity
[19:25:24] [Worker-Main-8/WARN]: Missing block model: modulargolems:item/humanoid_golem_body_def
[19:25:24] [Worker-Main-8/WARN]: Missing block model: modulargolems:item/humanoid_golem_body_other
[19:25:24] [Worker-Main-8/WARN]: Missing block model: modulargolems:item/metal_golem_arm_first
[19:25:24] [Worker-Main-8/WARN]: Missing block model: modulargolems:item/metal_golem_arm_third
[19:25:24] [Worker-Main-8/WARN]: Missing block model: modulargolems:item/metal_golem_arm_entity
[19:25:24] [Worker-Main-8/WARN]: Missing block model: modulargolems:item/metal_golem_arm_def
[19:25:24] [Worker-Main-8/WARN]: Missing block model: modulargolems:item/metal_golem_arm_other
[19:25:24] [Worker-Main-8/WARN]: Missing block model: modulargolems:item/metal_golem_legs_first
[19:25:24] [Worker-Main-8/WARN]: Missing block model: modulargolems:item/metal_golem_legs_third
[19:25:24] [Worker-Main-8/WARN]: Missing block model: modulargolems:item/metal_golem_legs_entity
[19:25:24] [Worker-Main-8/WARN]: Missing block model: modulargolems:item/metal_golem_legs_def
[19:25:24] [Worker-Main-8/WARN]: Missing block model: modulargolems:item/metal_golem_legs_other
[19:25:24] [Worker-Main-8/WARN]: Missing block model: modulargolems:item/dog_golem_body_first
[19:25:24] [Worker-Main-8/WARN]: Missing block model: modulargolems:item/dog_golem_body_third
[19:25:24] [Worker-Main-8/WARN]: Missing block model: modulargolems:item/dog_golem_body_entity
[19:25:24] [Worker-Main-8/WARN]: Missing block model: modulargolems:item/dog_golem_body_def
[19:25:24] [Worker-Main-8/WARN]: Missing block model: modulargolems:item/dog_golem_body_other
[19:25:24] [Worker-Main-8/WARN]: Missing block model: caupona:block/dynamic/honey_press_plate
[19:25:24] [Worker-Main-8/WARN]: Missing block model: caupona:block/dynamic/honey_press_screw
[19:25:24] [Worker-Main-8/WARN]: Missing block model: minecraft:block_block
[19:25:24] [Worker-Main-8/WARN]: Missing block model: mekanism:block/factory/front_led/multiversal
[19:25:24] [Worker-Main-8/WARN]: Missing block model: mekanism:block/factory/front_led/dense
[19:25:24] [Worker-Main-8/WARN]: Missing block model: mekanism:block/factory/front_led/creative
[19:25:24] [Worker-Main-8/WARN]: Missing block model: mekanism:block/factory/front_led/quantum
[19:25:24] [Worker-Main-8/WARN]: Missing block model: mekanism:block/factory/front_led/overclocked
[19:25:24] [Worker-Main-8/WARN]: Missing block model: minecraft:builtin/entity
[19:25:24] [Worker-Main-8/WARN]: Missing block model: minecraft:liquid_storage_pot
[19:25:24] [Worker-Main-8/WARN]: Missing block model: minecraft:liquid_storage_pot_pot_flour_3
[19:25:24] [Worker-Main-8/WARN]: Missing block model: minecraft:liquid_storage_pot_pot_flour_2
[19:25:24] [Worker-Main-11/WARN]: Unresolved texture references in mekmm:block/large_machine/large_rotary_condensentrator/off:
	#up-> #all
	#north-> #all
	#east-> #all
	#south-> #all
	#down-> #all
	#west-> #all

[19:25:24] [Worker-Main-14/WARN]: Unresolved texture references in mekmm:block/large_machine/large_electrolytic_separator/off:
	#up-> #all
	#north-> #all
	#east-> #all
	#south-> #all
	#down-> #all
	#west-> #all

[19:25:24] [Worker-Main-10/WARN]: Unresolved texture references in mekmm:block/large_machine/large_rotary_condensentrator/on:
	#up-> #all
	#north-> #all
	#east-> #all
	#south-> #all
	#down-> #all
	#west-> #all

[19:25:24] [Worker-Main-1/WARN]: Unresolved texture references in mekmm:block/modeler_doll:
	#up-> #all
	#north-> #all
	#east-> #all
	#south-> #all
	#down-> #all
	#west-> #all

[19:25:24] [Worker-Main-15/WARN]: Unresolved texture references in mekmm:block/large_machine/large_electrolytic_separator/on:
	#up-> #all
	#north-> #all
	#east-> #all
	#south-> #all
	#down-> #all
	#west-> #all

[19:25:24] [Worker-Main-10/WARN]: Unresolved texture references in yuushya:extra_building_material/monitor:
	#particle-> #1

[19:25:25] [Worker-Main-9/WARN]: Unresolved texture references in mekmm:block/author_doll:
	#up-> #all
	#north-> #all
	#east-> #all
	#south-> #all
	#down-> #all
	#west-> #all

[19:25:25] [Worker-Main-15/WARN]: Unresolved texture references in yuushya:item/half_slab:
	#particle-> #all

[19:25:25] [Worker-Main-13/WARN]: Unresolved texture references in mekmm:item/large_rotary_condensentrator:
	#up-> #all
	#north-> #all
	#east-> #all
	#south-> #all
	#down-> #all
	#west-> #all

[19:25:25] [Worker-Main-13/WARN]: Unresolved texture references in mekmm:item/large_electrolytic_separator:
	#up-> #all
	#north-> #all
	#east-> #all
	#south-> #all
	#down-> #all
	#west-> #all

[19:25:25] [Worker-Main-7/WARN]: Unresolved texture references in yuushya:item/audio:
	#particle-> #all

[19:25:25] [Worker-Main-14/WARN]: Unable to bake item model: 'mekanism:meka_tool'
java.lang.IllegalStateException: Multiple atlases used in model, expected minecraft:textures/atlas/blocks.png, but also got minecraft:textures/atlas/items.png
	at TRANSFORMER/minecraft@26.1.2/net.minecraft.client.renderer.item.CuboidItemModelWrapper.validateAtlasUsage(CuboidItemModelWrapper.java:114)
	at TRANSFORMER/minecraft@26.1.2/net.minecraft.client.renderer.item.CuboidItemModelWrapper$Unbaked.bake(CuboidItemModelWrapper.java:151)
	at TRANSFORMER/minecraft@26.1.2/net.minecraft.client.renderer.item.SelectItemModel$Unbaked.lambda$bake$0(SelectItemModel.java:91)
	at java.base/java.util.Optional.map(Optional.java:260)
	at TRANSFORMER/minecraft@26.1.2/net.minecraft.client.renderer.item.SelectItemModel$Unbaked.bake(SelectItemModel.java:91)
	at TRANSFORMER/minecraft@26.1.2/net.minecraft.client.resources.model.ModelBakery.lambda$bakeModels$1(ModelBakery.java:128)
	at TRANSFORMER/minecraft@26.1.2/net.minecraft.util.thread.ParallelMapTransform$Container.applyOperation(ParallelMapTransform.java:115)
	at TRANSFORMER/minecraft@26.1.2/net.minecraft.util.thread.ParallelMapTransform$BatchedTaskSplitter.lambda$createTask$0(ParallelMapTransform.java:74)
	at java.base/java.util.concurrent.CompletableFuture$AsyncRun.run(CompletableFuture.java:1825)
	at TRANSFORMER/minecraft@26.1.2/net.minecraft.server.packs.resources.SimpleReloadInstance.lambda$prepareTasks$1(SimpleReloadInstance.java:68)
	at java.base/java.util.concurrent.ForkJoinTask$RunnableExecuteAction.compute(ForkJoinTask.java:1750)
	at java.base/java.util.concurrent.ForkJoinTask$RunnableExecuteAction.compute(ForkJoinTask.java:1742)
	at java.base/java.util.concurrent.ForkJoinTask$InterruptibleTask.exec(ForkJoinTask.java:1659)
	at java.base/java.util.concurrent.ForkJoinTask.doExec(ForkJoinTask.java:511)
	at java.base/java.util.concurrent.ForkJoinPool$WorkQueue.topLevelExec(ForkJoinPool.java:1450)
	at java.base/java.util.concurrent.ForkJoinPool.runWorker(ForkJoinPool.java:2019)
	at java.base/java.util.concurrent.ForkJoinWorkerThread.run(ForkJoinWorkerThread.java:187)
[19:25:25] [Worker-Main-3/WARN]: Unresolved texture references in yuushya:item/backpack:
	#particle-> #all

[19:25:25] [Worker-Main-1/WARN]: Unresolved texture references in ashihara:item/otsuchi:
	#1-> #tier

[19:25:25] [Worker-Main-1/WARN]: Unable to bake item model: 'ashihara:otsuchi'
java.lang.IllegalStateException: Multiple atlases used in model, expected minecraft:textures/atlas/items.png, but also got minecraft:textures/atlas/blocks.png
	at TRANSFORMER/minecraft@26.1.2/net.minecraft.client.renderer.item.CuboidItemModelWrapper.validateAtlasUsage(CuboidItemModelWrapper.java:114)
	at TRANSFORMER/minecraft@26.1.2/net.minecraft.client.renderer.item.CuboidItemModelWrapper$Unbaked.bake(CuboidItemModelWrapper.java:151)
	at TRANSFORMER/minecraft@26.1.2/net.minecraft.client.resources.model.ModelBakery.lambda$bakeModels$1(ModelBakery.java:128)
	at TRANSFORMER/minecraft@26.1.2/net.minecraft.util.thread.ParallelMapTransform$Container.applyOperation(ParallelMapTransform.java:115)
	at TRANSFORMER/minecraft@26.1.2/net.minecraft.util.thread.ParallelMapTransform$BatchedTaskSplitter.lambda$createTask$0(ParallelMapTransform.java:74)
	at java.base/java.util.concurrent.CompletableFuture$AsyncRun.run(CompletableFuture.java:1825)
	at TRANSFORMER/minecraft@26.1.2/net.minecraft.server.packs.resources.SimpleReloadInstance.lambda$prepareTasks$1(SimpleReloadInstance.java:68)
	at java.base/java.util.concurrent.ForkJoinTask$RunnableExecuteAction.compute(ForkJoinTask.java:1750)
	at java.base/java.util.concurrent.ForkJoinTask$RunnableExecuteAction.compute(ForkJoinTask.java:1742)
	at java.base/java.util.concurrent.ForkJoinTask$InterruptibleTask.exec(ForkJoinTask.java:1659)
	at java.base/java.util.concurrent.ForkJoinTask.doExec(ForkJoinTask.java:511)
	at java.base/java.util.concurrent.ForkJoinPool$WorkQueue.topLevelExec(ForkJoinPool.java:1450)
	at java.base/java.util.concurrent.ForkJoinPool.runWorker(ForkJoinPool.java:2019)
	at java.base/java.util.concurrent.ForkJoinWorkerThread.run(ForkJoinWorkerThread.java:187)
[19:25:25] [Worker-Main-9/WARN]: Unresolved texture references in yuushya:item/monitor_with_tablet:
	#particle-> #1

[19:25:25] [Worker-Main-11/WARN]: Unresolved texture references in mekmm:item/modeler_doll:
	#up-> #all
	#north-> #all
	#east-> #all
	#south-> #all
	#down-> #all
	#west-> #all

[19:25:25] [Worker-Main-11/WARN]: Unresolved texture references in mekmm:item/author_doll:
	#up-> #all
	#north-> #all
	#east-> #all
	#south-> #all
	#down-> #all
	#west-> #all

[19:25:25] [Worker-Main-10/WARN]: Unresolved texture references in yuushya:item/audio_large:
	#particle-> #all

[19:25:25] [Worker-Main-15/WARN]: Unresolved texture references in yuushya:item/piano:
	#particle-> #all

[19:25:25] [Worker-Main-15/WARN]: Unresolved texture references in ashihara:item/advanced_fence:
	#0-> #wood
	#particle-> #part

[19:25:25] [Worker-Main-15/WARN]: Unresolved texture references in yuushya:item/office_chair:
	#particle-> #all

[19:25:25] [Worker-Main-7/WARN]: Unresolved texture references in yuushya:item/snow_layer:
	#particle-> #all

[19:25:25] [Worker-Main-9/WARN]: Unresolved texture references in minecraft:item/generated:
	#particle-> #layer0

[19:25:25] [Worker-Main-7/WARN]: Rejecting block model maid_storage_manager:item/craft_guide_blank, since it contains sprites from outside of supported atlas: {minecraft:textures/atlas/items.png=[maid_storage_manager:item/craft_guide_blank]}
[19:25:25] [Worker-Main-5/WARN]: Missing FluidModel for fluid 'ashihara:soy_milk'
[19:25:25] [Worker-Main-5/WARN]: Missing FluidModel for fluid 'ashihara:soy_milk_flowing'
[19:25:25] [Worker-Main-5/WARN]: Missing FluidModel for fluid 'ashihara:oil'
[19:25:25] [Worker-Main-5/WARN]: Missing FluidModel for fluid 'ashihara:oil_flowing'
[19:25:25] [Worker-Main-5/WARN]: Missing FluidModel for fluid 'powertool:fake_water'
[19:25:25] [Worker-Main-5/WARN]: Missing FluidModel for fluid 'shakenstir:gin_fluid'
[19:25:25] [Worker-Main-5/WARN]: Missing FluidModel for fluid 'shakenstir:gin_fluid_flow'
[19:25:25] [Worker-Main-5/WARN]: Missing FluidModel for fluid 'shakenstir:vodka_fluid'
[19:25:25] [Worker-Main-5/WARN]: Missing FluidModel for fluid 'shakenstir:vodka_fluid_flow'
[19:25:25] [Worker-Main-5/WARN]: Missing FluidModel for fluid 'shakenstir:whiskey_fluid'
[19:25:25] [Worker-Main-5/WARN]: Missing FluidModel for fluid 'shakenstir:whiskey_fluid_flow'
[19:25:25] [Worker-Main-5/WARN]: Missing FluidModel for fluid 'shakenstir:branky_fluid'
[19:25:25] [Worker-Main-5/WARN]: Missing FluidModel for fluid 'shakenstir:branky_fluid_flow'
[19:25:25] [Worker-Main-5/WARN]: Missing FluidModel for fluid 'shakenstir:rum_fluid'
[19:25:25] [Worker-Main-5/WARN]: Missing FluidModel for fluid 'shakenstir:rum_fluid_flow'
[19:25:25] [Worker-Main-5/WARN]: Missing FluidModel for fluid 'shakenstir:tequila_fluid'
[19:25:25] [Worker-Main-5/WARN]: Missing FluidModel for fluid 'shakenstir:tequila_fluid_flow'
[19:25:25] [Worker-Main-5/WARN]: Missing FluidModel for fluid 'shakenstir:bubble_fluid'
[19:25:25] [Worker-Main-5/WARN]: Missing FluidModel for fluid 'shakenstir:bubble_fluid_flow'
[19:25:25] [Worker-Main-5/WARN]: Missing textures in model sip_moment:block/champagne_glass_3:
    minecraft:champagne_glass
[19:25:25] [Worker-Main-5/WARN]: Missing textures in model sip_moment:block/champagne_glass_4:
    minecraft:champagne_glass
[19:25:25] [Worker-Main-5/WARN]: Missing textures in model sip_moment:block/champagne_glass_1:
    minecraft:champagne_glass
[19:25:25] [Worker-Main-5/WARN]: Missing textures in model sip_moment:block/champagne_glass_2:
    minecraft:champagne_glass
[19:25:25] [Worker-Main-5/WARN]: Missing textures in model minecartrevolution:item/minecart_cactus:
    minecartrevolution:item/minecart_cactus
[19:25:25] [Worker-Main-5/WARN]: Missing textures in model ashihara:item/bloomed_hydrangea_bush:
    ashihara:block/hydrangea_leaves
[19:25:25] [Worker-Main-5/WARN]: Missing textures in model minecartrevolution:item/minecart_iron_presher_plate:
    minecartrevolution:item/minecart_iron_presher_plate
[19:25:25] [Worker-Main-5/WARN]: Missing textures in model programmable_magic:item/mananet_mana_generator_test:
    minecraft:block/texture
[19:25:25] [Worker-Main-5/WARN]: Missing textures in model ether_craft:item/process_chip:
    ether_craft:item/process_chip
[19:25:25] [Worker-Main-5/WARN]: Missing textures in model minecartrevolution:item/minecart_redstone:
    minecartrevolution:item/minecart_redstone
[19:25:25] [Worker-Main-5/WARN]: Missing textures in model minecartrevolution:item/minecart_sponge:
    minecartrevolution:item/minecart_sponge
[19:25:25] [Worker-Main-5/WARN]: Missing textures in model minecartrevolution:item/minecart_golden_presher_plate:
    minecartrevolution:item/minecart_golden_presher_plate
[19:25:25] [Worker-Main-5/WARN]: Missing textures in model programmable_magic:item/mananet_mana_consumer_test:
    minecraft:block/texture
[19:25:25] [Worker-Main-5/WARN]: Missing textures in model simple_path_finder:item/locator:
    simple_path_finder:item/locator
[19:25:25] [Worker-Main-5/WARN]: Missing textures in model minecartrevolution:item/minecart_wet_sponge:
    minecartrevolution:item/minecart_wet_sponge
[19:25:25] [Worker-Main-5/WARN]: Missing textures in model minecartrevolution:item/minecart_dragon_egg:
    minecartrevolution:item/minecart_dragon_egg
[19:25:25] [Worker-Main-5/WARN]: Missing textures in model programmable_magic:item/mananet_mana_cache_test:
    minecraft:block/texture
[19:25:25] [Worker-Main-5/WARN]: Missing textures in model minecartrevolution:sofa/sofa:
    minecraft:white_wool
[19:25:25] [Worker-Main-5/WARN]: Missing textures in model yuushya:item/sign_14:
    yuushya:0extra_building_material/preview/poster/poster_large
[19:25:25] [Worker-Main-5/WARN]: Missing textures in model beyond:item/test_item:
    beyond:item/test_item
[19:25:25] [Worker-Main-5/WARN]: Missing textures in model minecartrevolution:item/minecart_barrel:
    minecartrevolution:item/minecart_barrel
[19:25:25] [Worker-Main-5/WARN]: Missing textures in model nekoplus:block/mineral_fountail_pressurizer:
    nekoplus:block/mineral_fountail_pressurizer
[19:25:25] [Worker-Main-5/WARN]: Missing textures in model letter_signal_phone:item/stamp_foil_high_rare:
    letter_signal_phone:overlay/crystal_foil
[19:25:25] [Worker-Main-5/WARN]: Missing textures in model minecartrevolution:item/minecart_campfire:
    minecartrevolution:item/minecart_campfire
[19:25:25] [Worker-Main-5/WARN]: Missing textures in model yuushya:item/knife_rest:
    minecraft:block/dark_concrete
[19:25:25] [Worker-Main-5/WARN]: Missing textures in model yuushya:extra_building_material/ashtray:
    minecraft:block/grass
[19:25:25] [Worker-Main-5/WARN]: Missing textures in model minecartrevolution:item/minecart_repeater:
    minecartrevolution:item/minecart_repeater
[19:25:25] [Worker-Main-5/WARN]: Missing textures in model minecartrevolution:item/minecart_bell:
    minecartrevolution:item/minecart_bell
[19:25:25] [Worker-Main-5/WARN]: Missing textures in model ashihara:block/hydrangea_bush:
    ashihara:block/hydrangea_leaves
[19:25:25] [Worker-Main-5/WARN]: Missing textures in model letter_signal_phone:item/stamp_foil_unique_rare:
    letter_signal_phone:overlay/diamond_foil
[19:25:25] [Worker-Main-5/WARN]: Missing textures in model anvilcraft:item/spectral_weapon_launcher_off:
    anvilcraft:item/spectral_weapon_launcher_off
[19:25:25] [Worker-Main-5/WARN]: Missing textures in model resin_gun:resin_gun_empty_lefthand:
    resin_gun:item/resin_gun_empty_s
[19:25:25] [Worker-Main-5/WARN]: Missing textures in model minecartrevolution:item/minecart_magma:
    minecartrevolution:item/minecart_magma
[19:25:25] [Worker-Main-5/WARN]: Missing textures in model letter_signal_phone:item/owl_stamp:
    letter_signal_phone:stamp/owl_stamp
[19:25:25] [Worker-Main-5/WARN]: Missing textures in model ashihara:block/fluid/soy_milk:
    ashihara:fluid/milky_liquid_still
[19:25:25] [Worker-Main-5/WARN]: Missing textures in model yuushya:item/ashtray:
    minecraft:block/grass
[19:25:25] [Worker-Main-5/WARN]: Missing textures in model ashihara:block/bloomed_hydrangea_bush:
    ashihara:block/hydrangea_leaves
[19:25:25] [Worker-Main-5/WARN]: Missing textures in model programmable_magic:block/basic_mana_connector_floor:
    minecraft:block/texture
[19:25:25] [Worker-Main-5/WARN]: Missing textures in model minecartrevolution:item/minecart_with_block:
    minecartrevolution:item/minecart_with_block
[19:25:25] [Worker-Main-5/WARN]: Missing textures in model yuushya:extra_building_material/knife_rest:
    minecraft:block/dark_concrete
[19:25:25] [Worker-Main-5/WARN]: Missing textures in model ashihara:item/hydrangea_bush:
    ashihara:block/hydrangea_leaves
[19:25:25] [Worker-Main-5/WARN]: Missing textures in model minecartrevolution:item/minecart_jukebox:
    minecartrevolution:item/minecart_jukebox
[19:25:25] [Worker-Main-5/WARN]: Missing textures in model yuushya:extra_building_material/refrigerator_decorated_open:
    minecraft:block/black_concrete_
[19:25:25] [Worker-Main-5/WARN]: Missing textures in model yuushya:item/butterfly:
    yuushya:0extra_building_material/preview/character_black_blur
[19:25:25] [Worker-Main-5/WARN]: Missing textures in model letter_signal_phone:item/stamp_foil_rare:
    letter_signal_phone:overlay/rainbow_color_foil
[19:25:25] [Worker-Main-5/WARN]: Missing textures in model letter_signal_phone:item/stamp_foil_rgb_rare:
    letter_signal_phone:overlay/rainbow
[19:25:25] [Worker-Main-5/WARN]: Missing textures in model minecartrevolution:item/minecart_soul_campfire:
    minecartrevolution:item/minecart_soul_campfire
[19:25:25] [Worker-Main-5/WARN]: Missing textures in model yuushya:extra_building_material/randomized/sign_14/1:
    yuushya:0extra_building_material/preview/poster/poster_large
[19:25:25] [Worker-Main-5/WARN]: Missing textures in model drglaserpointer:item/laser_pointer:
    minecraft:na
[19:25:25] [Worker-Main-5/WARN]: Missing textures in model minecartrevolution:item/minecart_presher_plate:
    minecartrevolution:item/minecart_presher_plate
[19:25:25] [Worker-Main-5/WARN]: Missing textures in model ether_craft:item/direct_input:
    ether_craft:item/direct_input
[19:25:25] [Worker-Main-5/WARN]: Missing textures in model yuushya:extra_building_material/randomized/sign_14/5:
    yuushya:0extra_building_material/preview/poster/poster_large
[19:25:25] [Worker-Main-5/WARN]: Missing textures in model yuushya:extra_building_material/randomized/sign_14/4:
    yuushya:0extra_building_material/preview/poster/poster_large
[19:25:25] [Worker-Main-5/WARN]: Missing textures in model yuushya:extra_building_material/randomized/sign_14/3:
    yuushya:0extra_building_material/preview/poster/poster_large
[19:25:25] [Worker-Main-5/WARN]: Missing textures in model yuushya:extra_building_material/randomized/sign_14/2:
    yuushya:0extra_building_material/preview/poster/poster_large
[19:25:25] [Worker-Main-5/WARN]: Missing textures in model shakenstir:item/shake_content_holder:
    shakenstir:item/shake_content_holder
    shakenstir:item/shake_content_holder_overlay
[19:25:25] [Worker-Main-5/WARN]: Missing texture references in model shadowsandpetals:block/vanity/ginkgo_drawer:
    particle
[19:25:25] [Worker-Main-5/WARN]: Missing texture references in model shadowsandpetals:item/vanity/bamboo:
    particle
[19:25:25] [Worker-Main-5/WARN]: Missing texture references in model mekmm:block/factory/lathing/active/basic_base:
    #missing
[19:25:25] [Worker-Main-5/WARN]: Missing texture references in model ashihara:block/drying_rice_dry_upper:
    particle
[19:25:25] [Worker-Main-5/WARN]: Missing texture references in model shadowsandpetals:item/vanity/oak:
    particle
[19:25:25] [Worker-Main-5/WARN]: Missing texture references in model programmable_magic:item/mananet_mana_consumer_test:
    #missing
[19:25:25] [Worker-Main-5/WARN]: Missing texture references in model shadowsandpetals:item/vanity/birch:
    particle
[19:25:25] [Worker-Main-5/WARN]: Missing texture references in model shadowsandpetals:block/vanity/dark_oak_drawer:
    particle
[19:25:25] [Worker-Main-5/WARN]: Missing texture references in model yuushya:item/truck_head_dark:
    #missing
[19:25:25] [Worker-Main-5/WARN]: Missing texture references in model bakeries:block/bread_rack_right:
    #missing
[19:25:25] [Worker-Main-5/WARN]: Missing texture references in model yuushya:item/car_dark_part_b:
    #missing
[19:25:25] [Worker-Main-5/WARN]: Missing texture references in model yuushya:item/chibi_1:
    particle
[19:25:25] [Worker-Main-5/WARN]: Missing texture references in model yuushya:extra_building_material/hanging_pot/tulip__:
    particle
[19:25:25] [Worker-Main-5/WARN]: Missing texture references in model yuushya:item/chibi_2:
    particle
[19:25:25] [Worker-Main-5/WARN]: Missing texture references in model yuushya:extra_building_material/truck_head_white:
    #missing
[19:25:25] [Worker-Main-5/WARN]: Missing texture references in model yuushya:item/chibi_4:
    particle
[19:25:25] [Worker-Main-5/WARN]: Missing texture references in model yuushya:item/chibi_5:
    particle
[19:25:25] [Worker-Main-5/WARN]: Missing texture references in model yuushya:item/chibi_6:
    particle
[19:25:25] [Worker-Main-5/WARN]: Missing texture references in model yuushya:extra_building_material/bread_plate:
    #missing
[19:25:25] [Worker-Main-5/WARN]: Missing texture references in model yuushya:item/truck_head_yellow:
    #missing
[19:25:25] [Worker-Main-5/WARN]: Missing texture references in model ashihara:block/jinja_lantern:
    particle
[19:25:25] [Worker-Main-5/WARN]: Missing texture references in model yuushya:extra_building_material/microwaver:
    #missing
[19:25:25] [Worker-Main-5/WARN]: Missing texture references in model yuushya:item/coconut:
    #missing
[19:25:25] [Worker-Main-5/WARN]: Missing texture references in model yuushya:item/meshed_air_conditioning_condenser:
    #missing
[19:25:25] [Worker-Main-5/WARN]: Missing texture references in model shadowsandpetals:item/vanity/dark_oak:
    particle
[19:25:25] [Worker-Main-5/WARN]: Missing texture references in model yuushya:extra_building_material/truck_head_red:
    #missing
[19:25:25] [Worker-Main-5/WARN]: Missing texture references in model mekmm:item/large_wind_generator:
    particle
[19:25:25] [Worker-Main-5/WARN]: Missing texture references in model programmable_magic:block/solar_panel:
    particle
[19:25:25] [Worker-Main-5/WARN]: Missing texture references in model nekoplus:item/tardis:
    particle
[19:25:25] [Worker-Main-5/WARN]: Missing texture references in model anvilcraft:block/remote_transmission_pole_base:
    #missing
[19:25:25] [Worker-Main-5/WARN]: Missing texture references in model yuushya:extra_building_material/car_white_part_b:
    #missing
[19:25:25] [Worker-Main-5/WARN]: Missing texture references in model nekoplus:item/stellar_engine:
    particle
[19:25:25] [Worker-Main-5/WARN]: Missing texture references in model bakeries:item/oven:
    particle
[19:25:25] [Worker-Main-5/WARN]: Missing texture references in model yuushya:extra_building_material/mailbox0:
    #missing
[19:25:25] [Worker-Main-5/WARN]: Missing texture references in model mekmm:block/factory/lathing/ultimate_base:
    #missing
[19:25:25] [Worker-Main-5/WARN]: Missing texture references in model yuushya:extra_building_material/recycle_bin_1:
    #missing
[19:25:25] [Worker-Main-5/WARN]: Missing texture references in model yuushya:extra_building_material/recycle_bin_0:
    #missing
[19:25:25] [Worker-Main-5/WARN]: Missing texture references in model yuushya:extra_building_material/recycle_bin_3:
    #missing
[19:25:25] [Worker-Main-5/WARN]: Missing texture references in model yuushya:extra_building_material/recycle_bin_2:
    #missing
[19:25:25] [Worker-Main-5/WARN]: Missing texture references in model mekmm:item/creative_lathing_factory_base:
    #missing
[19:25:25] [Worker-Main-5/WARN]: Missing texture references in model yuushya:item/washing_machine:
    #missing
[19:25:25] [Worker-Main-5/WARN]: Missing texture references in model yuushya:item/binoculars:
    #missing
[19:25:25] [Worker-Main-5/WARN]: Missing texture references in model caupona:block/loaf_bottom:
    particle
[19:25:25] [Worker-Main-5/WARN]: Missing texture references in model bakeries:item/country_bread_dough:
    particle
[19:25:25] [Worker-Main-5/WARN]: Missing texture references in model yuushya:item/car_blue_part_b:
    #missing
[19:25:25] [Worker-Main-5/WARN]: Missing texture references in model yuushya:extra_building_material/freezer_:
    #missing
[19:25:25] [Worker-Main-5/WARN]: Missing texture references in model yuushya:item/gas_pump:
    #missing
[19:25:25] [Worker-Main-5/WARN]: Missing texture references in model shadowsandpetals:item/vanity/warped:
    particle
[19:25:25] [Worker-Main-5/WARN]: Missing texture references in model yuushya:extra_building_material/hanging_pot/tulip____:
    particle
[19:25:25] [Worker-Main-5/WARN]: Missing texture references in model yuushya:extra_building_material/ebike:
    #missing
[19:25:25] [Worker-Main-5/WARN]: Missing texture references in model ashihara:block/hexagonal_hanging_lantern:
    #missing
[19:25:25] [Worker-Main-5/WARN]: Missing texture references in model resin_gun:resin_land_01:
    particle
[19:25:25] [Worker-Main-5/WARN]: Missing texture references in model minecraft:block/block:
    particle
[19:25:25] [Worker-Main-5/WARN]: Missing texture references in model yuushya:item/vertical_mailbox:
    #missing
[19:25:25] [Worker-Main-5/WARN]: Missing texture references in model yuushya:item/microwaver:
    #missing
[19:25:25] [Worker-Main-5/WARN]: Missing texture references in model minecraft:item/generated:
    particle
[19:25:25] [Worker-Main-5/WARN]: Missing texture references in model mekanism:item/personal_chest:
    particle
[19:25:25] [Worker-Main-5/WARN]: Missing texture references in model yuushya:item/block_blueprint:
    #missing
[19:25:25] [Worker-Main-5/WARN]: Missing texture references in model bakeries:block/bread_basket_fill:
    #missing
[19:25:25] [Worker-Main-5/WARN]: Missing texture references in model bakeries:block/toaster:
    #missing
[19:25:25] [Worker-Main-5/WARN]: Missing texture references in model yuushya:extra_building_material/binoculars:
    #missing
[19:25:25] [Worker-Main-5/WARN]: Missing texture references in model yuushya:extra_building_material/coconut:
    #missing
[19:25:25] [Worker-Main-5/WARN]: Missing texture references in model yuushya:item/office_chair:
    particle
[19:25:25] [Worker-Main-5/WARN]: Missing texture references in model shadowsandpetals:block/vanity/sakura_drawer:
    particle
[19:25:25] [Worker-Main-5/WARN]: Missing texture references in model yuushya:item/truck_head_white:
    #missing
[19:25:25] [Worker-Main-5/WARN]: Missing texture references in model yuushya:extra_building_material/hanging_pot/tulip___:
    particle
[19:25:25] [Worker-Main-5/WARN]: Missing texture references in model programmable_magic:item/mananet_mana_generator_test:
    #missing
[19:25:25] [Worker-Main-5/WARN]: Missing texture references in model shadowsandpetals:block/vanity/cherry_drawer:
    particle
[19:25:25] [Worker-Main-5/WARN]: Missing texture references in model shadowsandpetals:block/vanity/spruce_drawer:
    particle
[19:25:25] [Worker-Main-5/WARN]: Missing texture references in model yuushya:item/croissant:
    #missing
[19:25:25] [Worker-Main-5/WARN]: Missing texture references in model yuushya:item/christmas_hat:
    particle
[19:25:25] [Worker-Main-5/WARN]: Missing texture references in model yuushya:item/beef:
    #missing
[19:25:25] [Worker-Main-5/WARN]: Missing texture references in model yuushya:item/dining_truck:
    #missing
[19:25:25] [Worker-Main-5/WARN]: Missing texture references in model yuushya:extra_building_material/truck_head_blue:
    #missing
[19:25:25] [Worker-Main-5/WARN]: Missing texture references in model shadowsandpetals:item/vanity/acacia:
    particle
[19:25:25] [Worker-Main-5/WARN]: Missing texture references in model bakeries:block/bread_basket:
    #missing
[19:25:25] [Worker-Main-5/WARN]: Missing texture references in model yuushya:item/normal_truck:
    #missing
[19:25:25] [Worker-Main-5/WARN]: Missing texture references in model mekmm:block/factory/lathing/active/ultimate_base:
    #missing
[19:25:25] [Worker-Main-5/WARN]: Missing texture references in model nekoplus:item/programmable_logic_gate:
    particle
[19:25:25] [Worker-Main-5/WARN]: Missing texture references in model industrybase:item/iron_pipe:
    particle
[19:25:25] [Worker-Main-5/WARN]: Missing texture references in model yuushya:extra_building_material/monitor:
    particle
[19:25:25] [Worker-Main-5/WARN]: Missing texture references in model mekmm:item/basic_lathing_factory_base:
    #missing
[19:25:25] [Worker-Main-5/WARN]: Missing texture references in model ashihara:item/jinja_lantern:
    particle
[19:25:25] [Worker-Main-5/WARN]: Missing texture references in model yuushya:extra_building_material/washing_machine:
    #missing
[19:25:25] [Worker-Main-5/WARN]: Missing texture references in model yuushya:extra_building_material/car_dark_part_b:
    #missing
[19:25:25] [Worker-Main-5/WARN]: Missing texture references in model yuushya:extra_building_material/car_blue_part_b:
    #missing
[19:25:25] [Worker-Main-5/WARN]: Missing texture references in model ashihara:block/tea_tree/tea_blooms:
    particle
[19:25:25] [Worker-Main-5/WARN]: Missing texture references in model mekmm:item/multiversal_lathing_factory_base:
    #missing
[19:25:25] [Worker-Main-5/WARN]: Missing texture references in model shadowsandpetals:block/vanity/crimson_drawer:
    particle
[19:25:25] [Worker-Main-5/WARN]: Missing texture references in model yuushya:item/porcelain_vase:
    #missing
[19:25:25] [Worker-Main-5/WARN]: Missing texture references in model shadowsandpetals:block/vanity/mangrove_drawer:
    particle
[19:25:25] [Worker-Main-5/WARN]: Missing texture references in model nekoplus:block/programmable_logic_gate_torch_off:
    particle
[19:25:25] [Worker-Main-5/WARN]: Missing texture references in model yuushya:item/snow_layer:
    particle
[19:25:25] [Worker-Main-5/WARN]: Missing texture references in model programmable_magic:block/basic_mana_connector_floor:
    #missing
[19:25:25] [Worker-Main-5/WARN]: Missing texture references in model yuushya:item/truck_head_red:
    #missing
[19:25:25] [Worker-Main-5/WARN]: Missing texture references in model powertool:item/marting_car_green:
    particle
[19:25:25] [Worker-Main-5/WARN]: Missing texture references in model mekmm:item/quantum_lathing_factory_base:
    #missing
[19:25:25] [Worker-Main-5/WARN]: Missing texture references in model yuushya:item/car_yellow_part_b:
    #missing
[19:25:25] [Worker-Main-5/WARN]: Missing texture references in model anvilcraft:block/advanced_comparator_indicator:
    particle
[19:25:25] [Worker-Main-5/WARN]: Missing texture references in model ashihara:item/hexagonal_hanging_lantern:
    #missing
[19:25:25] [Worker-Main-5/WARN]: Missing texture references in model shadowsandpetals:block/vanity/maple_drawer:
    particle
[19:25:25] [Worker-Main-5/WARN]: Missing texture references in model yuushya:extra_building_material/flower_pot/potted_dandelion:
    #missing
[19:25:25] [Worker-Main-5/WARN]: Missing texture references in model ashihara:item/otsuchi:
    #1
[19:25:25] [Worker-Main-5/WARN]: Missing texture references in model powertool:block/temple:
    #missing
[19:25:25] [Worker-Main-5/WARN]: Missing texture references in model yuushya:item/potted_sunflower:
    #missing
[19:25:25] [Worker-Main-5/WARN]: Missing texture references in model resin_gun:ex/resin_fire/3:
    particle
[19:25:25] [Worker-Main-5/WARN]: Missing texture references in model resin_gun:ex/resin_fire/4:
    particle
[19:25:25] [Worker-Main-5/WARN]: Missing texture references in model resin_gun:ex/resin_fire/5:
    particle
[19:25:25] [Worker-Main-5/WARN]: Missing texture references in model anvilcraft:block/tesla_tower_overall:
    #missing
[19:25:25] [Worker-Main-5/WARN]: Missing texture references in model resin_gun:ex/resin_fire/6:
    particle
[19:25:25] [Worker-Main-5/WARN]: Missing texture references in model yuushya:extra_building_material/car_red_part_b:
    #missing
[19:25:25] [Worker-Main-5/WARN]: Missing texture references in model resin_gun:ex/resin_fire/0:
    particle
[19:25:25] [Worker-Main-5/WARN]: Missing texture references in model shadowsandpetals:item/vanity/mangrove:
    particle
[19:25:25] [Worker-Main-5/WARN]: Missing texture references in model resin_gun:ex/resin_fire/1:
    particle
[19:25:25] [Worker-Main-5/WARN]: Missing texture references in model resin_gun:ex/resin_fire/2:
    particle
[19:25:25] [Worker-Main-5/WARN]: Missing texture references in model programmable_magic:block/basic_mana_connector_wall:
    #missing
    particle
[19:25:25] [Worker-Main-5/WARN]: Missing texture references in model mekmm:item/dense_lathing_factory_base:
    #missing
[19:25:25] [Worker-Main-5/WARN]: Missing texture references in model yuushya:item/hanging_red_tulip:
    particle
[19:25:25] [Worker-Main-5/WARN]: Missing texture references in model yuushya:item/truck_head_blue:
    #missing
[19:25:25] [Worker-Main-5/WARN]: Missing texture references in model ashihara:block/drying_rice_dry:
    particle
[19:25:25] [Worker-Main-5/WARN]: Missing texture references in model mekmm:block/factory/lathing/active/advanced_base:
    #missing
[19:25:25] [Worker-Main-5/WARN]: Missing texture references in model shadowsandpetals:item/vanity/jungle:
    particle
[19:25:25] [Worker-Main-5/WARN]: Missing texture references in model resin_gun:resin_gun_empty:
    particle
[19:25:25] [Worker-Main-5/WARN]: Missing texture references in model ashihara:block/tea_tree/tea_tree_age1:
    particle
[19:25:25] [Worker-Main-5/WARN]: Missing texture references in model yuushya:extra_building_material/mounted_clothes/cloth_3:
    #missing
[19:25:25] [Worker-Main-5/WARN]: Missing texture references in model yuushya:extra_building_material/truck_head_yellow:
    #missing
[19:25:25] [Worker-Main-5/WARN]: Missing texture references in model yuushya:extra_building_material/classic_terminal_with_keyboard_activated:
    #missing
[19:25:25] [Worker-Main-5/WARN]: Missing texture references in model mekmm:item/large_chemical_infuser:
    #missing
[19:25:25] [Worker-Main-5/WARN]: Missing texture references in model mekmm:block/factory/lathing/elite_base:
    #missing
[19:25:25] [Worker-Main-5/WARN]: Missing texture references in model yuushya:extra_building_material/mounted_clothes/cloth_1:
    #missing
[19:25:25] [Worker-Main-5/WARN]: Missing texture references in model industrybase:item/wire:
    particle
[19:25:25] [Worker-Main-5/WARN]: Missing texture references in model yuushya:extra_building_material/mounted_clothes/cloth_2:
    #missing
[19:25:25] [Worker-Main-5/WARN]: Missing texture references in model yuushya:item/backpack:
    particle
[19:25:25] [Worker-Main-5/WARN]: Missing texture references in model yuushya:extra_building_material/mounted_clothes/cloth_0:
    #missing
[19:25:25] [Worker-Main-5/WARN]: Missing texture references in model resin_gun:resin_gun_empty_lefthand:
    particle
[19:25:25] [Worker-Main-5/WARN]: Missing texture references in model shadowsandpetals:item/vanity/crimson:
    particle
[19:25:25] [Worker-Main-5/WARN]: Missing texture references in model mekmm:item/elite_lathing_factory_base:
    #missing
[19:25:25] [Worker-Main-5/WARN]: Missing texture references in model powertool:item/slim_item_supplier:
    particle
[19:25:25] [Worker-Main-5/WARN]: Missing texture references in model wenyan_programming:block/crafting_block:
    particle
[19:25:25] [Worker-Main-5/WARN]: Missing texture references in model yuushya:item/piano:
    particle
[19:25:25] [Worker-Main-5/WARN]: Missing texture references in model shadowsandpetals:item/vanity/ginkgo:
    particle
[19:25:25] [Worker-Main-5/WARN]: Missing texture references in model yuushya:extra_building_material/chalk:
    #missing
[19:25:25] [Worker-Main-5/WARN]: Missing texture references in model yuushya:extra_building_material/airc2:
    #missing
[19:25:25] [Worker-Main-5/WARN]: Missing texture references in model ashihara:item/advanced_fence:
    #0
    particle
[19:25:25] [Worker-Main-5/WARN]: Missing texture references in model powertool:item/marting_car_blue:
    particle
[19:25:25] [Worker-Main-5/WARN]: Missing texture references in model bakeries:item/bread_basket:
    #missing
[19:25:25] [Worker-Main-5/WARN]: Missing texture references in model yuushya:extra_building_material/freezer:
    #missing
[19:25:25] [Worker-Main-5/WARN]: Missing texture references in model yuushya:item/half_slab:
    particle
[19:25:25] [Worker-Main-5/WARN]: Missing texture references in model shadowsandpetals:item/vanity/maple:
    particle
[19:25:25] [Worker-Main-5/WARN]: Missing texture references in model caupona:block/loaf_top:
    particle
[19:25:25] [Worker-Main-5/WARN]: Missing texture references in model shadowsandpetals:block/vanity/bamboo_drawer:
    particle
[19:25:25] [Worker-Main-5/WARN]: Missing texture references in model mekmm:item/ultimate_lathing_factory_base:
    #missing
[19:25:25] [Worker-Main-5/WARN]: Missing texture references in model yuushya:item/hanging_pink_tulip:
    particle
[19:25:25] [Worker-Main-5/WARN]: Missing texture references in model mekmm:block/large_machine/large_chemical_infuser/on:
    #missing
[19:25:25] [Worker-Main-5/WARN]: Missing texture references in model yuushya:item/car_white_part_b:
    #missing
[19:25:25] [Worker-Main-5/WARN]: Missing texture references in model yuushya:item/mori_cat_pet_store:
    #missing
[19:25:25] [Worker-Main-5/WARN]: Missing texture references in model yuushya:extra_building_material/vase:
    #missing
[19:25:25] [Worker-Main-5/WARN]: Missing texture references in model yuushya:extra_building_material/food/beef:
    #missing
[19:25:25] [Worker-Main-5/WARN]: Missing texture references in model mekanism:item/seismic_vibrator:
    particle
[19:25:25] [Worker-Main-5/WARN]: Missing texture references in model yuushya:extra_building_material/classic_terminal_with_keyboard:
    #missing
[19:25:25] [Worker-Main-5/WARN]: Missing texture references in model resin_gun:resin_gun_fps_empty:
    particle
[19:25:25] [Worker-Main-5/WARN]: Missing texture references in model shadowsandpetals:block/vanity/jungle_drawer:
    particle
[19:25:25] [Worker-Main-5/WARN]: Missing texture references in model mekmm:block/factory/lathing/advanced_base:
    #missing
[19:25:25] [Worker-Main-5/WARN]: Missing texture references in model powertool:block/empty:
    particle
[19:25:25] [Worker-Main-5/WARN]: Missing texture references in model shadowsandpetals:item/vanity/cherry:
    particle
[19:25:25] [Worker-Main-5/WARN]: Missing texture references in model shadowsandpetals:item/vanity/pale_oak:
    particle
[19:25:25] [Worker-Main-5/WARN]: Missing texture references in model shadowsandpetals:block/vanity/birch_drawer:
    particle
[19:25:25] [Worker-Main-5/WARN]: Missing texture references in model yuushya:item/gold_vase:
    #missing
[19:25:25] [Worker-Main-5/WARN]: Missing texture references in model yuushya:item/electric_motorcycle:
    #missing
[19:25:25] [Worker-Main-5/WARN]: Missing texture references in model bakeries:block/toaster_lit:
    #missing
[19:25:25] [Worker-Main-5/WARN]: Missing texture references in model resin_gun:resin_egg_03:
    particle
[19:25:25] [Worker-Main-5/WARN]: Missing texture references in model programmable_magic:item/mananet_mana_cache_test:
    #missing
[19:25:25] [Worker-Main-5/WARN]: Missing texture references in model resin_gun:resin_egg_01:
    particle
[19:25:25] [Worker-Main-5/WARN]: Missing texture references in model mekmm:block/factory/lathing/active/elite_base:
    #missing
[19:25:25] [Worker-Main-5/WARN]: Missing texture references in model touhou_little_maid:item/picnic_basket_in_hand:
    particle
[19:25:25] [Worker-Main-5/WARN]: Missing texture references in model bakeries:block/bread_rack_all:
    #missing
[19:25:25] [Worker-Main-5/WARN]: Missing texture references in model mekmm:block/factory/lathing/basic_base:
    #missing
[19:25:25] [Worker-Main-5/WARN]: Missing texture references in model yuushya:item/monitor_with_tablet:
    particle
[19:25:25] [Worker-Main-5/WARN]: Missing texture references in model yuushya:extra_building_material/food/beef_1:
    #missing
[19:25:25] [Worker-Main-5/WARN]: Missing texture references in model bakeries:item/toaster:
    #missing
[19:25:25] [Worker-Main-5/WARN]: Missing texture references in model yuushya:extra_building_material/car_yellow_part_b:
    #missing
[19:25:25] [Worker-Main-5/WARN]: Missing texture references in model yuushya:item/recycle_bin_5:
    #missing
[19:25:25] [Worker-Main-5/WARN]: Missing texture references in model shadowsandpetals:block/vanity/pale_oak_drawer:
    particle
[19:25:25] [Worker-Main-5/WARN]: Missing texture references in model shadowsandpetals:item/vanity/sakura:
    particle
[19:25:25] [Worker-Main-5/WARN]: Missing texture references in model yuushya:item/recycle_bin_4:
    #missing
[19:25:25] [Worker-Main-5/WARN]: Missing texture references in model shadowsandpetals:block/vanity/warped_drawer:
    particle
[19:25:25] [Worker-Main-5/WARN]: Missing texture references in model resin_gun:resin_gun_charge:
    particle
[19:25:25] [Worker-Main-5/WARN]: Missing texture references in model powertool:item/temple:
    #missing
[19:25:25] [Worker-Main-5/WARN]: Missing texture references in model yuushya:item/car_red_part_b:
    #missing
[19:25:25] [Worker-Main-5/WARN]: Missing texture references in model powertool:item/marting_car_red:
    particle
[19:25:25] [Worker-Main-5/WARN]: Missing texture references in model yuushya:extra_building_material/gas_pump:
    #missing
[19:25:25] [Worker-Main-5/WARN]: Missing texture references in model yuushya:extra_building_material/truck_head_dark:
    #missing
[19:25:25] [Worker-Main-5/WARN]: Missing texture references in model yuushya:item/freezer:
    #missing
[19:25:25] [Worker-Main-5/WARN]: Missing texture references in model yuushya:item/recycle_bin_3:
    #missing
[19:25:25] [Worker-Main-5/WARN]: Missing texture references in model yuushya:item/recycle_bin_2:
    #missing
[19:25:25] [Worker-Main-5/WARN]: Missing texture references in model yuushya:item/washing_machine_sym:
    #missing
[19:25:25] [Worker-Main-5/WARN]: Missing texture references in model mekmm:item/overclocked_lathing_factory_base:
    #missing
[19:25:25] [Worker-Main-5/WARN]: Missing texture references in model anvilcraft:block/tesla_tower_base:
    #missing
[19:25:25] [Worker-Main-5/WARN]: Missing texture references in model mekmm:block/large_machine/large_chemical_infuser/off:
    #missing
[19:25:25] [Worker-Main-5/WARN]: Missing texture references in model yuushya:item/mounted_cloth_2:
    #missing
[19:25:25] [Worker-Main-5/WARN]: Missing texture references in model mekmm:item/advanced_lathing_factory_base:
    #missing
[19:25:25] [Worker-Main-5/WARN]: Missing texture references in model yuushya:item/mounted_cloth_3:
    #missing
[19:25:25] [Worker-Main-5/WARN]: Missing texture references in model yuushya:item/freezer_:
    #missing
[19:25:25] [Worker-Main-5/WARN]: Missing texture references in model yuushya:item/mounted_cloth_0:
    #missing
[19:25:25] [Worker-Main-5/WARN]: Missing texture references in model yuushya:item/mounted_cloth_1:
    #missing
[19:25:25] [Worker-Main-5/WARN]: Missing texture references in model yuushya:item/chalk_box:
    #missing
[19:25:25] [Worker-Main-5/WARN]: Missing texture references in model yuushya:item/audio_large:
    particle
[19:25:25] [Worker-Main-5/WARN]: Missing texture references in model ashihara:block/drying_rice_wet:
    particle
[19:25:25] [Worker-Main-5/WARN]: Missing texture references in model touhou_little_maid:item/snack_cabinet_in_hand:
    particle
[19:25:25] [Worker-Main-5/WARN]: Missing texture references in model yuushya:extra_building_material/vase1:
    #missing
[19:25:25] [Worker-Main-5/WARN]: Missing texture references in model ashihara:block/drying_rice_wet_upper:
    particle
[19:25:25] [Worker-Main-5/WARN]: Missing texture references in model yuushya:item/audio:
    particle
[19:25:25] [Worker-Main-5/WARN]: Missing texture references in model shadowsandpetals:block/vanity/oak_drawer:
    particle
[19:25:25] [Worker-Main-5/WARN]: Missing texture references in model yuushya:extra_building_material/mailbox:
    #missing
[19:25:25] [Worker-Main-5/WARN]: Missing texture references in model bakeries:block/bread_rack_left:
    #missing
[19:25:25] [Worker-Main-5/WARN]: Missing texture references in model yuushya:extra_building_material/washing_machine_:
    #missing
[19:25:25] [Worker-Main-5/WARN]: Missing texture references in model yuushya:item/hanging_blue_tulip:
    particle
[19:25:25] [Worker-Main-5/WARN]: Missing texture references in model shadowsandpetals:item/vanity/spruce:
    particle
[19:25:25] [Worker-Main-5/WARN]: Missing texture references in model shadowsandpetals:block/vanity/acacia_drawer:
    particle
[19:25:25] [Worker-Main-5/WARN]: Missing texture references in model powertool:block/slim_item_supplier:
    particle
[19:25:25] [Worker-Main-5/WARN]: Missing model for variant: 'Block{programmable_magic:dummy_block}[x_offset=neg4,y_offset=neg4,z_offset=neg4]'
[19:25:25] [Worker-Main-5/WARN]: Missing model for variant: 'Block{programmable_magic:dummy_block}[x_offset=neg4,y_offset=neg4,z_offset=neg3]'
[19:25:25] [Worker-Main-5/WARN]: Missing model for variant: 'Block{programmable_magic:dummy_block}[x_offset=neg4,y_offset=neg4,z_offset=neg2]'
[19:25:25] [Worker-Main-5/WARN]: Missing model for variant: 'Block{programmable_magic:dummy_block}[x_offset=neg4,y_offset=neg4,z_offset=neg1]'
[19:25:25] [Worker-Main-5/WARN]: Missing model for variant: 'Block{programmable_magic:dummy_block}[x_offset=neg4,y_offset=neg4,z_offset=0]'
[19:25:25] [Worker-Main-5/WARN]: Missing model for variant: 'Block{programmable_magic:dummy_block}[x_offset=neg4,y_offset=neg4,z_offset=1]'
[19:25:25] [Worker-Main-5/WARN]: Missing model for variant: 'Block{programmable_magic:dummy_block}[x_offset=neg4,y_offset=neg4,z_offset=2]'
[19:25:25] [Worker-Main-5/WARN]: Missing model for variant: 'Block{programmable_magic:dummy_block}[x_offset=neg4,y_offset=neg4,z_offset=3]'
[19:25:25] [Worker-Main-5/WARN]: Missing model for variant: 'Block{programmable_magic:dummy_block}[x_offset=neg4,y_offset=neg4,z_offset=4]'
[19:25:25] [Worker-Main-5/WARN]: Missing model for variant: 'Block{programmable_magic:dummy_block}[x_offset=neg4,y_offset=neg3,z_offset=neg4]'
[19:25:25] [Worker-Main-5/WARN]: Missing model for variant: 'Block{programmable_magic:dummy_block}[x_offset=neg4,y_offset=neg3,z_offset=neg3]'
[19:25:25] [Worker-Main-5/WARN]: Missing model for variant: 'Block{programmable_magic:dummy_block}[x_offset=neg4,y_offset=neg3,z_offset=neg2]'
[19:25:25] [Worker-Main-5/WARN]: Missing model for variant: 'Block{programmable_magic:dummy_block}[x_offset=neg4,y_offset=neg3,z_offset=neg1]'
[19:25:25] [Worker-Main-5/WARN]: Missing model for variant: 'Block{programmable_magic:dummy_block}[x_offset=neg4,y_offset=neg3,z_offset=0]'
[19:25:25] [Worker-Main-5/WARN]: Missing model for variant: 'Block{programmable_magic:dummy_block}[x_offset=neg4,y_offset=neg3,z_offset=1]'
[19:25:25] [Worker-Main-5/WARN]: Missing model for variant: 'Block{programmable_magic:dummy_block}[x_offset=neg4,y_offset=neg3,z_offset=2]'
[19:25:25] [Worker-Main-5/WARN]: Missing model for variant: 'Block{programmable_magic:dummy_block}[x_offset=neg4,y_offset=neg3,z_offset=3]'
[19:25:25] [Worker-Main-5/WARN]: Missing model for variant: 'Block{programmable_magic:dummy_block}[x_offset=neg4,y_offset=neg3,z_offset=4]'
[19:25:25] [Worker-Main-5/WARN]: Missing model for variant: 'Block{programmable_magic:dummy_block}[x_offset=neg4,y_offset=neg2,z_offset=neg4]'
[19:25:25] [Worker-Main-5/WARN]: Missing model for variant: 'Block{programmable_magic:dummy_block}[x_offset=neg4,y_offset=neg2,z_offset=neg3]'
[19:25:25] [Worker-Main-5/WARN]: Missing model for variant: 'Block{programmable_magic:dummy_block}[x_offset=neg4,y_offset=neg2,z_offset=neg2]'
[19:25:25] [Worker-Main-5/WARN]: Missing model for variant: 'Block{programmable_magic:dummy_block}[x_offset=neg4,y_offset=neg2,z_offset=neg1]'
[19:25:25] [Worker-Main-5/WARN]: Missing model for variant: 'Block{programmable_magic:dummy_block}[x_offset=neg4,y_offset=neg2,z_offset=0]'
[19:25:25] [Worker-Main-5/WARN]: Missing model for variant: 'Block{programmable_magic:dummy_block}[x_offset=neg4,y_offset=neg2,z_offset=1]'
[19:25:25] [Worker-Main-5/WARN]: Missing model for variant: 'Block{programmable_magic:dummy_block}[x_offset=neg4,y_offset=neg2,z_offset=2]'
[19:25:25] [Worker-Main-5/WARN]: Missing model for variant: 'Block{programmable_magic:dummy_block}[x_offset=neg4,y_offset=neg2,z_offset=3]'
[19:25:25] [Worker-Main-5/WARN]: Missing model for variant: 'Block{programmable_magic:dummy_block}[x_offset=neg4,y_offset=neg2,z_offset=4]'
[19:25:25] [Worker-Main-5/WARN]: Missing model for variant: 'Block{programmable_magic:dummy_block}[x_offset=neg4,y_offset=neg1,z_offset=neg4]'
[19:25:25] [Worker-Main-5/WARN]: Missing model for variant: 'Block{programmable_magic:dummy_block}[x_offset=neg4,y_offset=neg1,z_offset=neg3]'
[19:25:25] [Worker-Main-5/WARN]: Missing model for variant: 'Block{programmable_magic:dummy_block}[x_offset=neg4,y_offset=neg1,z_offset=neg2]'
[19:25:25] [Worker-Main-5/WARN]: Missing model for variant: 'Block{programmable_magic:dummy_block}[x_offset=neg4,y_offset=neg1,z_offset=neg1]'
[19:25:25] [Worker-Main-5/WARN]: Missing model for variant: 'Block{programmable_magic:dummy_block}[x_offset=neg4,y_offset=neg1,z_offset=0]'
[19:25:25] [Worker-Main-5/WARN]: Missing model for variant: 'Block{programmable_magic:dummy_block}[x_offset=neg4,y_offset=neg1,z_offset=1]'
[19:25:25] [Worker-Main-5/WARN]: Missing model for variant: 'Block{programmable_magic:dummy_block}[x_offset=neg4,y_offset=neg1,z_offset=2]'
[19:25:25] [Worker-Main-5/WARN]: Missing model for variant: 'Block{programmable_magic:dummy_block}[x_offset=neg4,y_offset=neg1,z_offset=3]'
[19:25:25] [Worker-Main-5/WARN]: Missing model for variant: 'Block{programmable_magic:dummy_block}[x_offset=neg4,y_offset=neg1,z_offset=4]'
[19:25:25] [Worker-Main-5/WARN]: Missing model for variant: 'Block{programmable_magic:dummy_block}[x_offset=neg4,y_offset=0,z_offset=neg4]'
[19:25:25] [Worker-Main-5/WARN]: Missing model for variant: 'Block{programmable_magic:dummy_block}[x_offset=neg4,y_offset=0,z_offset=neg3]'
[19:25:25] [Worker-Main-5/WARN]: Missing model for variant: 'Block{programmable_magic:dummy_block}[x_offset=neg4,y_offset=0,z_offset=neg2]'
[19:25:25] [Worker-Main-5/WARN]: Missing model for variant: 'Block{programmable_magic:dummy_block}[x_offset=neg4,y_offset=0,z_offset=neg1]'
[19:25:25] [Worker-Main-5/WARN]: Missing model for variant: 'Block{programmable_magic:dummy_block}[x_offset=neg4,y_offset=0,z_offset=0]'
[19:25:25] [Worker-Main-5/WARN]: Missing model for variant: 'Block{programmable_magic:dummy_block}[x_offset=neg4,y_offset=0,z_offset=1]'
[19:25:25] [Worker-Main-5/WARN]: Missing model for variant: 'Block{programmable_magic:dummy_block}[x_offset=neg4,y_offset=0,z_offset=2]'
[19:25:25] [Worker-Main-5/WARN]: Missing model for variant: 'Block{programmable_magic:dummy_block}[x_offset=neg4,y_offset=0,z_offset=3]'
[19:25:25] [Worker-Main-5/WARN]: Missing model for variant: 'Block{programmable_magic:dummy_block}[x_offset=neg4,y_offset=0,z_offset=4]'
[19:25:25] [Worker-Main-5/WARN]: Missing model for variant: 'Block{programmable_magic:dummy_block}[x_offset=neg4,y_offset=1,z_offset=neg4]'
[19:25:25] [Worker-Main-5/WARN]: Missing model for variant: 'Block{programmable_magic:dummy_block}[x_offset=neg4,y_offset=1,z_offset=neg3]'
[19:25:25] [Worker-Main-5/WARN]: Missing model for variant: 'Block{programmable_magic:dummy_block}[x_offset=neg4,y_offset=1,z_offset=neg2]'
[19:25:25] [Worker-Main-5/WARN]: Missing model for variant: 'Block{programmable_magic:dummy_block}[x_offset=neg4,y_offset=1,z_offset=neg1]'
[19:25:25] [Worker-Main-5/WARN]: Missing model for variant: 'Block{programmable_magic:dummy_block}[x_offset=neg4,y_offset=1,z_offset=0]'
[19:25:25] [Worker-Main-5/WARN]: Missing model for variant: 'Block{programmable_magic:dummy_block}[x_offset=neg4,y_offset=1,z_offset=1]'
[19:25:25] [Worker-Main-5/WARN]: Missing model for variant: 'Block{programmable_magic:dummy_block}[x_offset=neg4,y_offset=1,z_offset=2]'
[19:25:25] [Worker-Main-5/WARN]: Missing model for variant: 'Block{programmable_magic:dummy_block}[x_offset=neg4,y_offset=1,z_offset=3]'
[19:25:25] [Worker-Main-5/WARN]: Missing model for variant: 'Block{programmable_magic:dummy_block}[x_offset=neg4,y_offset=1,z_offset=4]'
[19:25:25] [Worker-Main-5/WARN]: Missing model for variant: 'Block{programmable_magic:dummy_block}[x_offset=neg4,y_offset=2,z_offset=neg4]'
[19:25:25] [Worker-Main-5/WARN]: Missing model for variant: 'Block{programmable_magic:dummy_block}[x_offset=neg4,y_offset=2,z_offset=neg3]'
[19:25:25] [Worker-Main-5/WARN]: Missing model for variant: 'Block{programmable_magic:dummy_block}[x_offset=neg4,y_offset=2,z_offset=neg2]'
[19:25:25] [Worker-Main-5/WARN]: Missing model for variant: 'Block{programmable_magic:dummy_block}[x_offset=neg4,y_offset=2,z_offset=neg1]'
[19:25:25] [Worker-Main-5/WARN]: Missing model for variant: 'Block{programmable_magic:dummy_block}[x_offset=neg4,y_offset=2,z_offset=0]'
[19:25:25] [Worker-Main-5/WARN]: Missing model for variant: 'Block{programmable_magic:dummy_block}[x_offset=neg4,y_offset=2,z_offset=1]'
[19:25:25] [Worker-Main-5/WARN]: Missing model for variant: 'Block{programmable_magic:dummy_block}[x_offset=neg4,y_offset=2,z_offset=2]'
[19:25:25] [Worker-Main-5/WARN]: Missing model for variant: 'Block{programmable_magic:dummy_block}[x_offset=neg4,y_offset=2,z_offset=3]'
[19:25:25] [Worker-Main-5/WARN]: Missing model for variant: 'Block{programmable_magic:dummy_block}[x_offset=neg4,y_offset=2,z_offset=4]'
[19:25:25] [Worker-Main-5/WARN]: Missing model for variant: 'Block{programmable_magic:dummy_block}[x_offset=neg4,y_offset=3,z_offset=neg4]'
[19:25:25] [Worker-Main-5/WARN]: Missing model for variant: 'Block{programmable_magic:dummy_block}[x_offset=neg4,y_offset=3,z_offset=neg3]'
[19:25:25] [Worker-Main-5/WARN]: Missing model for variant: 'Block{programmable_magic:dummy_block}[x_offset=neg4,y_offset=3,z_offset=neg2]'
[19:25:25] [Worker-Main-5/WARN]: Missing model for variant: 'Block{programmable_magic:dummy_block}[x_offset=neg4,y_offset=3,z_offset=neg1]'
[19:25:25] [Worker-Main-5/WARN]: Missing model for variant: 'Block{programmable_magic:dummy_block}[x_offset=neg4,y_offset=3,z_offset=0]'
[19:25:25] [Worker-Main-5/WARN]: Missing model for variant: 'Block{programmable_magic:dummy_block}[x_offset=neg4,y_offset=3,z_offset=1]'
[19:25:25] [Worker-Main-5/WARN]: Missing model for variant: 'Block{programmable_magic:dummy_block}[x_offset=neg4,y_offset=3,z_offset=2]'
[19:25:25] [Worker-Main-5/WARN]: Missing model for variant: 'Block{programmable_magic:dummy_block}[x_offset=neg4,y_offset=3,z_offset=3]'
[19:25:25] [Worker-Main-5/WARN]: Missing model for variant: 'Block{programmable_magic:dummy_block}[x_offset=neg4,y_offset=3,z_offset=4]'
[19:25:25] [Worker-Main-5/WARN]: Missing model for variant: 'Block{programmable_magic:dummy_block}[x_offset=neg4,y_offset=4,z_offset=neg4]'
[19:25:25] [Worker-Main-5/WARN]: Missing model for variant: 'Block{programmable_magic:dummy_block}[x_offset=neg4,y_offset=4,z_offset=neg3]'
[19:25:25] [Worker-Main-5/WARN]: Missing model for variant: 'Block{programmable_magic:dummy_block}[x_offset=neg4,y_offset=4,z_offset=neg2]'
[19:25:25] [Worker-Main-5/WARN]: Missing model for variant: 'Block{programmable_magic:dummy_block}[x_offset=neg4,y_offset=4,z_offset=neg1]'
[19:25:25] [Worker-Main-5/WARN]: Missing model for variant: 'Block{programmable_magic:dummy_block}[x_offset=neg4,y_offset=4,z_offset=0]'
[19:25:25] [Worker-Main-5/WARN]: Missing model for variant: 'Block{programmable_magic:dummy_block}[x_offset=neg4,y_offset=4,z_offset=1]'
[19:25:25] [Worker-Main-5/WARN]: Missing model for variant: 'Block{programmable_magic:dummy_block}[x_offset=neg4,y_offset=4,z_offset=2]'
[19:25:25] [Worker-Main-5/WARN]: Missing model for variant: 'Block{programmable_magic:dummy_block}[x_offset=neg4,y_offset=4,z_offset=3]'
[19:25:25] [Worker-Main-5/WARN]: Missing model for variant: 'Block{programmable_magic:dummy_block}[x_offset=neg4,y_offset=4,z_offset=4]'
[19:25:25] [Worker-Main-5/WARN]: Missing model for variant: 'Block{programmable_magic:dummy_block}[x_offset=neg3,y_offset=neg4,z_offset=neg4]'
[19:25:25] [Worker-Main-5/WARN]: Missing model for variant: 'Block{programmable_magic:dummy_block}[x_offset=neg3,y_offset=neg4,z_offset=neg3]'
[19:25:25] [Worker-Main-5/WARN]: Missing model for variant: 'Block{programmable_magic:dummy_block}[x_offset=neg3,y_offset=neg4,z_offset=neg2]'
[19:25:25] [Worker-Main-5/WARN]: Missing model for variant: 'Block{programmable_magic:dummy_block}[x_offset=neg3,y_offset=neg4,z_offset=neg1]'
[19:25:25] [Worker-Main-5/WARN]: Missing model for variant: 'Block{programmable_magic:dummy_block}[x_offset=neg3,y_offset=neg4,z_offset=0]'
[19:25:25] [Worker-Main-5/WARN]: Missing model for variant: 'Block{programmable_magic:dummy_block}[x_offset=neg3,y_offset=neg4,z_offset=1]'
[19:25:25] [Worker-Main-5/WARN]: Missing model for variant: 'Block{programmable_magic:dummy_block}[x_offset=neg3,y_offset=neg4,z_offset=2]'
[19:25:25] [Worker-Main-5/WARN]: Missing model for variant: 'Block{programmable_magic:dummy_block}[x_offset=neg3,y_offset=neg4,z_offset=3]'
[19:25:25] [Worker-Main-5/WARN]: Missing model for variant: 'Block{programmable_magic:dummy_block}[x_offset=neg3,y_offset=neg4,z_offset=4]'
[19:25:25] [Worker-Main-5/WARN]: Missing model for variant: 'Block{programmable_magic:dummy_block}[x_offset=neg3,y_offset=neg3,z_offset=neg4]'
[19:25:25] [Worker-Main-5/WARN]: Missing model for variant: 'Block{programmable_magic:dummy_block}[x_offset=neg3,y_offset=neg3,z_offset=neg3]'
[19:25:25] [Worker-Main-5/WARN]: Missing model for variant: 'Block{programmable_magic:dummy_block}[x_offset=neg3,y_offset=neg3,z_offset=neg2]'
[19:25:25] [Worker-Main-5/WARN]: Missing model for variant: 'Block{programmable_magic:dummy_block}[x_offset=neg3,y_offset=neg3,z_offset=neg1]'
[19:25:25] [Worker-Main-5/WARN]: Missing model for variant: 'Block{programmable_magic:dummy_block}[x_offset=neg3,y_offset=neg3,z_offset=0]'
[19:25:25] [Worker-Main-5/WARN]: Missing model for variant: 'Block{programmable_magic:dummy_block}[x_offset=neg3,y_offset=neg3,z_offset=1]'
[19:25:25] [Worker-Main-5/WARN]: Missing model for variant: 'Block{programmable_magic:dummy_block}[x_offset=neg3,y_offset=neg3,z_offset=2]'
[19:25:25] [Worker-Main-5/WARN]: Missing model for variant: 'Block{programmable_magic:dummy_block}[x_offset=neg3,y_offset=neg3,z_offset=3]'
[19:25:25] [Worker-Main-5/WARN]: Missing model for variant: 'Block{programmable_magic:dummy_block}[x_offset=neg3,y_offset=neg3,z_offset=4]'
[19:25:25] [Worker-Main-5/WARN]: Missing model for variant: 'Block{programmable_magic:dummy_block}[x_offset=neg3,y_offset=neg2,z_offset=neg4]'
[19:25:25] [Worker-Main-5/WARN]: Missing model for variant: 'Block{programmable_magic:dummy_block}[x_offset=neg3,y_offset=neg2,z_offset=neg3]'
[19:25:25] [Worker-Main-5/WARN]: Missing model for variant: 'Block{programmable_magic:dummy_block}[x_offset=neg3,y_offset=neg2,z_offset=neg2]'
[19:25:25] [Worker-Main-5/WARN]: Missing model for variant: 'Block{programmable_magic:dummy_block}[x_offset=neg3,y_offset=neg2,z_offset=neg1]'
[19:25:25] [Worker-Main-5/WARN]: Missing model for variant: 'Block{programmable_magic:dummy_block}[x_offset=neg3,y_offset=neg2,z_offset=0]'
[19:25:25] [Worker-Main-5/WARN]: Missing model for variant: 'Block{programmable_magic:dummy_block}[x_offset=neg3,y_offset=neg2,z_offset=1]'
[19:25:25] [Worker-Main-5/WARN]: Missing model for variant: 'Block{programmable_magic:dummy_block}[x_offset=neg3,y_offset=neg2,z_offset=2]'
[19:25:25] [Worker-Main-5/WARN]: Missing model for variant: 'Block{programmable_magic:dummy_block}[x_offset=neg3,y_offset=neg2,z_offset=3]'
[19:25:25] [Worker-Main-5/WARN]: Missing model for variant: 'Block{programmable_magic:dummy_block}[x_offset=neg3,y_offset=neg2,z_offset=4]'
[19:25:25] [Worker-Main-5/WARN]: Missing model for variant: 'Block{programmable_magic:dummy_block}[x_offset=neg3,y_offset=neg1,z_offset=neg4]'
[19:25:25] [Worker-Main-5/WARN]: Missing model for variant: 'Block{programmable_magic:dummy_block}[x_offset=neg3,y_offset=neg1,z_offset=neg3]'
[19:25:25] [Worker-Main-5/WARN]: Missing model for variant: 'Block{programmable_magic:dummy_block}[x_offset=neg3,y_offset=neg1,z_offset=neg2]'
[19:25:25] [Worker-Main-5/WARN]: Missing model for variant: 'Block{programmable_magic:dummy_block}[x_offset=neg3,y_offset=neg1,z_offset=neg1]'
[19:25:25] [Worker-Main-5/WARN]: Missing model for variant: 'Block{programmable_magic:dummy_block}[x_offset=neg3,y_offset=neg1,z_offset=0]'
[19:25:25] [Worker-Main-5/WARN]: Missing model for variant: 'Block{programmable_magic:dummy_block}[x_offset=neg3,y_offset=neg1,z_offset=1]'
[19:25:25] [Worker-Main-5/WARN]: Missing model for variant: 'Block{programmable_magic:dummy_block}[x_offset=neg3,y_offset=neg1,z_offset=2]'
[19:25:25] [Worker-Main-5/WARN]: Missing model for variant: 'Block{programmable_magic:dummy_block}[x_offset=neg3,y_offset=neg1,z_offset=3]'
[19:25:25] [Worker-Main-5/WARN]: Missing model for variant: 'Block{programmable_magic:dummy_block}[x_offset=neg3,y_offset=neg1,z_offset=4]'
[19:25:25] [Worker-Main-5/WARN]: Missing model for variant: 'Block{programmable_magic:dummy_block}[x_offset=neg3,y_offset=0,z_offset=neg4]'
[19:25:25] [Worker-Main-5/WARN]: Missing model for variant: 'Block{programmable_magic:dummy_block}[x_offset=neg3,y_offset=0,z_offset=neg3]'
[19:25:25] [Worker-Main-5/WARN]: Missing model for variant: 'Block{programmable_magic:dummy_block}[x_offset=neg3,y_offset=0,z_offset=neg2]'
[19:25:25] [Worker-Main-5/WARN]: Missing model for variant: 'Block{programmable_magic:dummy_block}[x_offset=neg3,y_offset=0,z_offset=neg1]'
[19:25:25] [Worker-Main-5/WARN]: Missing model for variant: 'Block{programmable_magic:dummy_block}[x_offset=neg3,y_offset=0,z_offset=0]'
[19:25:25] [Worker-Main-5/WARN]: Missing model for variant: 'Block{programmable_magic:dummy_block}[x_offset=neg3,y_offset=0,z_offset=1]'
[19:25:25] [Worker-Main-5/WARN]: Missing model for variant: 'Block{programmable_magic:dummy_block}[x_offset=neg3,y_offset=0,z_offset=2]'
[19:25:25] [Worker-Main-5/WARN]: Missing model for variant: 'Block{programmable_magic:dummy_block}[x_offset=neg3,y_offset=0,z_offset=3]'
[19:25:25] [Worker-Main-5/WARN]: Missing model for variant: 'Block{programmable_magic:dummy_block}[x_offset=neg3,y_offset=0,z_offset=4]'
[19:25:25] [Worker-Main-5/WARN]: Missing model for variant: 'Block{programmable_magic:dummy_block}[x_offset=neg3,y_offset=1,z_offset=neg4]'
[19:25:25] [Worker-Main-5/WARN]: Missing model for variant: 'Block{programmable_magic:dummy_block}[x_offset=neg3,y_offset=1,z_offset=neg3]'
[19:25:25] [Worker-Main-5/WARN]: Missing model for variant: 'Block{programmable_magic:dummy_block}[x_offset=neg3,y_offset=1,z_offset=neg2]'
[19:25:25] [Worker-Main-5/WARN]: Missing model for variant: 'Block{programmable_magic:dummy_block}[x_offset=neg3,y_offset=1,z_offset=neg1]'
[19:25:25] [Worker-Main-5/WARN]: Missing model for variant: 'Block{programmable_magic:dummy_block}[x_offset=neg3,y_offset=1,z_offset=0]'
[19:25:25] [Worker-Main-5/WARN]: Missing model for variant: 'Block{programmable_magic:dummy_block}[x_offset=neg3,y_offset=1,z_offset=1]'
[19:25:25] [Worker-Main-5/WARN]: Missing model for variant: 'Block{programmable_magic:dummy_block}[x_offset=neg3,y_offset=1,z_offset=2]'
[19:25:25] [Worker-Main-5/WARN]: Missing model for variant: 'Block{programmable_magic:dummy_block}[x_offset=neg3,y_offset=1,z_offset=3]'
[19:25:25] [Worker-Main-5/WARN]: Missing model for variant: 'Block{programmable_magic:dummy_block}[x_offset=neg3,y_offset=1,z_offset=4]'
[19:25:25] [Worker-Main-5/WARN]: Missing model for variant: 'Block{programmable_magic:dummy_block}[x_offset=neg3,y_offset=2,z_offset=neg4]'
[19:25:25] [Worker-Main-5/WARN]: Missing model for variant: 'Block{programmable_magic:dummy_block}[x_offset=neg3,y_offset=2,z_offset=neg3]'
[19:25:25] [Worker-Main-5/WARN]: Missing model for variant: 'Block{programmable_magic:dummy_block}[x_offset=neg3,y_offset=2,z_offset=neg2]'
[19:25:25] [Worker-Main-5/WARN]: Missing model for variant: 'Block{programmable_magic:dummy_block}[x_offset=neg3,y_offset=2,z_offset=neg1]'
[19:25:25] [Worker-Main-5/WARN]: Missing model for variant: 'Block{programmable_magic:dummy_block}[x_offset=neg3,y_offset=2,z_offset=0]'
[19:25:25] [Worker-Main-5/WARN]: Missing model for variant: 'Block{programmable_magic:dummy_block}[x_offset=neg3,y_offset=2,z_offset=1]'
[19:25:25] [Worker-Main-5/WARN]: Missing model for variant: 'Block{programmable_magic:dummy_block}[x_offset=neg3,y_offset=2,z_offset=2]'
[19:25:25] [Worker-Main-5/WARN]: Missing model for variant: 'Block{programmable_magic:dummy_block}[x_offset=neg3,y_offset=2,z_offset=3]'
[19:25:25] [Worker-Main-5/WARN]: Missing model for variant: 'Block{programmable_magic:dummy_block}[x_offset=neg3,y_offset=2,z_offset=4]'
[19:25:25] [Worker-Main-5/WARN]: Missing model for variant: 'Block{programmable_magic:dummy_block}[x_offset=neg3,y_offset=3,z_offset=neg4]'
[19:25:25] [Worker-Main-5/WARN]: Missing model for variant: 'Block{programmable_magic:dummy_block}[x_offset=neg3,y_offset=3,z_offset=neg3]'
[19:25:25] [Worker-Main-5/WARN]: Missing model for variant: 'Block{programmable_magic:dummy_block}[x_offset=neg3,y_offset=3,z_offset=neg2]'
[19:25:25] [Worker-Main-5/WARN]: Missing model for variant: 'Block{programmable_magic:dummy_block}[x_offset=neg3,y_offset=3,z_offset=neg1]'
[19:25:25] [Worker-Main-5/WARN]: Missing model for variant: 'Block{programmable_magic:dummy_block}[x_offset=neg3,y_offset=3,z_offset=0]'
[19:25:25] [Worker-Main-5/WARN]: Missing model for variant: 'Block{programmable_magic:dummy_block}[x_offset=neg3,y_offset=3,z_offset=1]'
[19:25:25] [Worker-Main-5/WARN]: Missing model for variant: 'Block{programmable_magic:dummy_block}[x_offset=neg3,y_offset=3,z_offset=2]'
[19:25:25] [Worker-Main-5/WARN]: Missing model for variant: 'Block{programmable_magic:dummy_block}[x_offset=neg3,y_offset=3,z_offset=3]'
[19:25:25] [Worker-Main-5/WARN]: Missing model for variant: 'Block{programmable_magic:dummy_block}[x_offset=neg3,y_offset=3,z_offset=4]'
[19:25:25] [Worker-Main-5/WARN]: Missing model for variant: 'Block{programmable_magic:dummy_block}[x_offset=neg3,y_offset=4,z_offset=neg4]'
[19:25:25] [Worker-Main-5/WARN]: Missing model for variant: 'Block{programmable_magic:dummy_block}[x_offset=neg3,y_offset=4,z_offset=neg3]'
[19:25:25] [Worker-Main-5/WARN]: Missing model for variant: 'Block{programmable_magic:dummy_block}[x_offset=neg3,y_offset=4,z_offset=neg2]'
[19:25:25] [Worker-Main-5/WARN]: Missing model for variant: 'Block{programmable_magic:dummy_block}[x_offset=neg3,y_offset=4,z_offset=neg1]'
[19:25:25] [Worker-Main-5/WARN]: Missing model for variant: 'Block{programmable_magic:dummy_block}[x_offset=neg3,y_offset=4,z_offset=0]'
[19:25:25] [Worker-Main-5/WARN]: Missing model for variant: 'Block{programmable_magic:dummy_block}[x_offset=neg3,y_offset=4,z_offset=1]'
[19:25:25] [Worker-Main-5/WARN]: Missing model for variant: 'Block{programmable_magic:dummy_block}[x_offset=neg3,y_offset=4,z_offset=2]'
[19:25:25] [Worker-Main-5/WARN]: Missing model for variant: 'Block{programmable_magic:dummy_block}[x_offset=neg3,y_offset=4,z_offset=3]'
[19:25:25] [Worker-Main-5/WARN]: Missing model for variant: 'Block{programmable_magic:dummy_block}[x_offset=neg3,y_offset=4,z_offset=4]'
[19:25:25] [Worker-Main-5/WARN]: Missing model for variant: 'Block{programmable_magic:dummy_block}[x_offset=neg2,y_offset=neg4,z_offset=neg4]'
[19:25:25] [Worker-Main-5/WARN]: Missing model for variant: 'Block{programmable_magic:dummy_block}[x_offset=neg2,y_offset=neg4,z_offset=neg3]'
[19:25:25] [Worker-Main-5/WARN]: Missing model for variant: 'Block{programmable_magic:dummy_block}[x_offset=neg2,y_offset=neg4,z_offset=neg2]'
[19:25:25] [Worker-Main-5/WARN]: Missing model for variant: 'Block{programmable_magic:dummy_block}[x_offset=neg2,y_offset=neg4,z_offset=neg1]'
[19:25:25] [Worker-Main-5/WARN]: Missing model for variant: 'Block{programmable_magic:dummy_block}[x_offset=neg2,y_offset=neg4,z_offset=0]'
[19:25:25] [Worker-Main-5/WARN]: Missing model for variant: 'Block{programmable_magic:dummy_block}[x_offset=neg2,y_offset=neg4,z_offset=1]'
[19:25:25] [Worker-Main-5/WARN]: Missing model for variant: 'Block{programmable_magic:dummy_block}[x_offset=neg2,y_offset=neg4,z_offset=2]'
[19:25:25] [Worker-Main-5/WARN]: Missing model for variant: 'Block{programmable_magic:dummy_block}[x_offset=neg2,y_offset=neg4,z_offset=3]'
[19:25:25] [Worker-Main-5/WARN]: Missing model for variant: 'Block{programmable_magic:dummy_block}[x_offset=neg2,y_offset=neg4,z_offset=4]'
[19:25:25] [Worker-Main-5/WARN]: Missing model for variant: 'Block{programmable_magic:dummy_block}[x_offset=neg2,y_offset=neg3,z_offset=neg4]'
[19:25:25] [Worker-Main-5/WARN]: Missing model for variant: 'Block{programmable_magic:dummy_block}[x_offset=neg2,y_offset=neg3,z_offset=neg3]'
[19:25:25] [Worker-Main-5/WARN]: Missing model for variant: 'Block{programmable_magic:dummy_block}[x_offset=neg2,y_offset=neg3,z_offset=neg2]'
[19:25:25] [Worker-Main-5/WARN]: Missing model for variant: 'Block{programmable_magic:dummy_block}[x_offset=neg2,y_offset=neg3,z_offset=neg1]'
[19:25:25] [Worker-Main-5/WARN]: Missing model for variant: 'Block{programmable_magic:dummy_block}[x_offset=neg2,y_offset=neg3,z_offset=0]'
[19:25:25] [Worker-Main-5/WARN]: Missing model for variant: 'Block{programmable_magic:dummy_block}[x_offset=neg2,y_offset=neg3,z_offset=1]'
[19:25:25] [Worker-Main-5/WARN]: Missing model for variant: 'Block{programmable_magic:dummy_block}[x_offset=neg2,y_offset=neg3,z_offset=2]'
[19:25:25] [Worker-Main-5/WARN]: Missing model for variant: 'Block{programmable_magic:dummy_block}[x_offset=neg2,y_offset=neg3,z_offset=3]'
[19:25:25] [Worker-Main-5/WARN]: Missing model for variant: 'Block{programmable_magic:dummy_block}[x_offset=neg2,y_offset=neg3,z_offset=4]'
[19:25:25] [Worker-Main-5/WARN]: Missing model for variant: 'Block{programmable_magic:dummy_block}[x_offset=neg2,y_offset=neg2,z_offset=neg4]'
[19:25:25] [Worker-Main-5/WARN]: Missing model for variant: 'Block{programmable_magic:dummy_block}[x_offset=neg2,y_offset=neg2,z_offset=neg3]'
[19:25:25] [Worker-Main-5/WARN]: Missing model for variant: 'Block{programmable_magic:dummy_block}[x_offset=neg2,y_offset=neg2,z_offset=neg2]'
[19:25:25] [Worker-Main-5/WARN]: Missing model for variant: 'Block{programmable_magic:dummy_block}[x_offset=neg2,y_offset=neg2,z_offset=neg1]'
[19:25:25] [Worker-Main-5/WARN]: Missing model for variant: 'Block{programmable_magic:dummy_block}[x_offset=neg2,y_offset=neg2,z_offset=0]'
[19:25:25] [Worker-Main-5/WARN]: Missing model for variant: 'Block{programmable_magic:dummy_block}[x_offset=neg2,y_offset=neg2,z_offset=1]'
[19:25:25] [Worker-Main-5/WARN]: Missing model for variant: 'Block{programmable_magic:dummy_block}[x_offset=neg2,y_offset=neg2,z_offset=2]'
[19:25:25] [Worker-Main-5/WARN]: Missing model for variant: 'Block{programmable_magic:dummy_block}[x_offset=neg2,y_offset=neg2,z_offset=3]'
[19:25:25] [Worker-Main-5/WARN]: Missing model for variant: 'Block{programmable_magic:dummy_block}[x_offset=neg2,y_offset=neg2,z_offset=4]'
[19:25:25] [Worker-Main-5/WARN]: Missing model for variant: 'Block{programmable_magic:dummy_block}[x_offset=neg2,y_offset=neg1,z_offset=neg4]'
[19:25:25] [Worker-Main-5/WARN]: Missing model for variant: 'Block{programmable_magic:dummy_block}[x_offset=neg2,y_offset=neg1,z_offset=neg3]'
[19:25:25] [Worker-Main-5/WARN]: Missing model for variant: 'Block{programmable_magic:dummy_block}[x_offset=neg2,y_offset=neg1,z_offset=neg2]'
[19:25:25] [Worker-Main-5/WARN]: Missing model for variant: 'Block{programmable_magic:dummy_block}[x_offset=neg2,y_offset=neg1,z_offset=neg1]'
[19:25:25] [Worker-Main-5/WARN]: Missing model for variant: 'Block{programmable_magic:dummy_block}[x_offset=neg2,y_offset=neg1,z_offset=0]'
[19:25:25] [Worker-Main-5/WARN]: Missing model for variant: 'Block{programmable_magic:dummy_block}[x_offset=neg2,y_offset=neg1,z_offset=1]'
[19:25:25] [Worker-Main-5/WARN]: Missing model for variant: 'Block{programmable_magic:dummy_block}[x_offset=neg2,y_offset=neg1,z_offset=2]'
[19:25:25] [Worker-Main-5/WARN]: Missing model for variant: 'Block{programmable_magic:dummy_block}[x_offset=neg2,y_offset=neg1,z_offset=3]'
[19:25:25] [Worker-Main-5/WARN]: Missing model for variant: 'Block{programmable_magic:dummy_block}[x_offset=neg2,y_offset=neg1,z_offset=4]'
[19:25:25] [Worker-Main-5/WARN]: Missing model for variant: 'Block{programmable_magic:dummy_block}[x_offset=neg2,y_offset=0,z_offset=neg4]'
[19:25:25] [Worker-Main-5/WARN]: Missing model for variant: 'Block{programmable_magic:dummy_block}[x_offset=neg2,y_offset=0,z_offset=neg3]'
[19:25:25] [Worker-Main-5/WARN]: Missing model for variant: 'Block{programmable_magic:dummy_block}[x_offset=neg2,y_offset=0,z_offset=neg2]'
[19:25:25] [Worker-Main-5/WARN]: Missing model for variant: 'Block{programmable_magic:dummy_block}[x_offset=neg2,y_offset=0,z_offset=neg1]'
[19:25:25] [Worker-Main-5/WARN]: Missing model for variant: 'Block{programmable_magic:dummy_block}[x_offset=neg2,y_offset=0,z_offset=0]'
[19:25:25] [Worker-Main-5/WARN]: Missing model for variant: 'Block{programmable_magic:dummy_block}[x_offset=neg2,y_offset=0,z_offset=1]'
[19:25:25] [Worker-Main-5/WARN]: Missing model for variant: 'Block{programmable_magic:dummy_block}[x_offset=neg2,y_offset=0,z_offset=2]'
[19:25:25] [Worker-Main-5/WARN]: Missing model for variant: 'Block{programmable_magic:dummy_block}[x_offset=neg2,y_offset=0,z_offset=3]'
[19:25:25] [Worker-Main-5/WARN]: Missing model for variant: 'Block{programmable_magic:dummy_block}[x_offset=neg2,y_offset=0,z_offset=4]'
[19:25:25] [Worker-Main-5/WARN]: Missing model for variant: 'Block{programmable_magic:dummy_block}[x_offset=neg2,y_offset=1,z_offset=neg4]'
[19:25:25] [Worker-Main-5/WARN]: Missing model for variant: 'Block{programmable_magic:dummy_block}[x_offset=neg2,y_offset=1,z_offset=neg3]'
[19:25:25] [Worker-Main-5/WARN]: Missing model for variant: 'Block{programmable_magic:dummy_block}[x_offset=neg2,y_offset=1,z_offset=neg2]'
[19:25:25] [Worker-Main-5/WARN]: Missing model for variant: 'Block{programmable_magic:dummy_block}[x_offset=neg2,y_offset=1,z_offset=neg1]'
[19:25:25] [Worker-Main-5/WARN]: Missing model for variant: 'Block{programmable_magic:dummy_block}[x_offset=neg2,y_offset=1,z_offset=0]'
[19:25:25] [Worker-Main-5/WARN]: Missing model for variant: 'Block{programmable_magic:dummy_block}[x_offset=neg2,y_offset=1,z_offset=1]'
[19:25:25] [Worker-Main-5/WARN]: Missing model for variant: 'Block{programmable_magic:dummy_block}[x_offset=neg2,y_offset=1,z_offset=2]'
[19:25:25] [Worker-Main-5/WARN]: Missing model for variant: 'Block{programmable_magic:dummy_block}[x_offset=neg2,y_offset=1,z_offset=3]'
[19:25:25] [Worker-Main-5/WARN]: Missing model for variant: 'Block{programmable_magic:dummy_block}[x_offset=neg2,y_offset=1,z_offset=4]'
[19:25:25] [Worker-Main-5/WARN]: Missing model for variant: 'Block{programmable_magic:dummy_block}[x_offset=neg2,y_offset=2,z_offset=neg4]'
[19:25:25] [Worker-Main-5/WARN]: Missing model for variant: 'Block{programmable_magic:dummy_block}[x_offset=neg2,y_offset=2,z_offset=neg3]'
[19:25:25] [Worker-Main-5/WARN]: Missing model for variant: 'Block{programmable_magic:dummy_block}[x_offset=neg2,y_offset=2,z_offset=neg2]'
[19:25:25] [Worker-Main-5/WARN]: Missing model for variant: 'Block{programmable_magic:dummy_block}[x_offset=neg2,y_offset=2,z_offset=neg1]'
[19:25:25] [Worker-Main-5/WARN]: Missing model for variant: 'Block{programmable_magic:dummy_block}[x_offset=neg2,y_offset=2,z_offset=0]'
[19:25:25] [Worker-Main-5/WARN]: Missing model for variant: 'Block{programmable_magic:dummy_block}[x_offset=neg2,y_offset=2,z_offset=1]'
[19:25:25] [Worker-Main-5/WARN]: Missing model for variant: 'Block{programmable_magic:dummy_block}[x_offset=neg2,y_offset=2,z_offset=2]'
[19:25:25] [Worker-Main-5/WARN]: Missing model for variant: 'Block{programmable_magic:dummy_block}[x_offset=neg2,y_offset=2,z_offset=3]'
[19:25:25] [Worker-Main-5/WARN]: Missing model for variant: 'Block{programmable_magic:dummy_block}[x_offset=neg2,y_offset=2,z_offset=4]'
[19:25:25] [Worker-Main-5/WARN]: Missing model for variant: 'Block{programmable_magic:dummy_block}[x_offset=neg2,y_offset=3,z_offset=neg4]'
[19:25:25] [Worker-Main-5/WARN]: Missing model for variant: 'Block{programmable_magic:dummy_block}[x_offset=neg2,y_offset=3,z_offset=neg3]'
[19:25:25] [Worker-Main-5/WARN]: Missing model for variant: 'Block{programmable_magic:dummy_block}[x_offset=neg2,y_offset=3,z_offset=neg2]'
[19:25:25] [Worker-Main-5/WARN]: Missing model for variant: 'Block{programmable_magic:dummy_block}[x_offset=neg2,y_offset=3,z_offset=neg1]'
[19:25:25] [Worker-Main-5/WARN]: Missing model for variant: 'Block{programmable_magic:dummy_block}[x_offset=neg2,y_offset=3,z_offset=0]'
[19:25:25] [Worker-Main-5/WARN]: Missing model for variant: 'Block{programmable_magic:dummy_block}[x_offset=neg2,y_offset=3,z_offset=1]'
[19:25:25] [Worker-Main-5/WARN]: Missing model for variant: 'Block{programmable_magic:dummy_block}[x_offset=neg2,y_offset=3,z_offset=2]'
[19:25:25] [Worker-Main-5/WARN]: Missing model for variant: 'Block{programmable_magic:dummy_block}[x_offset=neg2,y_offset=3,z_offset=3]'
[19:25:25] [Worker-Main-5/WARN]: Missing model for variant: 'Block{programmable_magic:dummy_block}[x_offset=neg2,y_offset=3,z_offset=4]'
[19:25:25] [Worker-Main-5/WARN]: Missing model for variant: 'Block{programmable_magic:dummy_block}[x_offset=neg2,y_offset=4,z_offset=neg4]'
[19:25:25] [Worker-Main-5/WARN]: Missing model for variant: 'Block{programmable_magic:dummy_block}[x_offset=neg2,y_offset=4,z_offset=neg3]'
[19:25:25] [Worker-Main-5/WARN]: Missing model for variant: 'Block{programmable_magic:dummy_block}[x_offset=neg2,y_offset=4,z_offset=neg2]'
[19:25:25] [Worker-Main-5/WARN]: Missing model for variant: 'Block{programmable_magic:dummy_block}[x_offset=neg2,y_offset=4,z_offset=neg1]'
[19:25:25] [Worker-Main-5/WARN]: Missing model for variant: 'Block{programmable_magic:dummy_block}[x_offset=neg2,y_offset=4,z_offset=0]'
[19:25:25] [Worker-Main-5/WARN]: Missing model for variant: 'Block{programmable_magic:dummy_block}[x_offset=neg2,y_offset=4,z_offset=1]'
[19:25:25] [Worker-Main-5/WARN]: Missing model for variant: 'Block{programmable_magic:dummy_block}[x_offset=neg2,y_offset=4,z_offset=2]'
[19:25:25] [Worker-Main-5/WARN]: Missing model for variant: 'Block{programmable_magic:dummy_block}[x_offset=neg2,y_offset=4,z_offset=3]'
[19:25:25] [Worker-Main-5/WARN]: Missing model for variant: 'Block{programmable_magic:dummy_block}[x_offset=neg2,y_offset=4,z_offset=4]'
[19:25:25] [Worker-Main-5/WARN]: Missing model for variant: 'Block{programmable_magic:dummy_block}[x_offset=neg1,y_offset=neg4,z_offset=neg4]'
[19:25:25] [Worker-Main-5/WARN]: Missing model for variant: 'Block{programmable_magic:dummy_block}[x_offset=neg1,y_offset=neg4,z_offset=neg3]'
[19:25:25] [Worker-Main-5/WARN]: Missing model for variant: 'Block{programmable_magic:dummy_block}[x_offset=neg1,y_offset=neg4,z_offset=neg2]'
[19:25:25] [Worker-Main-5/WARN]: Missing model for variant: 'Block{programmable_magic:dummy_block}[x_offset=neg1,y_offset=neg4,z_offset=neg1]'
[19:25:25] [Worker-Main-5/WARN]: Missing model for variant: 'Block{programmable_magic:dummy_block}[x_offset=neg1,y_offset=neg4,z_offset=0]'
[19:25:25] [Worker-Main-5/WARN]: Missing model for variant: 'Block{programmable_magic:dummy_block}[x_offset=neg1,y_offset=neg4,z_offset=1]'
[19:25:25] [Worker-Main-5/WARN]: Missing model for variant: 'Block{programmable_magic:dummy_block}[x_offset=neg1,y_offset=neg4,z_offset=2]'
[19:25:25] [Worker-Main-5/WARN]: Missing model for variant: 'Block{programmable_magic:dummy_block}[x_offset=neg1,y_offset=neg4,z_offset=3]'
[19:25:25] [Worker-Main-5/WARN]: Missing model for variant: 'Block{programmable_magic:dummy_block}[x_offset=neg1,y_offset=neg4,z_offset=4]'
[19:25:25] [Worker-Main-5/WARN]: Missing model for variant: 'Block{programmable_magic:dummy_block}[x_offset=neg1,y_offset=neg3,z_offset=neg4]'
[19:25:25] [Worker-Main-5/WARN]: Missing model for variant: 'Block{programmable_magic:dummy_block}[x_offset=neg1,y_offset=neg3,z_offset=neg3]'
[19:25:25] [Worker-Main-5/WARN]: Missing model for variant: 'Block{programmable_magic:dummy_block}[x_offset=neg1,y_offset=neg3,z_offset=neg2]'
[19:25:25] [Worker-Main-5/WARN]: Missing model for variant: 'Block{programmable_magic:dummy_block}[x_offset=neg1,y_offset=neg3,z_offset=neg1]'
[19:25:25] [Worker-Main-5/WARN]: Missing model for variant: 'Block{programmable_magic:dummy_block}[x_offset=neg1,y_offset=neg3,z_offset=0]'
[19:25:25] [Worker-Main-5/WARN]: Missing model for variant: 'Block{programmable_magic:dummy_block}[x_offset=neg1,y_offset=neg3,z_offset=1]'
[19:25:25] [Worker-Main-5/WARN]: Missing model for variant: 'Block{programmable_magic:dummy_block}[x_offset=neg1,y_offset=neg3,z_offset=2]'
[19:25:25] [Worker-Main-5/WARN]: Missing model for variant: 'Block{programmable_magic:dummy_block}[x_offset=neg1,y_offset=neg3,z_offset=3]'
[19:25:25] [Worker-Main-5/WARN]: Missing model for variant: 'Block{programmable_magic:dummy_block}[x_offset=neg1,y_offset=neg3,z_offset=4]'
[19:25:25] [Worker-Main-5/WARN]: Missing model for variant: 'Block{programmable_magic:dummy_block}[x_offset=neg1,y_offset=neg2,z_offset=neg4]'
[19:25:25] [Worker-Main-5/WARN]: Missing model for variant: 'Block{programmable_magic:dummy_block}[x_offset=neg1,y_offset=neg2,z_offset=neg3]'
[19:25:25] [Worker-Main-5/WARN]: Missing model for variant: 'Block{programmable_magic:dummy_block}[x_offset=neg1,y_offset=neg2,z_offset=neg2]'
[19:25:25] [Worker-Main-5/WARN]: Missing model for variant: 'Block{programmable_magic:dummy_block}[x_offset=neg1,y_offset=neg2,z_offset=neg1]'
[19:25:25] [Worker-Main-5/WARN]: Missing model for variant: 'Block{programmable_magic:dummy_block}[x_offset=neg1,y_offset=neg2,z_offset=0]'
[19:25:25] [Worker-Main-5/WARN]: Missing model for variant: 'Block{programmable_magic:dummy_block}[x_offset=neg1,y_offset=neg2,z_offset=1]'
[19:25:25] [Worker-Main-5/WARN]: Missing model for variant: 'Block{programmable_magic:dummy_block}[x_offset=neg1,y_offset=neg2,z_offset=2]'
[19:25:25] [Worker-Main-5/WARN]: Missing model for variant: 'Block{programmable_magic:dummy_block}[x_offset=neg1,y_offset=neg2,z_offset=3]'
[19:25:25] [Worker-Main-5/WARN]: Missing model for variant: 'Block{programmable_magic:dummy_block}[x_offset=neg1,y_offset=neg2,z_offset=4]'
[19:25:25] [Worker-Main-5/WARN]: Missing model for variant: 'Block{programmable_magic:dummy_block}[x_offset=neg1,y_offset=neg1,z_offset=neg4]'
[19:25:25] [Worker-Main-5/WARN]: Missing model for variant: 'Block{programmable_magic:dummy_block}[x_offset=neg1,y_offset=neg1,z_offset=neg3]'
[19:25:25] [Worker-Main-5/WARN]: Missing model for variant: 'Block{programmable_magic:dummy_block}[x_offset=neg1,y_offset=neg1,z_offset=neg2]'
[19:25:25] [Worker-Main-5/WARN]: Missing model for variant: 'Block{programmable_magic:dummy_block}[x_offset=neg1,y_offset=neg1,z_offset=neg1]'
[19:25:25] [Worker-Main-5/WARN]: Missing model for variant: 'Block{programmable_magic:dummy_block}[x_offset=neg1,y_offset=neg1,z_offset=0]'
[19:25:25] [Worker-Main-5/WARN]: Missing model for variant: 'Block{programmable_magic:dummy_block}[x_offset=neg1,y_offset=neg1,z_offset=1]'
[19:25:25] [Worker-Main-5/WARN]: Missing model for variant: 'Block{programmable_magic:dummy_block}[x_offset=neg1,y_offset=neg1,z_offset=2]'
[19:25:25] [Worker-Main-5/WARN]: Missing model for variant: 'Block{programmable_magic:dummy_block}[x_offset=neg1,y_offset=neg1,z_offset=3]'
[19:25:25] [Worker-Main-5/WARN]: Missing model for variant: 'Block{programmable_magic:dummy_block}[x_offset=neg1,y_offset=neg1,z_offset=4]'
[19:25:25] [Worker-Main-5/WARN]: Missing model for variant: 'Block{programmable_magic:dummy_block}[x_offset=neg1,y_offset=0,z_offset=neg4]'
[19:25:25] [Worker-Main-5/WARN]: Missing model for variant: 'Block{programmable_magic:dummy_block}[x_offset=neg1,y_offset=0,z_offset=neg3]'
[19:25:25] [Worker-Main-5/WARN]: Missing model for variant: 'Block{programmable_magic:dummy_block}[x_offset=neg1,y_offset=0,z_offset=neg2]'
[19:25:25] [Worker-Main-5/WARN]: Missing model for variant: 'Block{programmable_magic:dummy_block}[x_offset=neg1,y_offset=0,z_offset=neg1]'
[19:25:25] [Worker-Main-5/WARN]: Missing model for variant: 'Block{programmable_magic:dummy_block}[x_offset=neg1,y_offset=0,z_offset=0]'
[19:25:25] [Worker-Main-5/WARN]: Missing model for variant: 'Block{programmable_magic:dummy_block}[x_offset=neg1,y_offset=0,z_offset=1]'
[19:25:25] [Worker-Main-5/WARN]: Missing model for variant: 'Block{programmable_magic:dummy_block}[x_offset=neg1,y_offset=0,z_offset=2]'
[19:25:25] [Worker-Main-5/WARN]: Missing model for variant: 'Block{programmable_magic:dummy_block}[x_offset=neg1,y_offset=0,z_offset=3]'
[19:25:25] [Worker-Main-5/WARN]: Missing model for variant: 'Block{programmable_magic:dummy_block}[x_offset=neg1,y_offset=0,z_offset=4]'
[19:25:25] [Worker-Main-5/WARN]: Missing model for variant: 'Block{programmable_magic:dummy_block}[x_offset=neg1,y_offset=1,z_offset=neg4]'
[19:25:25] [Worker-Main-5/WARN]: Missing model for variant: 'Block{programmable_magic:dummy_block}[x_offset=neg1,y_offset=1,z_offset=neg3]'
[19:25:25] [Worker-Main-5/WARN]: Missing model for variant: 'Block{programmable_magic:dummy_block}[x_offset=neg1,y_offset=1,z_offset=neg2]'
[19:25:25] [Worker-Main-5/WARN]: Missing model for variant: 'Block{programmable_magic:dummy_block}[x_offset=neg1,y_offset=1,z_offset=neg1]'
[19:25:25] [Worker-Main-5/WARN]: Missing model for variant: 'Block{programmable_magic:dummy_block}[x_offset=neg1,y_offset=1,z_offset=0]'
[19:25:25] [Worker-Main-5/WARN]: Missing model for variant: 'Block{programmable_magic:dummy_block}[x_offset=neg1,y_offset=1,z_offset=1]'
[19:25:25] [Worker-Main-5/WARN]: Missing model for variant: 'Block{programmable_magic:dummy_block}[x_offset=neg1,y_offset=1,z_offset=2]'
[19:25:25] [Worker-Main-5/WARN]: Missing model for variant: 'Block{programmable_magic:dummy_block}[x_offset=neg1,y_offset=1,z_offset=3]'
[19:25:25] [Worker-Main-5/WARN]: Missing model for variant: 'Block{programmable_magic:dummy_block}[x_offset=neg1,y_offset=1,z_offset=4]'
[19:25:25] [Worker-Main-5/WARN]: Missing model for variant: 'Block{programmable_magic:dummy_block}[x_offset=neg1,y_offset=2,z_offset=neg4]'
[19:25:25] [Worker-Main-5/WARN]: Missing model for variant: 'Block{programmable_magic:dummy_block}[x_offset=neg1,y_offset=2,z_offset=neg3]'
[19:25:25] [Worker-Main-5/WARN]: Missing model for variant: 'Block{programmable_magic:dummy_block}[x_offset=neg1,y_offset=2,z_offset=neg2]'
[19:25:25] [Worker-Main-5/WARN]: Missing model for variant: 'Block{programmable_magic:dummy_block}[x_offset=neg1,y_offset=2,z_offset=neg1]'
[19:25:25] [Worker-Main-5/WARN]: Missing model for variant: 'Block{programmable_magic:dummy_block}[x_offset=neg1,y_offset=2,z_offset=0]'
[19:25:25] [Worker-Main-5/WARN]: Missing model for variant: 'Block{programmable_magic:dummy_block}[x_offset=neg1,y_offset=2,z_offset=1]'
[19:25:25] [Worker-Main-5/WARN]: Missing model for variant: 'Block{programmable_magic:dummy_block}[x_offset=neg1,y_offset=2,z_offset=2]'
[19:25:25] [Worker-Main-5/WARN]: Missing model for variant: 'Block{programmable_magic:dummy_block}[x_offset=neg1,y_offset=2,z_offset=3]'
[19:25:25] [Worker-Main-5/WARN]: Missing model for variant: 'Block{programmable_magic:dummy_block}[x_offset=neg1,y_offset=2,z_offset=4]'
[19:25:25] [Worker-Main-5/WARN]: Missing model for variant: 'Block{programmable_magic:dummy_block}[x_offset=neg1,y_offset=3,z_offset=neg4]'
[19:25:25] [Worker-Main-5/WARN]: Missing model for variant: 'Block{programmable_magic:dummy_block}[x_offset=neg1,y_offset=3,z_offset=neg3]'
[19:25:25] [Worker-Main-5/WARN]: Missing model for variant: 'Block{programmable_magic:dummy_block}[x_offset=neg1,y_offset=3,z_offset=neg2]'
[19:25:25] [Worker-Main-5/WARN]: Missing model for variant: 'Block{programmable_magic:dummy_block}[x_offset=neg1,y_offset=3,z_offset=neg1]'
[19:25:25] [Worker-Main-5/WARN]: Missing model for variant: 'Block{programmable_magic:dummy_block}[x_offset=neg1,y_offset=3,z_offset=0]'
[19:25:25] [Worker-Main-5/WARN]: Missing model for variant: 'Block{programmable_magic:dummy_block}[x_offset=neg1,y_offset=3,z_offset=1]'
[19:25:25] [Worker-Main-5/WARN]: Missing model for variant: 'Block{programmable_magic:dummy_block}[x_offset=neg1,y_offset=3,z_offset=2]'
[19:25:25] [Worker-Main-5/WARN]: Missing model for variant: 'Block{programmable_magic:dummy_block}[x_offset=neg1,y_offset=3,z_offset=3]'
[19:25:25] [Worker-Main-5/WARN]: Missing model for variant: 'Block{programmable_magic:dummy_block}[x_offset=neg1,y_offset=3,z_offset=4]'
[19:25:25] [Worker-Main-5/WARN]: Missing model for variant: 'Block{programmable_magic:dummy_block}[x_offset=neg1,y_offset=4,z_offset=neg4]'
[19:25:25] [Worker-Main-5/WARN]: Missing model for variant: 'Block{programmable_magic:dummy_block}[x_offset=neg1,y_offset=4,z_offset=neg3]'
[19:25:25] [Worker-Main-5/WARN]: Missing model for variant: 'Block{programmable_magic:dummy_block}[x_offset=neg1,y_offset=4,z_offset=neg2]'
[19:25:25] [Worker-Main-5/WARN]: Missing model for variant: 'Block{programmable_magic:dummy_block}[x_offset=neg1,y_offset=4,z_offset=neg1]'
[19:25:25] [Worker-Main-5/WARN]: Missing model for variant: 'Block{programmable_magic:dummy_block}[x_offset=neg1,y_offset=4,z_offset=0]'
[19:25:25] [Worker-Main-5/WARN]: Missing model for variant: 'Block{programmable_magic:dummy_block}[x_offset=neg1,y_offset=4,z_offset=1]'
[19:25:25] [Worker-Main-5/WARN]: Missing model for variant: 'Block{programmable_magic:dummy_block}[x_offset=neg1,y_offset=4,z_offset=2]'
[19:25:25] [Worker-Main-5/WARN]: Missing model for variant: 'Block{programmable_magic:dummy_block}[x_offset=neg1,y_offset=4,z_offset=3]'
[19:25:25] [Worker-Main-5/WARN]: Missing model for variant: 'Block{programmable_magic:dummy_block}[x_offset=neg1,y_offset=4,z_offset=4]'
[19:25:25] [Worker-Main-5/WARN]: Missing model for variant: 'Block{programmable_magic:dummy_block}[x_offset=0,y_offset=neg4,z_offset=neg4]'
[19:25:25] [Worker-Main-5/WARN]: Missing model for variant: 'Block{programmable_magic:dummy_block}[x_offset=0,y_offset=neg4,z_offset=neg3]'
[19:25:25] [Worker-Main-5/WARN]: Missing model for variant: 'Block{programmable_magic:dummy_block}[x_offset=0,y_offset=neg4,z_offset=neg2]'
[19:25:25] [Worker-Main-5/WARN]: Missing model for variant: 'Block{programmable_magic:dummy_block}[x_offset=0,y_offset=neg4,z_offset=neg1]'
[19:25:25] [Worker-Main-5/WARN]: Missing model for variant: 'Block{programmable_magic:dummy_block}[x_offset=0,y_offset=neg4,z_offset=0]'
[19:25:25] [Worker-Main-5/WARN]: Missing model for variant: 'Block{programmable_magic:dummy_block}[x_offset=0,y_offset=neg4,z_offset=1]'
[19:25:25] [Worker-Main-5/WARN]: Missing model for variant: 'Block{programmable_magic:dummy_block}[x_offset=0,y_offset=neg4,z_offset=2]'
[19:25:25] [Worker-Main-5/WARN]: Missing model for variant: 'Block{programmable_magic:dummy_block}[x_offset=0,y_offset=neg4,z_offset=3]'
[19:25:25] [Worker-Main-5/WARN]: Missing model for variant: 'Block{programmable_magic:dummy_block}[x_offset=0,y_offset=neg4,z_offset=4]'
[19:25:25] [Worker-Main-5/WARN]: Missing model for variant: 'Block{programmable_magic:dummy_block}[x_offset=0,y_offset=neg3,z_offset=neg4]'
[19:25:25] [Worker-Main-5/WARN]: Missing model for variant: 'Block{programmable_magic:dummy_block}[x_offset=0,y_offset=neg3,z_offset=neg3]'
[19:25:25] [Worker-Main-5/WARN]: Missing model for variant: 'Block{programmable_magic:dummy_block}[x_offset=0,y_offset=neg3,z_offset=neg2]'
[19:25:25] [Worker-Main-5/WARN]: Missing model for variant: 'Block{programmable_magic:dummy_block}[x_offset=0,y_offset=neg3,z_offset=neg1]'
[19:25:25] [Worker-Main-5/WARN]: Missing model for variant: 'Block{programmable_magic:dummy_block}[x_offset=0,y_offset=neg3,z_offset=0]'
[19:25:25] [Worker-Main-5/WARN]: Missing model for variant: 'Block{programmable_magic:dummy_block}[x_offset=0,y_offset=neg3,z_offset=1]'
[19:25:25] [Worker-Main-5/WARN]: Missing model for variant: 'Block{programmable_magic:dummy_block}[x_offset=0,y_offset=neg3,z_offset=2]'
[19:25:25] [Worker-Main-5/WARN]: Missing model for variant: 'Block{programmable_magic:dummy_block}[x_offset=0,y_offset=neg3,z_offset=3]'
[19:25:25] [Worker-Main-5/WARN]: Missing model for variant: 'Block{programmable_magic:dummy_block}[x_offset=0,y_offset=neg3,z_offset=4]'
[19:25:25] [Worker-Main-5/WARN]: Missing model for variant: 'Block{programmable_magic:dummy_block}[x_offset=0,y_offset=neg2,z_offset=neg4]'
[19:25:25] [Worker-Main-5/WARN]: Missing model for variant: 'Block{programmable_magic:dummy_block}[x_offset=0,y_offset=neg2,z_offset=neg3]'
[19:25:25] [Worker-Main-5/WARN]: Missing model for variant: 'Block{programmable_magic:dummy_block}[x_offset=0,y_offset=neg2,z_offset=neg2]'
[19:25:25] [Worker-Main-5/WARN]: Missing model for variant: 'Block{programmable_magic:dummy_block}[x_offset=0,y_offset=neg2,z_offset=neg1]'
[19:25:25] [Worker-Main-5/WARN]: Missing model for variant: 'Block{programmable_magic:dummy_block}[x_offset=0,y_offset=neg2,z_offset=0]'
[19:25:25] [Worker-Main-5/WARN]: Missing model for variant: 'Block{programmable_magic:dummy_block}[x_offset=0,y_offset=neg2,z_offset=1]'
[19:25:25] [Worker-Main-5/WARN]: Missing model for variant: 'Block{programmable_magic:dummy_block}[x_offset=0,y_offset=neg2,z_offset=2]'
[19:25:25] [Worker-Main-5/WARN]: Missing model for variant: 'Block{programmable_magic:dummy_block}[x_offset=0,y_offset=neg2,z_offset=3]'
[19:25:25] [Worker-Main-5/WARN]: Missing model for variant: 'Block{programmable_magic:dummy_block}[x_offset=0,y_offset=neg2,z_offset=4]'
[19:25:25] [Worker-Main-5/WARN]: Missing model for variant: 'Block{programmable_magic:dummy_block}[x_offset=0,y_offset=neg1,z_offset=neg4]'
[19:25:25] [Worker-Main-5/WARN]: Missing model for variant: 'Block{programmable_magic:dummy_block}[x_offset=0,y_offset=neg1,z_offset=neg3]'
[19:25:25] [Worker-Main-5/WARN]: Missing model for variant: 'Block{programmable_magic:dummy_block}[x_offset=0,y_offset=neg1,z_offset=neg2]'
[19:25:25] [Worker-Main-5/WARN]: Missing model for variant: 'Block{programmable_magic:dummy_block}[x_offset=0,y_offset=neg1,z_offset=neg1]'
[19:25:25] [Worker-Main-5/WARN]: Missing model for variant: 'Block{programmable_magic:dummy_block}[x_offset=0,y_offset=neg1,z_offset=0]'
[19:25:25] [Worker-Main-5/WARN]: Missing model for variant: 'Block{programmable_magic:dummy_block}[x_offset=0,y_offset=neg1,z_offset=1]'
[19:25:25] [Worker-Main-5/WARN]: Missing model for variant: 'Block{programmable_magic:dummy_block}[x_offset=0,y_offset=neg1,z_offset=2]'
[19:25:25] [Worker-Main-5/WARN]: Missing model for variant: 'Block{programmable_magic:dummy_block}[x_offset=0,y_offset=neg1,z_offset=3]'
[19:25:25] [Worker-Main-5/WARN]: Missing model for variant: 'Block{programmable_magic:dummy_block}[x_offset=0,y_offset=neg1,z_offset=4]'
[19:25:25] [Worker-Main-5/WARN]: Missing model for variant: 'Block{programmable_magic:dummy_block}[x_offset=0,y_offset=0,z_offset=neg4]'
[19:25:25] [Worker-Main-5/WARN]: Missing model for variant: 'Block{programmable_magic:dummy_block}[x_offset=0,y_offset=0,z_offset=neg3]'
[19:25:25] [Worker-Main-5/WARN]: Missing model for variant: 'Block{programmable_magic:dummy_block}[x_offset=0,y_offset=0,z_offset=neg2]'
[19:25:25] [Worker-Main-5/WARN]: Missing model for variant: 'Block{programmable_magic:dummy_block}[x_offset=0,y_offset=0,z_offset=neg1]'
[19:25:25] [Worker-Main-5/WARN]: Missing model for variant: 'Block{programmable_magic:dummy_block}[x_offset=0,y_offset=0,z_offset=0]'
[19:25:25] [Worker-Main-5/WARN]: Missing model for variant: 'Block{programmable_magic:dummy_block}[x_offset=0,y_offset=0,z_offset=1]'
[19:25:25] [Worker-Main-5/WARN]: Missing model for variant: 'Block{programmable_magic:dummy_block}[x_offset=0,y_offset=0,z_offset=2]'
[19:25:25] [Worker-Main-5/WARN]: Missing model for variant: 'Block{programmable_magic:dummy_block}[x_offset=0,y_offset=0,z_offset=3]'
[19:25:25] [Worker-Main-5/WARN]: Missing model for variant: 'Block{programmable_magic:dummy_block}[x_offset=0,y_offset=0,z_offset=4]'
[19:25:25] [Worker-Main-5/WARN]: Missing model for variant: 'Block{programmable_magic:dummy_block}[x_offset=0,y_offset=1,z_offset=neg4]'
[19:25:25] [Worker-Main-5/WARN]: Missing model for variant: 'Block{programmable_magic:dummy_block}[x_offset=0,y_offset=1,z_offset=neg3]'
[19:25:25] [Worker-Main-5/WARN]: Missing model for variant: 'Block{programmable_magic:dummy_block}[x_offset=0,y_offset=1,z_offset=neg2]'
[19:25:25] [Worker-Main-5/WARN]: Missing model for variant: 'Block{programmable_magic:dummy_block}[x_offset=0,y_offset=1,z_offset=neg1]'
[19:25:25] [Worker-Main-5/WARN]: Missing model for variant: 'Block{programmable_magic:dummy_block}[x_offset=0,y_offset=1,z_offset=0]'
[19:25:25] [Worker-Main-5/WARN]: Missing model for variant: 'Block{programmable_magic:dummy_block}[x_offset=0,y_offset=1,z_offset=1]'
[19:25:25] [Worker-Main-5/WARN]: Missing model for variant: 'Block{programmable_magic:dummy_block}[x_offset=0,y_offset=1,z_offset=2]'
[19:25:25] [Worker-Main-5/WARN]: Missing model for variant: 'Block{programmable_magic:dummy_block}[x_offset=0,y_offset=1,z_offset=3]'
[19:25:25] [Worker-Main-5/WARN]: Missing model for variant: 'Block{programmable_magic:dummy_block}[x_offset=0,y_offset=1,z_offset=4]'
[19:25:25] [Worker-Main-5/WARN]: Missing model for variant: 'Block{programmable_magic:dummy_block}[x_offset=0,y_offset=2,z_offset=neg4]'
[19:25:25] [Worker-Main-5/WARN]: Missing model for variant: 'Block{programmable_magic:dummy_block}[x_offset=0,y_offset=2,z_offset=neg3]'
[19:25:25] [Worker-Main-5/WARN]: Missing model for variant: 'Block{programmable_magic:dummy_block}[x_offset=0,y_offset=2,z_offset=neg2]'
[19:25:25] [Worker-Main-5/WARN]: Missing model for variant: 'Block{programmable_magic:dummy_block}[x_offset=0,y_offset=2,z_offset=neg1]'
[19:25:25] [Worker-Main-5/WARN]: Missing model for variant: 'Block{programmable_magic:dummy_block}[x_offset=0,y_offset=2,z_offset=0]'
[19:25:25] [Worker-Main-5/WARN]: Missing model for variant: 'Block{programmable_magic:dummy_block}[x_offset=0,y_offset=2,z_offset=1]'
[19:25:25] [Worker-Main-5/WARN]: Missing model for variant: 'Block{programmable_magic:dummy_block}[x_offset=0,y_offset=2,z_offset=2]'
[19:25:25] [Worker-Main-5/WARN]: Missing model for variant: 'Block{programmable_magic:dummy_block}[x_offset=0,y_offset=2,z_offset=3]'
[19:25:25] [Worker-Main-5/WARN]: Missing model for variant: 'Block{programmable_magic:dummy_block}[x_offset=0,y_offset=2,z_offset=4]'
[19:25:25] [Worker-Main-5/WARN]: Missing model for variant: 'Block{programmable_magic:dummy_block}[x_offset=0,y_offset=3,z_offset=neg4]'
[19:25:25] [Worker-Main-5/WARN]: Missing model for variant: 'Block{programmable_magic:dummy_block}[x_offset=0,y_offset=3,z_offset=neg3]'
[19:25:25] [Worker-Main-5/WARN]: Missing model for variant: 'Block{programmable_magic:dummy_block}[x_offset=0,y_offset=3,z_offset=neg2]'
[19:25:25] [Worker-Main-5/WARN]: Missing model for variant: 'Block{programmable_magic:dummy_block}[x_offset=0,y_offset=3,z_offset=neg1]'
[19:25:25] [Worker-Main-5/WARN]: Missing model for variant: 'Block{programmable_magic:dummy_block}[x_offset=0,y_offset=3,z_offset=0]'
[19:25:25] [Worker-Main-5/WARN]: Missing model for variant: 'Block{programmable_magic:dummy_block}[x_offset=0,y_offset=3,z_offset=1]'
[19:25:25] [Worker-Main-5/WARN]: Missing model for variant: 'Block{programmable_magic:dummy_block}[x_offset=0,y_offset=3,z_offset=2]'
[19:25:25] [Worker-Main-5/WARN]: Missing model for variant: 'Block{programmable_magic:dummy_block}[x_offset=0,y_offset=3,z_offset=3]'
[19:25:25] [Worker-Main-5/WARN]: Missing model for variant: 'Block{programmable_magic:dummy_block}[x_offset=0,y_offset=3,z_offset=4]'
[19:25:25] [Worker-Main-5/WARN]: Missing model for variant: 'Block{programmable_magic:dummy_block}[x_offset=0,y_offset=4,z_offset=neg4]'
[19:25:25] [Worker-Main-5/WARN]: Missing model for variant: 'Block{programmable_magic:dummy_block}[x_offset=0,y_offset=4,z_offset=neg3]'
[19:25:25] [Worker-Main-5/WARN]: Missing model for variant: 'Block{programmable_magic:dummy_block}[x_offset=0,y_offset=4,z_offset=neg2]'
[19:25:25] [Worker-Main-5/WARN]: Missing model for variant: 'Block{programmable_magic:dummy_block}[x_offset=0,y_offset=4,z_offset=neg1]'
[19:25:25] [Worker-Main-5/WARN]: Missing model for variant: 'Block{programmable_magic:dummy_block}[x_offset=0,y_offset=4,z_offset=0]'
[19:25:25] [Worker-Main-5/WARN]: Missing model for variant: 'Block{programmable_magic:dummy_block}[x_offset=0,y_offset=4,z_offset=1]'
[19:25:25] [Worker-Main-5/WARN]: Missing model for variant: 'Block{programmable_magic:dummy_block}[x_offset=0,y_offset=4,z_offset=2]'
[19:25:25] [Worker-Main-5/WARN]: Missing model for variant: 'Block{programmable_magic:dummy_block}[x_offset=0,y_offset=4,z_offset=3]'
[19:25:25] [Worker-Main-5/WARN]: Missing model for variant: 'Block{programmable_magic:dummy_block}[x_offset=0,y_offset=4,z_offset=4]'
[19:25:25] [Worker-Main-5/WARN]: Missing model for variant: 'Block{programmable_magic:dummy_block}[x_offset=1,y_offset=neg4,z_offset=neg4]'
[19:25:25] [Worker-Main-5/WARN]: Missing model for variant: 'Block{programmable_magic:dummy_block}[x_offset=1,y_offset=neg4,z_offset=neg3]'
[19:25:25] [Worker-Main-5/WARN]: Missing model for variant: 'Block{programmable_magic:dummy_block}[x_offset=1,y_offset=neg4,z_offset=neg2]'
[19:25:25] [Worker-Main-5/WARN]: Missing model for variant: 'Block{programmable_magic:dummy_block}[x_offset=1,y_offset=neg4,z_offset=neg1]'
[19:25:25] [Worker-Main-5/WARN]: Missing model for variant: 'Block{programmable_magic:dummy_block}[x_offset=1,y_offset=neg4,z_offset=0]'
[19:25:25] [Worker-Main-5/WARN]: Missing model for variant: 'Block{programmable_magic:dummy_block}[x_offset=1,y_offset=neg4,z_offset=1]'
[19:25:25] [Worker-Main-5/WARN]: Missing model for variant: 'Block{programmable_magic:dummy_block}[x_offset=1,y_offset=neg4,z_offset=2]'
[19:25:25] [Worker-Main-5/WARN]: Missing model for variant: 'Block{programmable_magic:dummy_block}[x_offset=1,y_offset=neg4,z_offset=3]'
[19:25:25] [Worker-Main-5/WARN]: Missing model for variant: 'Block{programmable_magic:dummy_block}[x_offset=1,y_offset=neg4,z_offset=4]'
[19:25:25] [Worker-Main-5/WARN]: Missing model for variant: 'Block{programmable_magic:dummy_block}[x_offset=1,y_offset=neg3,z_offset=neg4]'
[19:25:25] [Worker-Main-5/WARN]: Missing model for variant: 'Block{programmable_magic:dummy_block}[x_offset=1,y_offset=neg3,z_offset=neg3]'
[19:25:25] [Worker-Main-5/WARN]: Missing model for variant: 'Block{programmable_magic:dummy_block}[x_offset=1,y_offset=neg3,z_offset=neg2]'
[19:25:25] [Worker-Main-5/WARN]: Missing model for variant: 'Block{programmable_magic:dummy_block}[x_offset=1,y_offset=neg3,z_offset=neg1]'
[19:25:25] [Worker-Main-5/WARN]: Missing model for variant: 'Block{programmable_magic:dummy_block}[x_offset=1,y_offset=neg3,z_offset=0]'
[19:25:25] [Worker-Main-5/WARN]: Missing model for variant: 'Block{programmable_magic:dummy_block}[x_offset=1,y_offset=neg3,z_offset=1]'
[19:25:25] [Worker-Main-5/WARN]: Missing model for variant: 'Block{programmable_magic:dummy_block}[x_offset=1,y_offset=neg3,z_offset=2]'
[19:25:25] [Worker-Main-5/WARN]: Missing model for variant: 'Block{programmable_magic:dummy_block}[x_offset=1,y_offset=neg3,z_offset=3]'
[19:25:25] [Worker-Main-5/WARN]: Missing model for variant: 'Block{programmable_magic:dummy_block}[x_offset=1,y_offset=neg3,z_offset=4]'
[19:25:25] [Worker-Main-5/WARN]: Missing model for variant: 'Block{programmable_magic:dummy_block}[x_offset=1,y_offset=neg2,z_offset=neg4]'
[19:25:25] [Worker-Main-5/WARN]: Missing model for variant: 'Block{programmable_magic:dummy_block}[x_offset=1,y_offset=neg2,z_offset=neg3]'
[19:25:25] [Worker-Main-5/WARN]: Missing model for variant: 'Block{programmable_magic:dummy_block}[x_offset=1,y_offset=neg2,z_offset=neg2]'
[19:25:25] [Worker-Main-5/WARN]: Missing model for variant: 'Block{programmable_magic:dummy_block}[x_offset=1,y_offset=neg2,z_offset=neg1]'
[19:25:25] [Worker-Main-5/WARN]: Missing model for variant: 'Block{programmable_magic:dummy_block}[x_offset=1,y_offset=neg2,z_offset=0]'
[19:25:25] [Worker-Main-5/WARN]: Missing model for variant: 'Block{programmable_magic:dummy_block}[x_offset=1,y_offset=neg2,z_offset=1]'
[19:25:25] [Worker-Main-5/WARN]: Missing model for variant: 'Block{programmable_magic:dummy_block}[x_offset=1,y_offset=neg2,z_offset=2]'
[19:25:25] [Worker-Main-5/WARN]: Missing model for variant: 'Block{programmable_magic:dummy_block}[x_offset=1,y_offset=neg2,z_offset=3]'
[19:25:25] [Worker-Main-5/WARN]: Missing model for variant: 'Block{programmable_magic:dummy_block}[x_offset=1,y_offset=neg2,z_offset=4]'
[19:25:25] [Worker-Main-5/WARN]: Missing model for variant: 'Block{programmable_magic:dummy_block}[x_offset=1,y_offset=neg1,z_offset=neg4]'
[19:25:25] [Worker-Main-5/WARN]: Missing model for variant: 'Block{programmable_magic:dummy_block}[x_offset=1,y_offset=neg1,z_offset=neg3]'
[19:25:25] [Worker-Main-5/WARN]: Missing model for variant: 'Block{programmable_magic:dummy_block}[x_offset=1,y_offset=neg1,z_offset=neg2]'
[19:25:25] [Worker-Main-5/WARN]: Missing model for variant: 'Block{programmable_magic:dummy_block}[x_offset=1,y_offset=neg1,z_offset=neg1]'
[19:25:25] [Worker-Main-5/WARN]: Missing model for variant: 'Block{programmable_magic:dummy_block}[x_offset=1,y_offset=neg1,z_offset=0]'
[19:25:25] [Worker-Main-5/WARN]: Missing model for variant: 'Block{programmable_magic:dummy_block}[x_offset=1,y_offset=neg1,z_offset=1]'
[19:25:25] [Worker-Main-5/WARN]: Missing model for variant: 'Block{programmable_magic:dummy_block}[x_offset=1,y_offset=neg1,z_offset=2]'
[19:25:25] [Worker-Main-5/WARN]: Missing model for variant: 'Block{programmable_magic:dummy_block}[x_offset=1,y_offset=neg1,z_offset=3]'
[19:25:25] [Worker-Main-5/WARN]: Missing model for variant: 'Block{programmable_magic:dummy_block}[x_offset=1,y_offset=neg1,z_offset=4]'
[19:25:25] [Worker-Main-5/WARN]: Missing model for variant: 'Block{programmable_magic:dummy_block}[x_offset=1,y_offset=0,z_offset=neg4]'
[19:25:25] [Worker-Main-5/WARN]: Missing model for variant: 'Block{programmable_magic:dummy_block}[x_offset=1,y_offset=0,z_offset=neg3]'
[19:25:25] [Worker-Main-5/WARN]: Missing model for variant: 'Block{programmable_magic:dummy_block}[x_offset=1,y_offset=0,z_offset=neg2]'
[19:25:25] [Worker-Main-5/WARN]: Missing model for variant: 'Block{programmable_magic:dummy_block}[x_offset=1,y_offset=0,z_offset=neg1]'
[19:25:25] [Worker-Main-5/WARN]: Missing model for variant: 'Block{programmable_magic:dummy_block}[x_offset=1,y_offset=0,z_offset=0]'
[19:25:25] [Worker-Main-5/WARN]: Missing model for variant: 'Block{programmable_magic:dummy_block}[x_offset=1,y_offset=0,z_offset=1]'
[19:25:25] [Worker-Main-5/WARN]: Missing model for variant: 'Block{programmable_magic:dummy_block}[x_offset=1,y_offset=0,z_offset=2]'
[19:25:25] [Worker-Main-5/WARN]: Missing model for variant: 'Block{programmable_magic:dummy_block}[x_offset=1,y_offset=0,z_offset=3]'
[19:25:25] [Worker-Main-5/WARN]: Missing model for variant: 'Block{programmable_magic:dummy_block}[x_offset=1,y_offset=0,z_offset=4]'
[19:25:25] [Worker-Main-5/WARN]: Missing model for variant: 'Block{programmable_magic:dummy_block}[x_offset=1,y_offset=1,z_offset=neg4]'
[19:25:25] [Worker-Main-5/WARN]: Missing model for variant: 'Block{programmable_magic:dummy_block}[x_offset=1,y_offset=1,z_offset=neg3]'
[19:25:25] [Worker-Main-5/WARN]: Missing model for variant: 'Block{programmable_magic:dummy_block}[x_offset=1,y_offset=1,z_offset=neg2]'
[19:25:25] [Worker-Main-5/WARN]: Missing model for variant: 'Block{programmable_magic:dummy_block}[x_offset=1,y_offset=1,z_offset=neg1]'
[19:25:25] [Worker-Main-5/WARN]: Missing model for variant: 'Block{programmable_magic:dummy_block}[x_offset=1,y_offset=1,z_offset=0]'
[19:25:25] [Worker-Main-5/WARN]: Missing model for variant: 'Block{programmable_magic:dummy_block}[x_offset=1,y_offset=1,z_offset=1]'
[19:25:25] [Worker-Main-5/WARN]: Missing model for variant: 'Block{programmable_magic:dummy_block}[x_offset=1,y_offset=1,z_offset=2]'
[19:25:25] [Worker-Main-5/WARN]: Missing model for variant: 'Block{programmable_magic:dummy_block}[x_offset=1,y_offset=1,z_offset=3]'
[19:25:25] [Worker-Main-5/WARN]: Missing model for variant: 'Block{programmable_magic:dummy_block}[x_offset=1,y_offset=1,z_offset=4]'
[19:25:25] [Worker-Main-5/WARN]: Missing model for variant: 'Block{programmable_magic:dummy_block}[x_offset=1,y_offset=2,z_offset=neg4]'
[19:25:25] [Worker-Main-5/WARN]: Missing model for variant: 'Block{programmable_magic:dummy_block}[x_offset=1,y_offset=2,z_offset=neg3]'
[19:25:25] [Worker-Main-5/WARN]: Missing model for variant: 'Block{programmable_magic:dummy_block}[x_offset=1,y_offset=2,z_offset=neg2]'
[19:25:25] [Worker-Main-5/WARN]: Missing model for variant: 'Block{programmable_magic:dummy_block}[x_offset=1,y_offset=2,z_offset=neg1]'
[19:25:25] [Worker-Main-5/WARN]: Missing model for variant: 'Block{programmable_magic:dummy_block}[x_offset=1,y_offset=2,z_offset=0]'
[19:25:25] [Worker-Main-5/WARN]: Missing model for variant: 'Block{programmable_magic:dummy_block}[x_offset=1,y_offset=2,z_offset=1]'
[19:25:25] [Worker-Main-5/WARN]: Missing model for variant: 'Block{programmable_magic:dummy_block}[x_offset=1,y_offset=2,z_offset=2]'
[19:25:25] [Worker-Main-5/WARN]: Missing model for variant: 'Block{programmable_magic:dummy_block}[x_offset=1,y_offset=2,z_offset=3]'
[19:25:25] [Worker-Main-5/WARN]: Missing model for variant: 'Block{programmable_magic:dummy_block}[x_offset=1,y_offset=2,z_offset=4]'
[19:25:25] [Worker-Main-5/WARN]: Missing model for variant: 'Block{programmable_magic:dummy_block}[x_offset=1,y_offset=3,z_offset=neg4]'
[19:25:25] [Worker-Main-5/WARN]: Missing model for variant: 'Block{programmable_magic:dummy_block}[x_offset=1,y_offset=3,z_offset=neg3]'
[19:25:25] [Worker-Main-5/WARN]: Missing model for variant: 'Block{programmable_magic:dummy_block}[x_offset=1,y_offset=3,z_offset=neg2]'
[19:25:25] [Worker-Main-5/WARN]: Missing model for variant: 'Block{programmable_magic:dummy_block}[x_offset=1,y_offset=3,z_offset=neg1]'
[19:25:25] [Worker-Main-5/WARN]: Missing model for variant: 'Block{programmable_magic:dummy_block}[x_offset=1,y_offset=3,z_offset=0]'
[19:25:25] [Worker-Main-5/WARN]: Missing model for variant: 'Block{programmable_magic:dummy_block}[x_offset=1,y_offset=3,z_offset=1]'
[19:25:25] [Worker-Main-5/WARN]: Missing model for variant: 'Block{programmable_magic:dummy_block}[x_offset=1,y_offset=3,z_offset=2]'
[19:25:25] [Worker-Main-5/WARN]: Missing model for variant: 'Block{programmable_magic:dummy_block}[x_offset=1,y_offset=3,z_offset=3]'
[19:25:25] [Worker-Main-5/WARN]: Missing model for variant: 'Block{programmable_magic:dummy_block}[x_offset=1,y_offset=3,z_offset=4]'
[19:25:25] [Worker-Main-5/WARN]: Missing model for variant: 'Block{programmable_magic:dummy_block}[x_offset=1,y_offset=4,z_offset=neg4]'
[19:25:25] [Worker-Main-5/WARN]: Missing model for variant: 'Block{programmable_magic:dummy_block}[x_offset=1,y_offset=4,z_offset=neg3]'
[19:25:25] [Worker-Main-5/WARN]: Missing model for variant: 'Block{programmable_magic:dummy_block}[x_offset=1,y_offset=4,z_offset=neg2]'
[19:25:25] [Worker-Main-5/WARN]: Missing model for variant: 'Block{programmable_magic:dummy_block}[x_offset=1,y_offset=4,z_offset=neg1]'
[19:25:25] [Worker-Main-5/WARN]: Missing model for variant: 'Block{programmable_magic:dummy_block}[x_offset=1,y_offset=4,z_offset=0]'
[19:25:25] [Worker-Main-5/WARN]: Missing model for variant: 'Block{programmable_magic:dummy_block}[x_offset=1,y_offset=4,z_offset=1]'
[19:25:25] [Worker-Main-5/WARN]: Missing model for variant: 'Block{programmable_magic:dummy_block}[x_offset=1,y_offset=4,z_offset=2]'
[19:25:25] [Worker-Main-5/WARN]: Missing model for variant: 'Block{programmable_magic:dummy_block}[x_offset=1,y_offset=4,z_offset=3]'
[19:25:25] [Worker-Main-5/WARN]: Missing model for variant: 'Block{programmable_magic:dummy_block}[x_offset=1,y_offset=4,z_offset=4]'
[19:25:25] [Worker-Main-5/WARN]: Missing model for variant: 'Block{programmable_magic:dummy_block}[x_offset=2,y_offset=neg4,z_offset=neg4]'
[19:25:25] [Worker-Main-5/WARN]: Missing model for variant: 'Block{programmable_magic:dummy_block}[x_offset=2,y_offset=neg4,z_offset=neg3]'
[19:25:25] [Worker-Main-5/WARN]: Missing model for variant: 'Block{programmable_magic:dummy_block}[x_offset=2,y_offset=neg4,z_offset=neg2]'
[19:25:25] [Worker-Main-5/WARN]: Missing model for variant: 'Block{programmable_magic:dummy_block}[x_offset=2,y_offset=neg4,z_offset=neg1]'
[19:25:25] [Worker-Main-5/WARN]: Missing model for variant: 'Block{programmable_magic:dummy_block}[x_offset=2,y_offset=neg4,z_offset=0]'
[19:25:25] [Worker-Main-5/WARN]: Missing model for variant: 'Block{programmable_magic:dummy_block}[x_offset=2,y_offset=neg4,z_offset=1]'
[19:25:25] [Worker-Main-5/WARN]: Missing model for variant: 'Block{programmable_magic:dummy_block}[x_offset=2,y_offset=neg4,z_offset=2]'
[19:25:25] [Worker-Main-5/WARN]: Missing model for variant: 'Block{programmable_magic:dummy_block}[x_offset=2,y_offset=neg4,z_offset=3]'
[19:25:25] [Worker-Main-5/WARN]: Missing model for variant: 'Block{programmable_magic:dummy_block}[x_offset=2,y_offset=neg4,z_offset=4]'
[19:25:25] [Worker-Main-5/WARN]: Missing model for variant: 'Block{programmable_magic:dummy_block}[x_offset=2,y_offset=neg3,z_offset=neg4]'
[19:25:25] [Worker-Main-5/WARN]: Missing model for variant: 'Block{programmable_magic:dummy_block}[x_offset=2,y_offset=neg3,z_offset=neg3]'
[19:25:25] [Worker-Main-5/WARN]: Missing model for variant: 'Block{programmable_magic:dummy_block}[x_offset=2,y_offset=neg3,z_offset=neg2]'
[19:25:25] [Worker-Main-5/WARN]: Missing model for variant: 'Block{programmable_magic:dummy_block}[x_offset=2,y_offset=neg3,z_offset=neg1]'
[19:25:25] [Worker-Main-5/WARN]: Missing model for variant: 'Block{programmable_magic:dummy_block}[x_offset=2,y_offset=neg3,z_offset=0]'
[19:25:25] [Worker-Main-5/WARN]: Missing model for variant: 'Block{programmable_magic:dummy_block}[x_offset=2,y_offset=neg3,z_offset=1]'
[19:25:25] [Worker-Main-5/WARN]: Missing model for variant: 'Block{programmable_magic:dummy_block}[x_offset=2,y_offset=neg3,z_offset=2]'
[19:25:25] [Worker-Main-5/WARN]: Missing model for variant: 'Block{programmable_magic:dummy_block}[x_offset=2,y_offset=neg3,z_offset=3]'
[19:25:25] [Worker-Main-5/WARN]: Missing model for variant: 'Block{programmable_magic:dummy_block}[x_offset=2,y_offset=neg3,z_offset=4]'
[19:25:25] [Worker-Main-5/WARN]: Missing model for variant: 'Block{programmable_magic:dummy_block}[x_offset=2,y_offset=neg2,z_offset=neg4]'
[19:25:25] [Worker-Main-5/WARN]: Missing model for variant: 'Block{programmable_magic:dummy_block}[x_offset=2,y_offset=neg2,z_offset=neg3]'
[19:25:25] [Worker-Main-5/WARN]: Missing model for variant: 'Block{programmable_magic:dummy_block}[x_offset=2,y_offset=neg2,z_offset=neg2]'
[19:25:25] [Worker-Main-5/WARN]: Missing model for variant: 'Block{programmable_magic:dummy_block}[x_offset=2,y_offset=neg2,z_offset=neg1]'
[19:25:25] [Worker-Main-5/WARN]: Missing model for variant: 'Block{programmable_magic:dummy_block}[x_offset=2,y_offset=neg2,z_offset=0]'
[19:25:25] [Worker-Main-5/WARN]: Missing model for variant: 'Block{programmable_magic:dummy_block}[x_offset=2,y_offset=neg2,z_offset=1]'
[19:25:25] [Worker-Main-5/WARN]: Missing model for variant: 'Block{programmable_magic:dummy_block}[x_offset=2,y_offset=neg2,z_offset=2]'
[19:25:25] [Worker-Main-5/WARN]: Missing model for variant: 'Block{programmable_magic:dummy_block}[x_offset=2,y_offset=neg2,z_offset=3]'
[19:25:25] [Worker-Main-5/WARN]: Missing model for variant: 'Block{programmable_magic:dummy_block}[x_offset=2,y_offset=neg2,z_offset=4]'
[19:25:25] [Worker-Main-5/WARN]: Missing model for variant: 'Block{programmable_magic:dummy_block}[x_offset=2,y_offset=neg1,z_offset=neg4]'
[19:25:25] [Worker-Main-5/WARN]: Missing model for variant: 'Block{programmable_magic:dummy_block}[x_offset=2,y_offset=neg1,z_offset=neg3]'
[19:25:25] [Worker-Main-5/WARN]: Missing model for variant: 'Block{programmable_magic:dummy_block}[x_offset=2,y_offset=neg1,z_offset=neg2]'
[19:25:25] [Worker-Main-5/WARN]: Missing model for variant: 'Block{programmable_magic:dummy_block}[x_offset=2,y_offset=neg1,z_offset=neg1]'
[19:25:25] [Worker-Main-5/WARN]: Missing model for variant: 'Block{programmable_magic:dummy_block}[x_offset=2,y_offset=neg1,z_offset=0]'
[19:25:25] [Worker-Main-5/WARN]: Missing model for variant: 'Block{programmable_magic:dummy_block}[x_offset=2,y_offset=neg1,z_offset=1]'
[19:25:25] [Worker-Main-5/WARN]: Missing model for variant: 'Block{programmable_magic:dummy_block}[x_offset=2,y_offset=neg1,z_offset=2]'
[19:25:25] [Worker-Main-5/WARN]: Missing model for variant: 'Block{programmable_magic:dummy_block}[x_offset=2,y_offset=neg1,z_offset=3]'
[19:25:25] [Worker-Main-5/WARN]: Missing model for variant: 'Block{programmable_magic:dummy_block}[x_offset=2,y_offset=neg1,z_offset=4]'
[19:25:25] [Worker-Main-5/WARN]: Missing model for variant: 'Block{programmable_magic:dummy_block}[x_offset=2,y_offset=0,z_offset=neg4]'
[19:25:25] [Worker-Main-5/WARN]: Missing model for variant: 'Block{programmable_magic:dummy_block}[x_offset=2,y_offset=0,z_offset=neg3]'
[19:25:25] [Worker-Main-5/WARN]: Missing model for variant: 'Block{programmable_magic:dummy_block}[x_offset=2,y_offset=0,z_offset=neg2]'
[19:25:25] [Worker-Main-5/WARN]: Missing model for variant: 'Block{programmable_magic:dummy_block}[x_offset=2,y_offset=0,z_offset=neg1]'
[19:25:25] [Worker-Main-5/WARN]: Missing model for variant: 'Block{programmable_magic:dummy_block}[x_offset=2,y_offset=0,z_offset=0]'
[19:25:25] [Worker-Main-5/WARN]: Missing model for variant: 'Block{programmable_magic:dummy_block}[x_offset=2,y_offset=0,z_offset=1]'
[19:25:25] [Worker-Main-5/WARN]: Missing model for variant: 'Block{programmable_magic:dummy_block}[x_offset=2,y_offset=0,z_offset=2]'
[19:25:25] [Worker-Main-5/WARN]: Missing model for variant: 'Block{programmable_magic:dummy_block}[x_offset=2,y_offset=0,z_offset=3]'
[19:25:25] [Worker-Main-5/WARN]: Missing model for variant: 'Block{programmable_magic:dummy_block}[x_offset=2,y_offset=0,z_offset=4]'
[19:25:25] [Worker-Main-5/WARN]: Missing model for variant: 'Block{programmable_magic:dummy_block}[x_offset=2,y_offset=1,z_offset=neg4]'
[19:25:25] [Worker-Main-5/WARN]: Missing model for variant: 'Block{programmable_magic:dummy_block}[x_offset=2,y_offset=1,z_offset=neg3]'
[19:25:25] [Worker-Main-5/WARN]: Missing model for variant: 'Block{programmable_magic:dummy_block}[x_offset=2,y_offset=1,z_offset=neg2]'
[19:25:25] [Worker-Main-5/WARN]: Missing model for variant: 'Block{programmable_magic:dummy_block}[x_offset=2,y_offset=1,z_offset=neg1]'
[19:25:25] [Worker-Main-5/WARN]: Missing model for variant: 'Block{programmable_magic:dummy_block}[x_offset=2,y_offset=1,z_offset=0]'
[19:25:25] [Worker-Main-5/WARN]: Missing model for variant: 'Block{programmable_magic:dummy_block}[x_offset=2,y_offset=1,z_offset=1]'
[19:25:25] [Worker-Main-5/WARN]: Missing model for variant: 'Block{programmable_magic:dummy_block}[x_offset=2,y_offset=1,z_offset=2]'
[19:25:25] [Worker-Main-5/WARN]: Missing model for variant: 'Block{programmable_magic:dummy_block}[x_offset=2,y_offset=1,z_offset=3]'
[19:25:25] [Worker-Main-5/WARN]: Missing model for variant: 'Block{programmable_magic:dummy_block}[x_offset=2,y_offset=1,z_offset=4]'
[19:25:25] [Worker-Main-5/WARN]: Missing model for variant: 'Block{programmable_magic:dummy_block}[x_offset=2,y_offset=2,z_offset=neg4]'
[19:25:25] [Worker-Main-5/WARN]: Missing model for variant: 'Block{programmable_magic:dummy_block}[x_offset=2,y_offset=2,z_offset=neg3]'
[19:25:25] [Worker-Main-5/WARN]: Missing model for variant: 'Block{programmable_magic:dummy_block}[x_offset=2,y_offset=2,z_offset=neg2]'
[19:25:25] [Worker-Main-5/WARN]: Missing model for variant: 'Block{programmable_magic:dummy_block}[x_offset=2,y_offset=2,z_offset=neg1]'
[19:25:25] [Worker-Main-5/WARN]: Missing model for variant: 'Block{programmable_magic:dummy_block}[x_offset=2,y_offset=2,z_offset=0]'
[19:25:25] [Worker-Main-5/WARN]: Missing model for variant: 'Block{programmable_magic:dummy_block}[x_offset=2,y_offset=2,z_offset=1]'
[19:25:25] [Worker-Main-5/WARN]: Missing model for variant: 'Block{programmable_magic:dummy_block}[x_offset=2,y_offset=2,z_offset=2]'
[19:25:25] [Worker-Main-5/WARN]: Missing model for variant: 'Block{programmable_magic:dummy_block}[x_offset=2,y_offset=2,z_offset=3]'
[19:25:25] [Worker-Main-5/WARN]: Missing model for variant: 'Block{programmable_magic:dummy_block}[x_offset=2,y_offset=2,z_offset=4]'
[19:25:25] [Worker-Main-5/WARN]: Missing model for variant: 'Block{programmable_magic:dummy_block}[x_offset=2,y_offset=3,z_offset=neg4]'
[19:25:25] [Worker-Main-5/WARN]: Missing model for variant: 'Block{programmable_magic:dummy_block}[x_offset=2,y_offset=3,z_offset=neg3]'
[19:25:25] [Worker-Main-5/WARN]: Missing model for variant: 'Block{programmable_magic:dummy_block}[x_offset=2,y_offset=3,z_offset=neg2]'
[19:25:25] [Worker-Main-5/WARN]: Missing model for variant: 'Block{programmable_magic:dummy_block}[x_offset=2,y_offset=3,z_offset=neg1]'
[19:25:25] [Worker-Main-5/WARN]: Missing model for variant: 'Block{programmable_magic:dummy_block}[x_offset=2,y_offset=3,z_offset=0]'
[19:25:25] [Worker-Main-5/WARN]: Missing model for variant: 'Block{programmable_magic:dummy_block}[x_offset=2,y_offset=3,z_offset=1]'
[19:25:25] [Worker-Main-5/WARN]: Missing model for variant: 'Block{programmable_magic:dummy_block}[x_offset=2,y_offset=3,z_offset=2]'
[19:25:25] [Worker-Main-5/WARN]: Missing model for variant: 'Block{programmable_magic:dummy_block}[x_offset=2,y_offset=3,z_offset=3]'
[19:25:25] [Worker-Main-5/WARN]: Missing model for variant: 'Block{programmable_magic:dummy_block}[x_offset=2,y_offset=3,z_offset=4]'
[19:25:25] [Worker-Main-5/WARN]: Missing model for variant: 'Block{programmable_magic:dummy_block}[x_offset=2,y_offset=4,z_offset=neg4]'
[19:25:25] [Worker-Main-5/WARN]: Missing model for variant: 'Block{programmable_magic:dummy_block}[x_offset=2,y_offset=4,z_offset=neg3]'
[19:25:25] [Worker-Main-5/WARN]: Missing model for variant: 'Block{programmable_magic:dummy_block}[x_offset=2,y_offset=4,z_offset=neg2]'
[19:25:25] [Worker-Main-5/WARN]: Missing model for variant: 'Block{programmable_magic:dummy_block}[x_offset=2,y_offset=4,z_offset=neg1]'
[19:25:25] [Worker-Main-5/WARN]: Missing model for variant: 'Block{programmable_magic:dummy_block}[x_offset=2,y_offset=4,z_offset=0]'
[19:25:25] [Worker-Main-5/WARN]: Missing model for variant: 'Block{programmable_magic:dummy_block}[x_offset=2,y_offset=4,z_offset=1]'
[19:25:25] [Worker-Main-5/WARN]: Missing model for variant: 'Block{programmable_magic:dummy_block}[x_offset=2,y_offset=4,z_offset=2]'
[19:25:25] [Worker-Main-5/WARN]: Missing model for variant: 'Block{programmable_magic:dummy_block}[x_offset=2,y_offset=4,z_offset=3]'
[19:25:25] [Worker-Main-5/WARN]: Missing model for variant: 'Block{programmable_magic:dummy_block}[x_offset=2,y_offset=4,z_offset=4]'
[19:25:25] [Worker-Main-5/WARN]: Missing model for variant: 'Block{programmable_magic:dummy_block}[x_offset=3,y_offset=neg4,z_offset=neg4]'
[19:25:25] [Worker-Main-5/WARN]: Missing model for variant: 'Block{programmable_magic:dummy_block}[x_offset=3,y_offset=neg4,z_offset=neg3]'
[19:25:25] [Worker-Main-5/WARN]: Missing model for variant: 'Block{programmable_magic:dummy_block}[x_offset=3,y_offset=neg4,z_offset=neg2]'
[19:25:25] [Worker-Main-5/WARN]: Missing model for variant: 'Block{programmable_magic:dummy_block}[x_offset=3,y_offset=neg4,z_offset=neg1]'
[19:25:25] [Worker-Main-5/WARN]: Missing model for variant: 'Block{programmable_magic:dummy_block}[x_offset=3,y_offset=neg4,z_offset=0]'
[19:25:25] [Worker-Main-5/WARN]: Missing model for variant: 'Block{programmable_magic:dummy_block}[x_offset=3,y_offset=neg4,z_offset=1]'
[19:25:25] [Worker-Main-5/WARN]: Missing model for variant: 'Block{programmable_magic:dummy_block}[x_offset=3,y_offset=neg4,z_offset=2]'
[19:25:25] [Worker-Main-5/WARN]: Missing model for variant: 'Block{programmable_magic:dummy_block}[x_offset=3,y_offset=neg4,z_offset=3]'
[19:25:25] [Worker-Main-5/WARN]: Missing model for variant: 'Block{programmable_magic:dummy_block}[x_offset=3,y_offset=neg4,z_offset=4]'
[19:25:25] [Worker-Main-5/WARN]: Missing model for variant: 'Block{programmable_magic:dummy_block}[x_offset=3,y_offset=neg3,z_offset=neg4]'
[19:25:25] [Worker-Main-5/WARN]: Missing model for variant: 'Block{programmable_magic:dummy_block}[x_offset=3,y_offset=neg3,z_offset=neg3]'
[19:25:25] [Worker-Main-5/WARN]: Missing model for variant: 'Block{programmable_magic:dummy_block}[x_offset=3,y_offset=neg3,z_offset=neg2]'
[19:25:25] [Worker-Main-5/WARN]: Missing model for variant: 'Block{programmable_magic:dummy_block}[x_offset=3,y_offset=neg3,z_offset=neg1]'
[19:25:25] [Worker-Main-5/WARN]: Missing model for variant: 'Block{programmable_magic:dummy_block}[x_offset=3,y_offset=neg3,z_offset=0]'
[19:25:25] [Worker-Main-5/WARN]: Missing model for variant: 'Block{programmable_magic:dummy_block}[x_offset=3,y_offset=neg3,z_offset=1]'
[19:25:25] [Worker-Main-5/WARN]: Missing model for variant: 'Block{programmable_magic:dummy_block}[x_offset=3,y_offset=neg3,z_offset=2]'
[19:25:25] [Worker-Main-5/WARN]: Missing model for variant: 'Block{programmable_magic:dummy_block}[x_offset=3,y_offset=neg3,z_offset=3]'
[19:25:25] [Worker-Main-5/WARN]: Missing model for variant: 'Block{programmable_magic:dummy_block}[x_offset=3,y_offset=neg3,z_offset=4]'
[19:25:25] [Worker-Main-5/WARN]: Missing model for variant: 'Block{programmable_magic:dummy_block}[x_offset=3,y_offset=neg2,z_offset=neg4]'
[19:25:25] [Worker-Main-5/WARN]: Missing model for variant: 'Block{programmable_magic:dummy_block}[x_offset=3,y_offset=neg2,z_offset=neg3]'
[19:25:25] [Worker-Main-5/WARN]: Missing model for variant: 'Block{programmable_magic:dummy_block}[x_offset=3,y_offset=neg2,z_offset=neg2]'
[19:25:25] [Worker-Main-5/WARN]: Missing model for variant: 'Block{programmable_magic:dummy_block}[x_offset=3,y_offset=neg2,z_offset=neg1]'
[19:25:25] [Worker-Main-5/WARN]: Missing model for variant: 'Block{programmable_magic:dummy_block}[x_offset=3,y_offset=neg2,z_offset=0]'
[19:25:25] [Worker-Main-5/WARN]: Missing model for variant: 'Block{programmable_magic:dummy_block}[x_offset=3,y_offset=neg2,z_offset=1]'
[19:25:25] [Worker-Main-5/WARN]: Missing model for variant: 'Block{programmable_magic:dummy_block}[x_offset=3,y_offset=neg2,z_offset=2]'
[19:25:25] [Worker-Main-5/WARN]: Missing model for variant: 'Block{programmable_magic:dummy_block}[x_offset=3,y_offset=neg2,z_offset=3]'
[19:25:25] [Worker-Main-5/WARN]: Missing model for variant: 'Block{programmable_magic:dummy_block}[x_offset=3,y_offset=neg2,z_offset=4]'
[19:25:25] [Worker-Main-5/WARN]: Missing model for variant: 'Block{programmable_magic:dummy_block}[x_offset=3,y_offset=neg1,z_offset=neg4]'
[19:25:25] [Worker-Main-5/WARN]: Missing model for variant: 'Block{programmable_magic:dummy_block}[x_offset=3,y_offset=neg1,z_offset=neg3]'
[19:25:25] [Worker-Main-5/WARN]: Missing model for variant: 'Block{programmable_magic:dummy_block}[x_offset=3,y_offset=neg1,z_offset=neg2]'
[19:25:25] [Worker-Main-5/WARN]: Missing model for variant: 'Block{programmable_magic:dummy_block}[x_offset=3,y_offset=neg1,z_offset=neg1]'
[19:25:25] [Worker-Main-5/WARN]: Missing model for variant: 'Block{programmable_magic:dummy_block}[x_offset=3,y_offset=neg1,z_offset=0]'
[19:25:25] [Worker-Main-5/WARN]: Missing model for variant: 'Block{programmable_magic:dummy_block}[x_offset=3,y_offset=neg1,z_offset=1]'
[19:25:25] [Worker-Main-5/WARN]: Missing model for variant: 'Block{programmable_magic:dummy_block}[x_offset=3,y_offset=neg1,z_offset=2]'
[19:25:25] [Worker-Main-5/WARN]: Missing model for variant: 'Block{programmable_magic:dummy_block}[x_offset=3,y_offset=neg1,z_offset=3]'
[19:25:25] [Worker-Main-5/WARN]: Missing model for variant: 'Block{programmable_magic:dummy_block}[x_offset=3,y_offset=neg1,z_offset=4]'
[19:25:25] [Worker-Main-5/WARN]: Missing model for variant: 'Block{programmable_magic:dummy_block}[x_offset=3,y_offset=0,z_offset=neg4]'
[19:25:25] [Worker-Main-5/WARN]: Missing model for variant: 'Block{programmable_magic:dummy_block}[x_offset=3,y_offset=0,z_offset=neg3]'
[19:25:25] [Worker-Main-5/WARN]: Missing model for variant: 'Block{programmable_magic:dummy_block}[x_offset=3,y_offset=0,z_offset=neg2]'
[19:25:25] [Worker-Main-5/WARN]: Missing model for variant: 'Block{programmable_magic:dummy_block}[x_offset=3,y_offset=0,z_offset=neg1]'
[19:25:25] [Worker-Main-5/WARN]: Missing model for variant: 'Block{programmable_magic:dummy_block}[x_offset=3,y_offset=0,z_offset=0]'
[19:25:25] [Worker-Main-5/WARN]: Missing model for variant: 'Block{programmable_magic:dummy_block}[x_offset=3,y_offset=0,z_offset=1]'
[19:25:25] [Worker-Main-5/WARN]: Missing model for variant: 'Block{programmable_magic:dummy_block}[x_offset=3,y_offset=0,z_offset=2]'
[19:25:25] [Worker-Main-5/WARN]: Missing model for variant: 'Block{programmable_magic:dummy_block}[x_offset=3,y_offset=0,z_offset=3]'
[19:25:25] [Worker-Main-5/WARN]: Missing model for variant: 'Block{programmable_magic:dummy_block}[x_offset=3,y_offset=0,z_offset=4]'
[19:25:25] [Worker-Main-5/WARN]: Missing model for variant: 'Block{programmable_magic:dummy_block}[x_offset=3,y_offset=1,z_offset=neg4]'
[19:25:25] [Worker-Main-5/WARN]: Missing model for variant: 'Block{programmable_magic:dummy_block}[x_offset=3,y_offset=1,z_offset=neg3]'
[19:25:25] [Worker-Main-5/WARN]: Missing model for variant: 'Block{programmable_magic:dummy_block}[x_offset=3,y_offset=1,z_offset=neg2]'
[19:25:25] [Worker-Main-5/WARN]: Missing model for variant: 'Block{programmable_magic:dummy_block}[x_offset=3,y_offset=1,z_offset=neg1]'
[19:25:25] [Worker-Main-5/WARN]: Missing model for variant: 'Block{programmable_magic:dummy_block}[x_offset=3,y_offset=1,z_offset=0]'
[19:25:25] [Worker-Main-5/WARN]: Missing model for variant: 'Block{programmable_magic:dummy_block}[x_offset=3,y_offset=1,z_offset=1]'
[19:25:25] [Worker-Main-5/WARN]: Missing model for variant: 'Block{programmable_magic:dummy_block}[x_offset=3,y_offset=1,z_offset=2]'
[19:25:25] [Worker-Main-5/WARN]: Missing model for variant: 'Block{programmable_magic:dummy_block}[x_offset=3,y_offset=1,z_offset=3]'
[19:25:25] [Worker-Main-5/WARN]: Missing model for variant: 'Block{programmable_magic:dummy_block}[x_offset=3,y_offset=1,z_offset=4]'
[19:25:25] [Worker-Main-5/WARN]: Missing model for variant: 'Block{programmable_magic:dummy_block}[x_offset=3,y_offset=2,z_offset=neg4]'
[19:25:25] [Worker-Main-5/WARN]: Missing model for variant: 'Block{programmable_magic:dummy_block}[x_offset=3,y_offset=2,z_offset=neg3]'
[19:25:25] [Worker-Main-5/WARN]: Missing model for variant: 'Block{programmable_magic:dummy_block}[x_offset=3,y_offset=2,z_offset=neg2]'
[19:25:25] [Worker-Main-5/WARN]: Missing model for variant: 'Block{programmable_magic:dummy_block}[x_offset=3,y_offset=2,z_offset=neg1]'
[19:25:25] [Worker-Main-5/WARN]: Missing model for variant: 'Block{programmable_magic:dummy_block}[x_offset=3,y_offset=2,z_offset=0]'
[19:25:25] [Worker-Main-5/WARN]: Missing model for variant: 'Block{programmable_magic:dummy_block}[x_offset=3,y_offset=2,z_offset=1]'
[19:25:25] [Worker-Main-5/WARN]: Missing model for variant: 'Block{programmable_magic:dummy_block}[x_offset=3,y_offset=2,z_offset=2]'
[19:25:25] [Worker-Main-5/WARN]: Missing model for variant: 'Block{programmable_magic:dummy_block}[x_offset=3,y_offset=2,z_offset=3]'
[19:25:25] [Worker-Main-5/WARN]: Missing model for variant: 'Block{programmable_magic:dummy_block}[x_offset=3,y_offset=2,z_offset=4]'
[19:25:25] [Worker-Main-5/WARN]: Missing model for variant: 'Block{programmable_magic:dummy_block}[x_offset=3,y_offset=3,z_offset=neg4]'
[19:25:25] [Worker-Main-5/WARN]: Missing model for variant: 'Block{programmable_magic:dummy_block}[x_offset=3,y_offset=3,z_offset=neg3]'
[19:25:25] [Worker-Main-5/WARN]: Missing model for variant: 'Block{programmable_magic:dummy_block}[x_offset=3,y_offset=3,z_offset=neg2]'
[19:25:25] [Worker-Main-5/WARN]: Missing model for variant: 'Block{programmable_magic:dummy_block}[x_offset=3,y_offset=3,z_offset=neg1]'
[19:25:25] [Worker-Main-5/WARN]: Missing model for variant: 'Block{programmable_magic:dummy_block}[x_offset=3,y_offset=3,z_offset=0]'
[19:25:25] [Worker-Main-5/WARN]: Missing model for variant: 'Block{programmable_magic:dummy_block}[x_offset=3,y_offset=3,z_offset=1]'
[19:25:25] [Worker-Main-5/WARN]: Missing model for variant: 'Block{programmable_magic:dummy_block}[x_offset=3,y_offset=3,z_offset=2]'
[19:25:25] [Worker-Main-5/WARN]: Missing model for variant: 'Block{programmable_magic:dummy_block}[x_offset=3,y_offset=3,z_offset=3]'
[19:25:25] [Worker-Main-5/WARN]: Missing model for variant: 'Block{programmable_magic:dummy_block}[x_offset=3,y_offset=3,z_offset=4]'
[19:25:25] [Worker-Main-5/WARN]: Missing model for variant: 'Block{programmable_magic:dummy_block}[x_offset=3,y_offset=4,z_offset=neg4]'
[19:25:25] [Worker-Main-5/WARN]: Missing model for variant: 'Block{programmable_magic:dummy_block}[x_offset=3,y_offset=4,z_offset=neg3]'
[19:25:25] [Worker-Main-5/WARN]: Missing model for variant: 'Block{programmable_magic:dummy_block}[x_offset=3,y_offset=4,z_offset=neg2]'
[19:25:25] [Worker-Main-5/WARN]: Missing model for variant: 'Block{programmable_magic:dummy_block}[x_offset=3,y_offset=4,z_offset=neg1]'
[19:25:25] [Worker-Main-5/WARN]: Missing model for variant: 'Block{programmable_magic:dummy_block}[x_offset=3,y_offset=4,z_offset=0]'
[19:25:25] [Worker-Main-5/WARN]: Missing model for variant: 'Block{programmable_magic:dummy_block}[x_offset=3,y_offset=4,z_offset=1]'
[19:25:25] [Worker-Main-5/WARN]: Missing model for variant: 'Block{programmable_magic:dummy_block}[x_offset=3,y_offset=4,z_offset=2]'
[19:25:25] [Worker-Main-5/WARN]: Missing model for variant: 'Block{programmable_magic:dummy_block}[x_offset=3,y_offset=4,z_offset=3]'
[19:25:25] [Worker-Main-5/WARN]: Missing model for variant: 'Block{programmable_magic:dummy_block}[x_offset=3,y_offset=4,z_offset=4]'
[19:25:25] [Worker-Main-5/WARN]: Missing model for variant: 'Block{programmable_magic:dummy_block}[x_offset=4,y_offset=neg4,z_offset=neg4]'
[19:25:25] [Worker-Main-5/WARN]: Missing model for variant: 'Block{programmable_magic:dummy_block}[x_offset=4,y_offset=neg4,z_offset=neg3]'
[19:25:25] [Worker-Main-5/WARN]: Missing model for variant: 'Block{programmable_magic:dummy_block}[x_offset=4,y_offset=neg4,z_offset=neg2]'
[19:25:25] [Worker-Main-5/WARN]: Missing model for variant: 'Block{programmable_magic:dummy_block}[x_offset=4,y_offset=neg4,z_offset=neg1]'
[19:25:25] [Worker-Main-5/WARN]: Missing model for variant: 'Block{programmable_magic:dummy_block}[x_offset=4,y_offset=neg4,z_offset=0]'
[19:25:25] [Worker-Main-5/WARN]: Missing model for variant: 'Block{programmable_magic:dummy_block}[x_offset=4,y_offset=neg4,z_offset=1]'
[19:25:25] [Worker-Main-5/WARN]: Missing model for variant: 'Block{programmable_magic:dummy_block}[x_offset=4,y_offset=neg4,z_offset=2]'
[19:25:25] [Worker-Main-5/WARN]: Missing model for variant: 'Block{programmable_magic:dummy_block}[x_offset=4,y_offset=neg4,z_offset=3]'
[19:25:25] [Worker-Main-5/WARN]: Missing model for variant: 'Block{programmable_magic:dummy_block}[x_offset=4,y_offset=neg4,z_offset=4]'
[19:25:25] [Worker-Main-5/WARN]: Missing model for variant: 'Block{programmable_magic:dummy_block}[x_offset=4,y_offset=neg3,z_offset=neg4]'
[19:25:25] [Worker-Main-5/WARN]: Missing model for variant: 'Block{programmable_magic:dummy_block}[x_offset=4,y_offset=neg3,z_offset=neg3]'
[19:25:25] [Worker-Main-5/WARN]: Missing model for variant: 'Block{programmable_magic:dummy_block}[x_offset=4,y_offset=neg3,z_offset=neg2]'
[19:25:25] [Worker-Main-5/WARN]: Missing model for variant: 'Block{programmable_magic:dummy_block}[x_offset=4,y_offset=neg3,z_offset=neg1]'
[19:25:25] [Worker-Main-5/WARN]: Missing model for variant: 'Block{programmable_magic:dummy_block}[x_offset=4,y_offset=neg3,z_offset=0]'
[19:25:25] [Worker-Main-5/WARN]: Missing model for variant: 'Block{programmable_magic:dummy_block}[x_offset=4,y_offset=neg3,z_offset=1]'
[19:25:25] [Worker-Main-5/WARN]: Missing model for variant: 'Block{programmable_magic:dummy_block}[x_offset=4,y_offset=neg3,z_offset=2]'
[19:25:25] [Worker-Main-5/WARN]: Missing model for variant: 'Block{programmable_magic:dummy_block}[x_offset=4,y_offset=neg3,z_offset=3]'
[19:25:25] [Worker-Main-5/WARN]: Missing model for variant: 'Block{programmable_magic:dummy_block}[x_offset=4,y_offset=neg3,z_offset=4]'
[19:25:25] [Worker-Main-5/WARN]: Missing model for variant: 'Block{programmable_magic:dummy_block}[x_offset=4,y_offset=neg2,z_offset=neg4]'
[19:25:25] [Worker-Main-5/WARN]: Missing model for variant: 'Block{programmable_magic:dummy_block}[x_offset=4,y_offset=neg2,z_offset=neg3]'
[19:25:25] [Worker-Main-5/WARN]: Missing model for variant: 'Block{programmable_magic:dummy_block}[x_offset=4,y_offset=neg2,z_offset=neg2]'
[19:25:25] [Worker-Main-5/WARN]: Missing model for variant: 'Block{programmable_magic:dummy_block}[x_offset=4,y_offset=neg2,z_offset=neg1]'
[19:25:25] [Worker-Main-5/WARN]: Missing model for variant: 'Block{programmable_magic:dummy_block}[x_offset=4,y_offset=neg2,z_offset=0]'
[19:25:25] [Worker-Main-5/WARN]: Missing model for variant: 'Block{programmable_magic:dummy_block}[x_offset=4,y_offset=neg2,z_offset=1]'
[19:25:25] [Worker-Main-5/WARN]: Missing model for variant: 'Block{programmable_magic:dummy_block}[x_offset=4,y_offset=neg2,z_offset=2]'
[19:25:25] [Worker-Main-5/WARN]: Missing model for variant: 'Block{programmable_magic:dummy_block}[x_offset=4,y_offset=neg2,z_offset=3]'
[19:25:25] [Worker-Main-5/WARN]: Missing model for variant: 'Block{programmable_magic:dummy_block}[x_offset=4,y_offset=neg2,z_offset=4]'
[19:25:25] [Worker-Main-5/WARN]: Missing model for variant: 'Block{programmable_magic:dummy_block}[x_offset=4,y_offset=neg1,z_offset=neg4]'
[19:25:25] [Worker-Main-5/WARN]: Missing model for variant: 'Block{programmable_magic:dummy_block}[x_offset=4,y_offset=neg1,z_offset=neg3]'
[19:25:25] [Worker-Main-5/WARN]: Missing model for variant: 'Block{programmable_magic:dummy_block}[x_offset=4,y_offset=neg1,z_offset=neg2]'
[19:25:25] [Worker-Main-5/WARN]: Missing model for variant: 'Block{programmable_magic:dummy_block}[x_offset=4,y_offset=neg1,z_offset=neg1]'
[19:25:25] [Worker-Main-5/WARN]: Missing model for variant: 'Block{programmable_magic:dummy_block}[x_offset=4,y_offset=neg1,z_offset=0]'
[19:25:25] [Worker-Main-5/WARN]: Missing model for variant: 'Block{programmable_magic:dummy_block}[x_offset=4,y_offset=neg1,z_offset=1]'
[19:25:25] [Worker-Main-5/WARN]: Missing model for variant: 'Block{programmable_magic:dummy_block}[x_offset=4,y_offset=neg1,z_offset=2]'
[19:25:25] [Worker-Main-5/WARN]: Missing model for variant: 'Block{programmable_magic:dummy_block}[x_offset=4,y_offset=neg1,z_offset=3]'
[19:25:25] [Worker-Main-5/WARN]: Missing model for variant: 'Block{programmable_magic:dummy_block}[x_offset=4,y_offset=neg1,z_offset=4]'
[19:25:25] [Worker-Main-5/WARN]: Missing model for variant: 'Block{programmable_magic:dummy_block}[x_offset=4,y_offset=0,z_offset=neg4]'
[19:25:25] [Worker-Main-5/WARN]: Missing model for variant: 'Block{programmable_magic:dummy_block}[x_offset=4,y_offset=0,z_offset=neg3]'
[19:25:25] [Worker-Main-5/WARN]: Missing model for variant: 'Block{programmable_magic:dummy_block}[x_offset=4,y_offset=0,z_offset=neg2]'
[19:25:25] [Worker-Main-5/WARN]: Missing model for variant: 'Block{programmable_magic:dummy_block}[x_offset=4,y_offset=0,z_offset=neg1]'
[19:25:25] [Worker-Main-5/WARN]: Missing model for variant: 'Block{programmable_magic:dummy_block}[x_offset=4,y_offset=0,z_offset=0]'
[19:25:25] [Worker-Main-5/WARN]: Missing model for variant: 'Block{programmable_magic:dummy_block}[x_offset=4,y_offset=0,z_offset=1]'
[19:25:25] [Worker-Main-5/WARN]: Missing model for variant: 'Block{programmable_magic:dummy_block}[x_offset=4,y_offset=0,z_offset=2]'
[19:25:25] [Worker-Main-5/WARN]: Missing model for variant: 'Block{programmable_magic:dummy_block}[x_offset=4,y_offset=0,z_offset=3]'
[19:25:25] [Worker-Main-5/WARN]: Missing model for variant: 'Block{programmable_magic:dummy_block}[x_offset=4,y_offset=0,z_offset=4]'
[19:25:25] [Worker-Main-5/WARN]: Missing model for variant: 'Block{programmable_magic:dummy_block}[x_offset=4,y_offset=1,z_offset=neg4]'
[19:25:25] [Worker-Main-5/WARN]: Missing model for variant: 'Block{programmable_magic:dummy_block}[x_offset=4,y_offset=1,z_offset=neg3]'
[19:25:25] [Worker-Main-5/WARN]: Missing model for variant: 'Block{programmable_magic:dummy_block}[x_offset=4,y_offset=1,z_offset=neg2]'
[19:25:25] [Worker-Main-5/WARN]: Missing model for variant: 'Block{programmable_magic:dummy_block}[x_offset=4,y_offset=1,z_offset=neg1]'
[19:25:25] [Worker-Main-5/WARN]: Missing model for variant: 'Block{programmable_magic:dummy_block}[x_offset=4,y_offset=1,z_offset=0]'
[19:25:25] [Worker-Main-5/WARN]: Missing model for variant: 'Block{programmable_magic:dummy_block}[x_offset=4,y_offset=1,z_offset=1]'
[19:25:25] [Worker-Main-5/WARN]: Missing model for variant: 'Block{programmable_magic:dummy_block}[x_offset=4,y_offset=1,z_offset=2]'
[19:25:25] [Worker-Main-5/WARN]: Missing model for variant: 'Block{programmable_magic:dummy_block}[x_offset=4,y_offset=1,z_offset=3]'
[19:25:25] [Worker-Main-5/WARN]: Missing model for variant: 'Block{programmable_magic:dummy_block}[x_offset=4,y_offset=1,z_offset=4]'
[19:25:25] [Worker-Main-5/WARN]: Missing model for variant: 'Block{programmable_magic:dummy_block}[x_offset=4,y_offset=2,z_offset=neg4]'
[19:25:25] [Worker-Main-5/WARN]: Missing model for variant: 'Block{programmable_magic:dummy_block}[x_offset=4,y_offset=2,z_offset=neg3]'
[19:25:25] [Worker-Main-5/WARN]: Missing model for variant: 'Block{programmable_magic:dummy_block}[x_offset=4,y_offset=2,z_offset=neg2]'
[19:25:25] [Worker-Main-5/WARN]: Missing model for variant: 'Block{programmable_magic:dummy_block}[x_offset=4,y_offset=2,z_offset=neg1]'
[19:25:25] [Worker-Main-5/WARN]: Missing model for variant: 'Block{programmable_magic:dummy_block}[x_offset=4,y_offset=2,z_offset=0]'
[19:25:25] [Worker-Main-5/WARN]: Missing model for variant: 'Block{programmable_magic:dummy_block}[x_offset=4,y_offset=2,z_offset=1]'
[19:25:25] [Worker-Main-5/WARN]: Missing model for variant: 'Block{programmable_magic:dummy_block}[x_offset=4,y_offset=2,z_offset=2]'
[19:25:25] [Worker-Main-5/WARN]: Missing model for variant: 'Block{programmable_magic:dummy_block}[x_offset=4,y_offset=2,z_offset=3]'
[19:25:25] [Worker-Main-5/WARN]: Missing model for variant: 'Block{programmable_magic:dummy_block}[x_offset=4,y_offset=2,z_offset=4]'
[19:25:25] [Worker-Main-5/WARN]: Missing model for variant: 'Block{programmable_magic:dummy_block}[x_offset=4,y_offset=3,z_offset=neg4]'
[19:25:25] [Worker-Main-5/WARN]: Missing model for variant: 'Block{programmable_magic:dummy_block}[x_offset=4,y_offset=3,z_offset=neg3]'
[19:25:25] [Worker-Main-5/WARN]: Missing model for variant: 'Block{programmable_magic:dummy_block}[x_offset=4,y_offset=3,z_offset=neg2]'
[19:25:25] [Worker-Main-5/WARN]: Missing model for variant: 'Block{programmable_magic:dummy_block}[x_offset=4,y_offset=3,z_offset=neg1]'
[19:25:25] [Worker-Main-5/WARN]: Missing model for variant: 'Block{programmable_magic:dummy_block}[x_offset=4,y_offset=3,z_offset=0]'
[19:25:25] [Worker-Main-5/WARN]: Missing model for variant: 'Block{programmable_magic:dummy_block}[x_offset=4,y_offset=3,z_offset=1]'
[19:25:25] [Worker-Main-5/WARN]: Missing model for variant: 'Block{programmable_magic:dummy_block}[x_offset=4,y_offset=3,z_offset=2]'
[19:25:25] [Worker-Main-5/WARN]: Missing model for variant: 'Block{programmable_magic:dummy_block}[x_offset=4,y_offset=3,z_offset=3]'
[19:25:25] [Worker-Main-5/WARN]: Missing model for variant: 'Block{programmable_magic:dummy_block}[x_offset=4,y_offset=3,z_offset=4]'
[19:25:25] [Worker-Main-5/WARN]: Missing model for variant: 'Block{programmable_magic:dummy_block}[x_offset=4,y_offset=4,z_offset=neg4]'
[19:25:25] [Worker-Main-5/WARN]: Missing model for variant: 'Block{programmable_magic:dummy_block}[x_offset=4,y_offset=4,z_offset=neg3]'
[19:25:25] [Worker-Main-5/WARN]: Missing model for variant: 'Block{programmable_magic:dummy_block}[x_offset=4,y_offset=4,z_offset=neg2]'
[19:25:25] [Worker-Main-5/WARN]: Missing model for variant: 'Block{programmable_magic:dummy_block}[x_offset=4,y_offset=4,z_offset=neg1]'
[19:25:25] [Worker-Main-5/WARN]: Missing model for variant: 'Block{programmable_magic:dummy_block}[x_offset=4,y_offset=4,z_offset=0]'
[19:25:25] [Worker-Main-5/WARN]: Missing model for variant: 'Block{programmable_magic:dummy_block}[x_offset=4,y_offset=4,z_offset=1]'
[19:25:25] [Worker-Main-5/WARN]: Missing model for variant: 'Block{programmable_magic:dummy_block}[x_offset=4,y_offset=4,z_offset=2]'
[19:25:25] [Worker-Main-5/WARN]: Missing model for variant: 'Block{programmable_magic:dummy_block}[x_offset=4,y_offset=4,z_offset=3]'
[19:25:25] [Worker-Main-5/WARN]: Missing model for variant: 'Block{programmable_magic:dummy_block}[x_offset=4,y_offset=4,z_offset=4]'
[19:25:25] [Worker-Main-5/WARN]: Missing model for variant: 'Block{magic_io:example_block}'
[19:25:25] [Worker-Main-5/WARN]: Missing model for variant: 'Block{magic_io:grid_cell_panel}'
[19:25:25] [Worker-Main-5/WARN]: Missing model for variant: 'Block{magic_io:small_sift_zhen}'
[19:25:25] [Worker-Main-5/WARN]: Missing model for variant: 'Block{magic_io:small_dew_zhen}'
[19:25:25] [Worker-Main-5/WARN]: Missing model for variant: 'Block{magic_io:grid_cell}'
[19:25:25] [Worker-Main-5/WARN]: Missing model for variant: 'Block{magic_io:zhen_bus}'
[19:25:25] [Worker-Main-5/WARN]: Missing model for variant: 'Block{ldlib2:renderer_block}'
[19:25:25] [Worker-Main-5/WARN]: Missing model for variant: 'Block{sip_moment:kyoho_wine}[facing=north,pile=3]'
[19:25:25] [Worker-Main-5/WARN]: Missing model for variant: 'Block{sip_moment:kyoho_wine}[facing=north,pile=4]'
[19:25:25] [Worker-Main-5/WARN]: Missing model for variant: 'Block{sip_moment:kyoho_wine}[facing=west,pile=3]'
[19:25:25] [Worker-Main-5/WARN]: Missing model for variant: 'Block{sip_moment:kyoho_wine}[facing=west,pile=4]'
[19:25:25] [Worker-Main-5/WARN]: Missing model for variant: 'Block{sip_moment:kyoho_wine}[facing=east,pile=3]'
[19:25:25] [Worker-Main-5/WARN]: Missing model for variant: 'Block{sip_moment:kyoho_wine}[facing=east,pile=4]'
[19:25:25] [Worker-Main-5/WARN]: Missing model for variant: 'Block{sip_moment:black_star_coffee}[facing=north,pile=3]'
[19:25:25] [Worker-Main-5/WARN]: Missing model for variant: 'Block{sip_moment:black_star_coffee}[facing=north,pile=4]'
[19:25:25] [Worker-Main-5/WARN]: Missing model for variant: 'Block{sip_moment:black_star_coffee}[facing=south,pile=3]'
[19:25:25] [Worker-Main-5/WARN]: Missing model for variant: 'Block{sip_moment:black_star_coffee}[facing=south,pile=4]'
[19:25:25] [Worker-Main-5/WARN]: Missing model for variant: 'Block{sip_moment:black_star_coffee}[facing=west,pile=3]'
[19:25:25] [Worker-Main-5/WARN]: Missing model for variant: 'Block{sip_moment:black_star_coffee}[facing=west,pile=4]'
[19:25:25] [Worker-Main-5/WARN]: Missing model for variant: 'Block{sip_moment:black_star_coffee}[facing=east,pile=3]'
[19:25:25] [Worker-Main-5/WARN]: Missing model for variant: 'Block{sip_moment:black_star_coffee}[facing=east,pile=4]'
[19:25:25] [Worker-Main-5/WARN]: Missing model for variant: 'Block{sip_moment:champagne}[facing=north,pile=3]'
[19:25:25] [Worker-Main-5/WARN]: Missing model for variant: 'Block{sip_moment:champagne}[facing=north,pile=4]'
[19:25:25] [Worker-Main-5/WARN]: Missing model for variant: 'Block{sip_moment:champagne}[facing=west,pile=3]'
[19:25:25] [Worker-Main-5/WARN]: Missing model for variant: 'Block{sip_moment:champagne}[facing=west,pile=4]'
[19:25:25] [Worker-Main-5/WARN]: Missing model for variant: 'Block{sip_moment:champagne}[facing=east,pile=3]'
[19:25:25] [Worker-Main-5/WARN]: Missing model for variant: 'Block{sip_moment:champagne}[facing=east,pile=4]'
[19:25:25] [Worker-Main-5/WARN]: Missing model for variant: 'Block{sip_moment:orange_juice}[facing=north,pile=3]'
[19:25:25] [Worker-Main-5/WARN]: Missing model for variant: 'Block{sip_moment:orange_juice}[facing=north,pile=4]'
[19:25:25] [Worker-Main-5/WARN]: Missing model for variant: 'Block{sip_moment:orange_juice}[facing=south,pile=3]'
[19:25:25] [Worker-Main-5/WARN]: Missing model for variant: 'Block{sip_moment:orange_juice}[facing=south,pile=4]'
[19:25:25] [Worker-Main-5/WARN]: Missing model for variant: 'Block{sip_moment:orange_juice}[facing=west,pile=3]'
[19:25:25] [Worker-Main-5/WARN]: Missing model for variant: 'Block{sip_moment:orange_juice}[facing=west,pile=4]'
[19:25:25] [Worker-Main-5/WARN]: Missing model for variant: 'Block{sip_moment:orange_juice}[facing=east,pile=3]'
[19:25:25] [Worker-Main-5/WARN]: Missing model for variant: 'Block{sip_moment:orange_juice}[facing=east,pile=4]'
[19:25:25] [Worker-Main-5/WARN]: Missing model for variant: 'Block{sip_moment:bar_table}[facing=north]'
[19:25:25] [Worker-Main-5/WARN]: Missing model for variant: 'Block{sip_moment:bar_table}[facing=south]'
[19:25:25] [Worker-Main-5/WARN]: Missing model for variant: 'Block{sip_moment:bar_table}[facing=west]'
[19:25:25] [Worker-Main-5/WARN]: Missing model for variant: 'Block{sip_moment:bar_table}[facing=east]'
[19:25:25] [Worker-Main-5/WARN]: Missing model for variant: 'Block{industrybase:water_pump}'
[19:25:25] [Worker-Main-5/WARN]: Missing model for variant: 'Block{yuushya:audio_a_acacia_blindwall}[facing=north,form=2,waterlogged=true]'
[19:25:25] [Worker-Main-5/WARN]: Missing model for variant: 'Block{yuushya:audio_a_acacia_blindwall}[facing=north,form=2,waterlogged=false]'
[19:25:25] [Worker-Main-5/WARN]: Missing model for variant: 'Block{yuushya:audio_a_acacia_blindwall}[facing=south,form=2,waterlogged=true]'
[19:25:25] [Worker-Main-5/WARN]: Missing model for variant: 'Block{yuushya:audio_a_acacia_blindwall}[facing=south,form=2,waterlogged=false]'
[19:25:25] [Worker-Main-5/WARN]: Missing model for variant: 'Block{yuushya:audio_a_acacia_blindwall}[facing=west,form=2,waterlogged=true]'
[19:25:25] [Worker-Main-5/WARN]: Missing model for variant: 'Block{yuushya:audio_a_acacia_blindwall}[facing=west,form=2,waterlogged=false]'
[19:25:25] [Worker-Main-5/WARN]: Missing model for variant: 'Block{yuushya:audio_a_acacia_blindwall}[facing=east,form=2,waterlogged=true]'
[19:25:25] [Worker-Main-5/WARN]: Missing model for variant: 'Block{yuushya:audio_a_acacia_blindwall}[facing=east,form=2,waterlogged=false]'
[19:25:25] [Worker-Main-5/WARN]: Missing model for variant: 'Block{yuushya:audio_a_birch_blindwall}[facing=north,form=2,waterlogged=true]'
[19:25:25] [Worker-Main-5/WARN]: Missing model for variant: 'Block{yuushya:audio_a_birch_blindwall}[facing=north,form=2,waterlogged=false]'
[19:25:25] [Worker-Main-5/WARN]: Missing model for variant: 'Block{yuushya:audio_a_birch_blindwall}[facing=south,form=2,waterlogged=true]'
[19:25:25] [Worker-Main-5/WARN]: Missing model for variant: 'Block{yuushya:audio_a_birch_blindwall}[facing=south,form=2,waterlogged=false]'
[19:25:25] [Worker-Main-5/WARN]: Missing model for variant: 'Block{yuushya:audio_a_birch_blindwall}[facing=west,form=2,waterlogged=true]'
[19:25:25] [Worker-Main-5/WARN]: Missing model for variant: 'Block{yuushya:audio_a_birch_blindwall}[facing=west,form=2,waterlogged=false]'
[19:25:25] [Worker-Main-5/WARN]: Missing model for variant: 'Block{yuushya:audio_a_birch_blindwall}[facing=east,form=2,waterlogged=true]'
[19:25:25] [Worker-Main-5/WARN]: Missing model for variant: 'Block{yuushya:audio_a_birch_blindwall}[facing=east,form=2,waterlogged=false]'
[19:25:25] [Worker-Main-5/WARN]: Missing model for variant: 'Block{yuushya:audio_a_dark_oak_blindwall}[facing=north,form=2,waterlogged=true]'
[19:25:25] [Worker-Main-5/WARN]: Missing model for variant: 'Block{yuushya:audio_a_dark_oak_blindwall}[facing=north,form=2,waterlogged=false]'
[19:25:25] [Worker-Main-5/WARN]: Missing model for variant: 'Block{yuushya:audio_a_dark_oak_blindwall}[facing=south,form=2,waterlogged=true]'
[19:25:25] [Worker-Main-5/WARN]: Missing model for variant: 'Block{yuushya:audio_a_dark_oak_blindwall}[facing=south,form=2,waterlogged=false]'
[19:25:25] [Worker-Main-5/WARN]: Missing model for variant: 'Block{yuushya:audio_a_dark_oak_blindwall}[facing=west,form=2,waterlogged=true]'
[19:25:25] [Worker-Main-5/WARN]: Missing model for variant: 'Block{yuushya:audio_a_dark_oak_blindwall}[facing=west,form=2,waterlogged=false]'
[19:25:25] [Worker-Main-5/WARN]: Missing model for variant: 'Block{yuushya:audio_a_dark_oak_blindwall}[facing=east,form=2,waterlogged=true]'
[19:25:25] [Worker-Main-5/WARN]: Missing model for variant: 'Block{yuushya:audio_a_dark_oak_blindwall}[facing=east,form=2,waterlogged=false]'
[19:25:25] [Worker-Main-5/WARN]: Missing model for variant: 'Block{yuushya:audio_a_jungle_blindwall}[facing=north,form=2,waterlogged=true]'
[19:25:25] [Worker-Main-5/WARN]: Missing model for variant: 'Block{yuushya:audio_a_jungle_blindwall}[facing=north,form=2,waterlogged=false]'
[19:25:25] [Worker-Main-5/WARN]: Missing model for variant: 'Block{yuushya:audio_a_jungle_blindwall}[facing=south,form=2,waterlogged=true]'
[19:25:25] [Worker-Main-5/WARN]: Missing model for variant: 'Block{yuushya:audio_a_jungle_blindwall}[facing=south,form=2,waterlogged=false]'
[19:25:25] [Worker-Main-5/WARN]: Missing model for variant: 'Block{yuushya:audio_a_jungle_blindwall}[facing=west,form=2,waterlogged=true]'
[19:25:25] [Worker-Main-5/WARN]: Missing model for variant: 'Block{yuushya:audio_a_jungle_blindwall}[facing=west,form=2,waterlogged=false]'
[19:25:25] [Worker-Main-5/WARN]: Missing model for variant: 'Block{yuushya:audio_a_jungle_blindwall}[facing=east,form=2,waterlogged=true]'
[19:25:25] [Worker-Main-5/WARN]: Missing model for variant: 'Block{yuushya:audio_a_jungle_blindwall}[facing=east,form=2,waterlogged=false]'
[19:25:25] [Worker-Main-5/WARN]: Missing model for variant: 'Block{yuushya:audio_a_oak_blindwall}[facing=north,form=2,waterlogged=true]'
[19:25:25] [Worker-Main-5/WARN]: Missing model for variant: 'Block{yuushya:audio_a_oak_blindwall}[facing=north,form=2,waterlogged=false]'
[19:25:25] [Worker-Main-5/WARN]: Missing model for variant: 'Block{yuushya:audio_a_oak_blindwall}[facing=south,form=2,waterlogged=true]'
[19:25:25] [Worker-Main-5/WARN]: Missing model for variant: 'Block{yuushya:audio_a_oak_blindwall}[facing=south,form=2,waterlogged=false]'
[19:25:25] [Worker-Main-5/WARN]: Missing model for variant: 'Block{yuushya:audio_a_oak_blindwall}[facing=west,form=2,waterlogged=true]'
[19:25:25] [Worker-Main-5/WARN]: Missing model for variant: 'Block{yuushya:audio_a_oak_blindwall}[facing=west,form=2,waterlogged=false]'
[19:25:25] [Worker-Main-5/WARN]: Missing model for variant: 'Block{yuushya:audio_a_oak_blindwall}[facing=east,form=2,waterlogged=true]'
[19:25:25] [Worker-Main-5/WARN]: Missing model for variant: 'Block{yuushya:audio_a_oak_blindwall}[facing=east,form=2,waterlogged=false]'
[19:25:25] [Worker-Main-5/WARN]: Missing model for variant: 'Block{yuushya:audio_a_spruce_blindwall}[facing=north,form=2,waterlogged=true]'
[19:25:25] [Worker-Main-5/WARN]: Missing model for variant: 'Block{yuushya:audio_a_spruce_blindwall}[facing=north,form=2,waterlogged=false]'
[19:25:25] [Worker-Main-5/WARN]: Missing model for variant: 'Block{yuushya:audio_a_spruce_blindwall}[facing=south,form=2,waterlogged=true]'
[19:25:25] [Worker-Main-5/WARN]: Missing model for variant: 'Block{yuushya:audio_a_spruce_blindwall}[facing=south,form=2,waterlogged=false]'
[19:25:25] [Worker-Main-5/WARN]: Missing model for variant: 'Block{yuushya:audio_a_spruce_blindwall}[facing=west,form=2,waterlogged=true]'
[19:25:25] [Worker-Main-5/WARN]: Missing model for variant: 'Block{yuushya:audio_a_spruce_blindwall}[facing=west,form=2,waterlogged=false]'
[19:25:25] [Worker-Main-5/WARN]: Missing model for variant: 'Block{yuushya:audio_a_spruce_blindwall}[facing=east,form=2,waterlogged=true]'
[19:25:25] [Worker-Main-5/WARN]: Missing model for variant: 'Block{yuushya:audio_a_spruce_blindwall}[facing=east,form=2,waterlogged=false]'
[19:25:25] [Worker-Main-5/WARN]: Missing model for variant: 'Block{yuushya:audio_a_crimson_blindwall}[facing=north,form=2,waterlogged=true]'
[19:25:25] [Worker-Main-5/WARN]: Missing model for variant: 'Block{yuushya:audio_a_crimson_blindwall}[facing=north,form=2,waterlogged=false]'
[19:25:25] [Worker-Main-5/WARN]: Missing model for variant: 'Block{yuushya:audio_a_crimson_blindwall}[facing=south,form=2,waterlogged=true]'
[19:25:25] [Worker-Main-5/WARN]: Missing model for variant: 'Block{yuushya:audio_a_crimson_blindwall}[facing=south,form=2,waterlogged=false]'
[19:25:25] [Worker-Main-5/WARN]: Missing model for variant: 'Block{yuushya:audio_a_crimson_blindwall}[facing=west,form=2,waterlogged=true]'
[19:25:25] [Worker-Main-5/WARN]: Missing model for variant: 'Block{yuushya:audio_a_crimson_blindwall}[facing=west,form=2,waterlogged=false]'
[19:25:25] [Worker-Main-5/WARN]: Missing model for variant: 'Block{yuushya:audio_a_crimson_blindwall}[facing=east,form=2,waterlogged=true]'
[19:25:25] [Worker-Main-5/WARN]: Missing model for variant: 'Block{yuushya:audio_a_crimson_blindwall}[facing=east,form=2,waterlogged=false]'
[19:25:25] [Worker-Main-5/WARN]: Missing model for variant: 'Block{yuushya:audio_a_warped_blindwall}[facing=north,form=2,waterlogged=true]'
[19:25:25] [Worker-Main-5/WARN]: Missing model for variant: 'Block{yuushya:audio_a_warped_blindwall}[facing=north,form=2,waterlogged=false]'
[19:25:25] [Worker-Main-5/WARN]: Missing model for variant: 'Block{yuushya:audio_a_warped_blindwall}[facing=south,form=2,waterlogged=true]'
[19:25:25] [Worker-Main-5/WARN]: Missing model for variant: 'Block{yuushya:audio_a_warped_blindwall}[facing=south,form=2,waterlogged=false]'
[19:25:25] [Worker-Main-5/WARN]: Missing model for variant: 'Block{yuushya:audio_a_warped_blindwall}[facing=west,form=2,waterlogged=true]'
[19:25:25] [Worker-Main-5/WARN]: Missing model for variant: 'Block{yuushya:audio_a_warped_blindwall}[facing=west,form=2,waterlogged=false]'
[19:25:25] [Worker-Main-5/WARN]: Missing model for variant: 'Block{yuushya:audio_a_warped_blindwall}[facing=east,form=2,waterlogged=true]'
[19:25:25] [Worker-Main-5/WARN]: Missing model for variant: 'Block{yuushya:audio_a_warped_blindwall}[facing=east,form=2,waterlogged=false]'
[19:25:25] [Worker-Main-5/WARN]: Missing model for variant: 'Block{yuushya:audio_a_mangrove_blindwall}[facing=north,form=2,waterlogged=true]'
[19:25:25] [Worker-Main-5/WARN]: Missing model for variant: 'Block{yuushya:audio_a_mangrove_blindwall}[facing=north,form=2,waterlogged=false]'
[19:25:25] [Worker-Main-5/WARN]: Missing model for variant: 'Block{yuushya:audio_a_mangrove_blindwall}[facing=south,form=2,waterlogged=true]'
[19:25:25] [Worker-Main-5/WARN]: Missing model for variant: 'Block{yuushya:audio_a_mangrove_blindwall}[facing=south,form=2,waterlogged=false]'
[19:25:25] [Worker-Main-5/WARN]: Missing model for variant: 'Block{yuushya:audio_a_mangrove_blindwall}[facing=west,form=2,waterlogged=true]'
[19:25:25] [Worker-Main-5/WARN]: Missing model for variant: 'Block{yuushya:audio_a_mangrove_blindwall}[facing=west,form=2,waterlogged=false]'
[19:25:25] [Worker-Main-5/WARN]: Missing model for variant: 'Block{yuushya:audio_a_mangrove_blindwall}[facing=east,form=2,waterlogged=true]'
[19:25:25] [Worker-Main-5/WARN]: Missing model for variant: 'Block{yuushya:audio_a_mangrove_blindwall}[facing=east,form=2,waterlogged=false]'
[19:25:25] [Worker-Main-5/WARN]: Missing model for variant: 'Block{yuushya:audio_a_bamboo_blindwall}[facing=north,form=2,waterlogged=true]'
[19:25:25] [Worker-Main-5/WARN]: Missing model for variant: 'Block{yuushya:audio_a_bamboo_blindwall}[facing=north,form=2,waterlogged=false]'
[19:25:25] [Worker-Main-5/WARN]: Missing model for variant: 'Block{yuushya:audio_a_bamboo_blindwall}[facing=south,form=2,waterlogged=true]'
[19:25:25] [Worker-Main-5/WARN]: Missing model for variant: 'Block{yuushya:audio_a_bamboo_blindwall}[facing=south,form=2,waterlogged=false]'
[19:25:25] [Worker-Main-5/WARN]: Missing model for variant: 'Block{yuushya:audio_a_bamboo_blindwall}[facing=west,form=2,waterlogged=true]'
[19:25:25] [Worker-Main-5/WARN]: Missing model for variant: 'Block{yuushya:audio_a_bamboo_blindwall}[facing=west,form=2,waterlogged=false]'
[19:25:25] [Worker-Main-5/WARN]: Missing model for variant: 'Block{yuushya:audio_a_bamboo_blindwall}[facing=east,form=2,waterlogged=true]'
[19:25:25] [Worker-Main-5/WARN]: Missing model for variant: 'Block{yuushya:audio_a_bamboo_blindwall}[facing=east,form=2,waterlogged=false]'
[19:25:25] [Worker-Main-5/WARN]: Missing model for variant: 'Block{yuushya:audio_a_cherry_blindwall}[facing=north,form=2,waterlogged=true]'
[19:25:25] [Worker-Main-5/WARN]: Missing model for variant: 'Block{yuushya:audio_a_cherry_blindwall}[facing=north,form=2,waterlogged=false]'
[19:25:25] [Worker-Main-5/WARN]: Missing model for variant: 'Block{yuushya:audio_a_cherry_blindwall}[facing=south,form=2,waterlogged=true]'
[19:25:25] [Worker-Main-5/WARN]: Missing model for variant: 'Block{yuushya:audio_a_cherry_blindwall}[facing=south,form=2,waterlogged=false]'
[19:25:25] [Worker-Main-5/WARN]: Missing model for variant: 'Block{yuushya:audio_a_cherry_blindwall}[facing=west,form=2,waterlogged=true]'
[19:25:25] [Worker-Main-5/WARN]: Missing model for variant: 'Block{yuushya:audio_a_cherry_blindwall}[facing=west,form=2,waterlogged=false]'
[19:25:25] [Worker-Main-5/WARN]: Missing model for variant: 'Block{yuushya:audio_a_cherry_blindwall}[facing=east,form=2,waterlogged=true]'
[19:25:25] [Worker-Main-5/WARN]: Missing model for variant: 'Block{yuushya:audio_a_cherry_blindwall}[facing=east,form=2,waterlogged=false]'
[19:25:25] [Worker-Main-5/WARN]: Missing model for variant: 'Block{yuushya:audio_a_black_blindwall}[facing=north,form=2,waterlogged=true]'
[19:25:25] [Worker-Main-5/WARN]: Missing model for variant: 'Block{yuushya:audio_a_black_blindwall}[facing=north,form=2,waterlogged=false]'
[19:25:25] [Worker-Main-5/WARN]: Missing model for variant: 'Block{yuushya:audio_a_black_blindwall}[facing=south,form=2,waterlogged=true]'
[19:25:25] [Worker-Main-5/WARN]: Missing model for variant: 'Block{yuushya:audio_a_black_blindwall}[facing=south,form=2,waterlogged=false]'
[19:25:25] [Worker-Main-5/WARN]: Missing model for variant: 'Block{yuushya:audio_a_black_blindwall}[facing=west,form=2,waterlogged=true]'
[19:25:25] [Worker-Main-5/WARN]: Missing model for variant: 'Block{yuushya:audio_a_black_blindwall}[facing=west,form=2,waterlogged=false]'
[19:25:25] [Worker-Main-5/WARN]: Missing model for variant: 'Block{yuushya:audio_a_black_blindwall}[facing=east,form=2,waterlogged=true]'
[19:25:25] [Worker-Main-5/WARN]: Missing model for variant: 'Block{yuushya:audio_a_black_blindwall}[facing=east,form=2,waterlogged=false]'
[19:25:25] [Worker-Main-5/WARN]: Missing model for variant: 'Block{yuushya:audio_a_blue_blindwall}[facing=north,form=2,waterlogged=true]'
[19:25:25] [Worker-Main-5/WARN]: Missing model for variant: 'Block{yuushya:audio_a_blue_blindwall}[facing=north,form=2,waterlogged=false]'
[19:25:25] [Worker-Main-5/WARN]: Missing model for variant: 'Block{yuushya:audio_a_blue_blindwall}[facing=south,form=2,waterlogged=true]'
[19:25:25] [Worker-Main-5/WARN]: Missing model for variant: 'Block{yuushya:audio_a_blue_blindwall}[facing=south,form=2,waterlogged=false]'
[19:25:25] [Worker-Main-5/WARN]: Missing model for variant: 'Block{yuushya:audio_a_blue_blindwall}[facing=west,form=2,waterlogged=true]'
[19:25:25] [Worker-Main-5/WARN]: Missing model for variant: 'Block{yuushya:audio_a_blue_blindwall}[facing=west,form=2,waterlogged=false]'
[19:25:25] [Worker-Main-5/WARN]: Missing model for variant: 'Block{yuushya:audio_a_blue_blindwall}[facing=east,form=2,waterlogged=true]'
[19:25:25] [Worker-Main-5/WARN]: Missing model for variant: 'Block{yuushya:audio_a_blue_blindwall}[facing=east,form=2,waterlogged=false]'
[19:25:25] [Worker-Main-5/WARN]: Missing model for variant: 'Block{yuushya:audio_a_brown_blindwall}[facing=north,form=2,waterlogged=true]'
[19:25:25] [Worker-Main-5/WARN]: Missing model for variant: 'Block{yuushya:audio_a_brown_blindwall}[facing=north,form=2,waterlogged=false]'
[19:25:25] [Worker-Main-5/WARN]: Missing model for variant: 'Block{yuushya:audio_a_brown_blindwall}[facing=south,form=2,waterlogged=true]'
[19:25:25] [Worker-Main-5/WARN]: Missing model for variant: 'Block{yuushya:audio_a_brown_blindwall}[facing=south,form=2,waterlogged=false]'
[19:25:25] [Worker-Main-5/WARN]: Missing model for variant: 'Block{yuushya:audio_a_brown_blindwall}[facing=west,form=2,waterlogged=true]'
[19:25:25] [Worker-Main-5/WARN]: Missing model for variant: 'Block{yuushya:audio_a_brown_blindwall}[facing=west,form=2,waterlogged=false]'
[19:25:25] [Worker-Main-5/WARN]: Missing model for variant: 'Block{yuushya:audio_a_brown_blindwall}[facing=east,form=2,waterlogged=true]'
[19:25:25] [Worker-Main-5/WARN]: Missing model for variant: 'Block{yuushya:audio_a_brown_blindwall}[facing=east,form=2,waterlogged=false]'
[19:25:25] [Worker-Main-5/WARN]: Missing model for variant: 'Block{yuushya:audio_a_cyan_blindwall}[facing=north,form=2,waterlogged=true]'
[19:25:25] [Worker-Main-5/WARN]: Missing model for variant: 'Block{yuushya:audio_a_cyan_blindwall}[facing=north,form=2,waterlogged=false]'
[19:25:25] [Worker-Main-5/WARN]: Missing model for variant: 'Block{yuushya:audio_a_cyan_blindwall}[facing=south,form=2,waterlogged=true]'
[19:25:25] [Worker-Main-5/WARN]: Missing model for variant: 'Block{yuushya:audio_a_cyan_blindwall}[facing=south,form=2,waterlogged=false]'
[19:25:25] [Worker-Main-5/WARN]: Missing model for variant: 'Block{yuushya:audio_a_cyan_blindwall}[facing=west,form=2,waterlogged=true]'
[19:25:25] [Worker-Main-5/WARN]: Missing model for variant: 'Block{yuushya:audio_a_cyan_blindwall}[facing=west,form=2,waterlogged=false]'
[19:25:25] [Worker-Main-5/WARN]: Missing model for variant: 'Block{yuushya:audio_a_cyan_blindwall}[facing=east,form=2,waterlogged=true]'
[19:25:25] [Worker-Main-5/WARN]: Missing model for variant: 'Block{yuushya:audio_a_cyan_blindwall}[facing=east,form=2,waterlogged=false]'
[19:25:25] [Worker-Main-5/WARN]: Missing model for variant: 'Block{yuushya:audio_a_gray_blindwall}[facing=north,form=2,waterlogged=true]'
[19:25:25] [Worker-Main-5/WARN]: Missing model for variant: 'Block{yuushya:audio_a_gray_blindwall}[facing=north,form=2,waterlogged=false]'
[19:25:25] [Worker-Main-5/WARN]: Missing model for variant: 'Block{yuushya:audio_a_gray_blindwall}[facing=south,form=2,waterlogged=true]'
[19:25:25] [Worker-Main-5/WARN]: Missing model for variant: 'Block{yuushya:audio_a_gray_blindwall}[facing=south,form=2,waterlogged=false]'
[19:25:25] [Worker-Main-5/WARN]: Missing model for variant: 'Block{yuushya:audio_a_gray_blindwall}[facing=west,form=2,waterlogged=true]'
[19:25:25] [Worker-Main-5/WARN]: Missing model for variant: 'Block{yuushya:audio_a_gray_blindwall}[facing=west,form=2,waterlogged=false]'
[19:25:25] [Worker-Main-5/WARN]: Missing model for variant: 'Block{yuushya:audio_a_gray_blindwall}[facing=east,form=2,waterlogged=true]'
[19:25:25] [Worker-Main-5/WARN]: Missing model for variant: 'Block{yuushya:audio_a_gray_blindwall}[facing=east,form=2,waterlogged=false]'
[19:25:25] [Worker-Main-5/WARN]: Missing model for variant: 'Block{yuushya:audio_a_green_blindwall}[facing=north,form=2,waterlogged=true]'
[19:25:25] [Worker-Main-5/WARN]: Missing model for variant: 'Block{yuushya:audio_a_green_blindwall}[facing=north,form=2,waterlogged=false]'
[19:25:25] [Worker-Main-5/WARN]: Missing model for variant: 'Block{yuushya:audio_a_green_blindwall}[facing=south,form=2,waterlogged=true]'
[19:25:25] [Worker-Main-5/WARN]: Missing model for variant: 'Block{yuushya:audio_a_green_blindwall}[facing=south,form=2,waterlogged=false]'
[19:25:25] [Worker-Main-5/WARN]: Missing model for variant: 'Block{yuushya:audio_a_green_blindwall}[facing=west,form=2,waterlogged=true]'
[19:25:25] [Worker-Main-5/WARN]: Missing model for variant: 'Block{yuushya:audio_a_green_blindwall}[facing=west,form=2,waterlogged=false]'
[19:25:25] [Worker-Main-5/WARN]: Missing model for variant: 'Block{yuushya:audio_a_green_blindwall}[facing=east,form=2,waterlogged=true]'
[19:25:25] [Worker-Main-5/WARN]: Missing model for variant: 'Block{yuushya:audio_a_green_blindwall}[facing=east,form=2,waterlogged=false]'
[19:25:25] [Worker-Main-5/WARN]: Missing model for variant: 'Block{yuushya:audio_a_light_blue_blindwall}[facing=north,form=2,waterlogged=true]'
[19:25:25] [Worker-Main-5/WARN]: Missing model for variant: 'Block{yuushya:audio_a_light_blue_blindwall}[facing=north,form=2,waterlogged=false]'
[19:25:25] [Worker-Main-5/WARN]: Missing model for variant: 'Block{yuushya:audio_a_light_blue_blindwall}[facing=south,form=2,waterlogged=true]'
[19:25:25] [Worker-Main-5/WARN]: Missing model for variant: 'Block{yuushya:audio_a_light_blue_blindwall}[facing=south,form=2,waterlogged=false]'
[19:25:25] [Worker-Main-5/WARN]: Missing model for variant: 'Block{yuushya:audio_a_light_blue_blindwall}[facing=west,form=2,waterlogged=true]'
[19:25:25] [Worker-Main-5/WARN]: Missing model for variant: 'Block{yuushya:audio_a_light_blue_blindwall}[facing=west,form=2,waterlogged=false]'
[19:25:25] [Worker-Main-5/WARN]: Missing model for variant: 'Block{yuushya:audio_a_light_blue_blindwall}[facing=east,form=2,waterlogged=true]'
[19:25:25] [Worker-Main-5/WARN]: Missing model for variant: 'Block{yuushya:audio_a_light_blue_blindwall}[facing=east,form=2,waterlogged=false]'
[19:25:25] [Worker-Main-5/WARN]: Missing model for variant: 'Block{yuushya:audio_a_light_gray_blindwall}[facing=north,form=2,waterlogged=true]'
[19:25:25] [Worker-Main-5/WARN]: Missing model for variant: 'Block{yuushya:audio_a_light_gray_blindwall}[facing=north,form=2,waterlogged=false]'
[19:25:25] [Worker-Main-5/WARN]: Missing model for variant: 'Block{yuushya:audio_a_light_gray_blindwall}[facing=south,form=2,waterlogged=true]'
[19:25:25] [Worker-Main-5/WARN]: Missing model for variant: 'Block{yuushya:audio_a_light_gray_blindwall}[facing=south,form=2,waterlogged=false]'
[19:25:25] [Worker-Main-5/WARN]: Missing model for variant: 'Block{yuushya:audio_a_light_gray_blindwall}[facing=west,form=2,waterlogged=true]'
[19:25:25] [Worker-Main-5/WARN]: Missing model for variant: 'Block{yuushya:audio_a_light_gray_blindwall}[facing=west,form=2,waterlogged=false]'
[19:25:25] [Worker-Main-5/WARN]: Missing model for variant: 'Block{yuushya:audio_a_light_gray_blindwall}[facing=east,form=2,waterlogged=true]'
[19:25:25] [Worker-Main-5/WARN]: Missing model for variant: 'Block{yuushya:audio_a_light_gray_blindwall}[facing=east,form=2,waterlogged=false]'
[19:25:25] [Worker-Main-5/WARN]: Missing model for variant: 'Block{yuushya:audio_a_lime_blindwall}[facing=north,form=2,waterlogged=true]'
[19:25:25] [Worker-Main-5/WARN]: Missing model for variant: 'Block{yuushya:audio_a_lime_blindwall}[facing=north,form=2,waterlogged=false]'
[19:25:25] [Worker-Main-5/WARN]: Missing model for variant: 'Block{yuushya:audio_a_lime_blindwall}[facing=south,form=2,waterlogged=true]'
[19:25:25] [Worker-Main-5/WARN]: Missing model for variant: 'Block{yuushya:audio_a_lime_blindwall}[facing=south,form=2,waterlogged=false]'
[19:25:25] [Worker-Main-5/WARN]: Missing model for variant: 'Block{yuushya:audio_a_lime_blindwall}[facing=west,form=2,waterlogged=true]'
[19:25:25] [Worker-Main-5/WARN]: Missing model for variant: 'Block{yuushya:audio_a_lime_blindwall}[facing=west,form=2,waterlogged=false]'
[19:25:25] [Worker-Main-5/WARN]: Missing model for variant: 'Block{yuushya:audio_a_lime_blindwall}[facing=east,form=2,waterlogged=true]'
[19:25:25] [Worker-Main-5/WARN]: Missing model for variant: 'Block{yuushya:audio_a_lime_blindwall}[facing=east,form=2,waterlogged=false]'
[19:25:25] [Worker-Main-5/WARN]: Missing model for variant: 'Block{yuushya:audio_a_magenta_blindwall}[facing=north,form=2,waterlogged=true]'
[19:25:25] [Worker-Main-5/WARN]: Missing model for variant: 'Block{yuushya:audio_a_magenta_blindwall}[facing=north,form=2,waterlogged=false]'
[19:25:25] [Worker-Main-5/WARN]: Missing model for variant: 'Block{yuushya:audio_a_magenta_blindwall}[facing=south,form=2,waterlogged=true]'
[19:25:25] [Worker-Main-5/WARN]: Missing model for variant: 'Block{yuushya:audio_a_magenta_blindwall}[facing=south,form=2,waterlogged=false]'
[19:25:25] [Worker-Main-5/WARN]: Missing model for variant: 'Block{yuushya:audio_a_magenta_blindwall}[facing=west,form=2,waterlogged=true]'
[19:25:25] [Worker-Main-5/WARN]: Missing model for variant: 'Block{yuushya:audio_a_magenta_blindwall}[facing=west,form=2,waterlogged=false]'
[19:25:25] [Worker-Main-5/WARN]: Missing model for variant: 'Block{yuushya:audio_a_magenta_blindwall}[facing=east,form=2,waterlogged=true]'
[19:25:25] [Worker-Main-5/WARN]: Missing model for variant: 'Block{yuushya:audio_a_magenta_blindwall}[facing=east,form=2,waterlogged=false]'
[19:25:25] [Worker-Main-5/WARN]: Missing model for variant: 'Block{yuushya:audio_a_orange_blindwall}[facing=north,form=2,waterlogged=true]'
[19:25:25] [Worker-Main-5/WARN]: Missing model for variant: 'Block{yuushya:audio_a_orange_blindwall}[facing=north,form=2,waterlogged=false]'
[19:25:25] [Worker-Main-5/WARN]: Missing model for variant: 'Block{yuushya:audio_a_orange_blindwall}[facing=south,form=2,waterlogged=true]'
[19:25:25] [Worker-Main-5/WARN]: Missing model for variant: 'Block{yuushya:audio_a_orange_blindwall}[facing=south,form=2,waterlogged=false]'
[19:25:25] [Worker-Main-5/WARN]: Missing model for variant: 'Block{yuushya:audio_a_orange_blindwall}[facing=west,form=2,waterlogged=true]'
[19:25:25] [Worker-Main-5/WARN]: Missing model for variant: 'Block{yuushya:audio_a_orange_blindwall}[facing=west,form=2,waterlogged=false]'
[19:25:25] [Worker-Main-5/WARN]: Missing model for variant: 'Block{yuushya:audio_a_orange_blindwall}[facing=east,form=2,waterlogged=true]'
[19:25:25] [Worker-Main-5/WARN]: Missing model for variant: 'Block{yuushya:audio_a_orange_blindwall}[facing=east,form=2,waterlogged=false]'
[19:25:25] [Worker-Main-5/WARN]: Missing model for variant: 'Block{yuushya:audio_a_pink_blindwall}[facing=north,form=2,waterlogged=true]'
[19:25:25] [Worker-Main-5/WARN]: Missing model for variant: 'Block{yuushya:audio_a_pink_blindwall}[facing=north,form=2,waterlogged=false]'
[19:25:25] [Worker-Main-5/WARN]: Missing model for variant: 'Block{yuushya:audio_a_pink_blindwall}[facing=south,form=2,waterlogged=true]'
[19:25:25] [Worker-Main-5/WARN]: Missing model for variant: 'Block{yuushya:audio_a_pink_blindwall}[facing=south,form=2,waterlogged=false]'
[19:25:25] [Worker-Main-5/WARN]: Missing model for variant: 'Block{yuushya:audio_a_pink_blindwall}[facing=west,form=2,waterlogged=true]'
[19:25:25] [Worker-Main-5/WARN]: Missing model for variant: 'Block{yuushya:audio_a_pink_blindwall}[facing=west,form=2,waterlogged=false]'
[19:25:25] [Worker-Main-5/WARN]: Missing model for variant: 'Block{yuushya:audio_a_pink_blindwall}[facing=east,form=2,waterlogged=true]'
[19:25:25] [Worker-Main-5/WARN]: Missing model for variant: 'Block{yuushya:audio_a_pink_blindwall}[facing=east,form=2,waterlogged=false]'
[19:25:25] [Worker-Main-5/WARN]: Missing model for variant: 'Block{yuushya:audio_a_purple_blindwall}[facing=north,form=2,waterlogged=true]'
[19:25:25] [Worker-Main-5/WARN]: Missing model for variant: 'Block{yuushya:audio_a_purple_blindwall}[facing=north,form=2,waterlogged=false]'
[19:25:25] [Worker-Main-5/WARN]: Missing model for variant: 'Block{yuushya:audio_a_purple_blindwall}[facing=south,form=2,waterlogged=true]'
[19:25:25] [Worker-Main-5/WARN]: Missing model for variant: 'Block{yuushya:audio_a_purple_blindwall}[facing=south,form=2,waterlogged=false]'
[19:25:25] [Worker-Main-5/WARN]: Missing model for variant: 'Block{yuushya:audio_a_purple_blindwall}[facing=west,form=2,waterlogged=true]'
[19:25:25] [Worker-Main-5/WARN]: Missing model for variant: 'Block{yuushya:audio_a_purple_blindwall}[facing=west,form=2,waterlogged=false]'
[19:25:25] [Worker-Main-5/WARN]: Missing model for variant: 'Block{yuushya:audio_a_purple_blindwall}[facing=east,form=2,waterlogged=true]'
[19:25:25] [Worker-Main-5/WARN]: Missing model for variant: 'Block{yuushya:audio_a_purple_blindwall}[facing=east,form=2,waterlogged=false]'
[19:25:25] [Worker-Main-5/WARN]: Missing model for variant: 'Block{yuushya:audio_a_red_blindwall}[facing=north,form=2,waterlogged=true]'
[19:25:25] [Worker-Main-5/WARN]: Missing model for variant: 'Block{yuushya:audio_a_red_blindwall}[facing=north,form=2,waterlogged=false]'
[19:25:25] [Worker-Main-5/WARN]: Missing model for variant: 'Block{yuushya:audio_a_red_blindwall}[facing=south,form=2,waterlogged=true]'
[19:25:25] [Worker-Main-5/WARN]: Missing model for variant: 'Block{yuushya:audio_a_red_blindwall}[facing=south,form=2,waterlogged=false]'
[19:25:25] [Worker-Main-5/WARN]: Missing model for variant: 'Block{yuushya:audio_a_red_blindwall}[facing=west,form=2,waterlogged=true]'
[19:25:25] [Worker-Main-5/WARN]: Missing model for variant: 'Block{yuushya:audio_a_red_blindwall}[facing=west,form=2,waterlogged=false]'
[19:25:25] [Worker-Main-5/WARN]: Missing model for variant: 'Block{yuushya:audio_a_red_blindwall}[facing=east,form=2,waterlogged=true]'
[19:25:25] [Worker-Main-5/WARN]: Missing model for variant: 'Block{yuushya:audio_a_red_blindwall}[facing=east,form=2,waterlogged=false]'
[19:25:25] [Worker-Main-5/WARN]: Missing model for variant: 'Block{yuushya:audio_a_white_blindwall}[facing=north,form=2,waterlogged=true]'
[19:25:25] [Worker-Main-5/WARN]: Missing model for variant: 'Block{yuushya:audio_a_white_blindwall}[facing=north,form=2,waterlogged=false]'
[19:25:25] [Worker-Main-5/WARN]: Missing model for variant: 'Block{yuushya:audio_a_white_blindwall}[facing=south,form=2,waterlogged=true]'
[19:25:25] [Worker-Main-5/WARN]: Missing model for variant: 'Block{yuushya:audio_a_white_blindwall}[facing=south,form=2,waterlogged=false]'
[19:25:25] [Worker-Main-5/WARN]: Missing model for variant: 'Block{yuushya:audio_a_white_blindwall}[facing=west,form=2,waterlogged=true]'
[19:25:25] [Worker-Main-5/WARN]: Missing model for variant: 'Block{yuushya:audio_a_white_blindwall}[facing=west,form=2,waterlogged=false]'
[19:25:25] [Worker-Main-5/WARN]: Missing model for variant: 'Block{yuushya:audio_a_white_blindwall}[facing=east,form=2,waterlogged=true]'
[19:25:25] [Worker-Main-5/WARN]: Missing model for variant: 'Block{yuushya:audio_a_white_blindwall}[facing=east,form=2,waterlogged=false]'
[19:25:25] [Worker-Main-5/WARN]: Missing model for variant: 'Block{yuushya:audio_a_yellow_blindwall}[facing=north,form=2,waterlogged=true]'
[19:25:25] [Worker-Main-5/WARN]: Missing model for variant: 'Block{yuushya:audio_a_yellow_blindwall}[facing=north,form=2,waterlogged=false]'
[19:25:25] [Worker-Main-5/WARN]: Missing model for variant: 'Block{yuushya:audio_a_yellow_blindwall}[facing=south,form=2,waterlogged=true]'
[19:25:25] [Worker-Main-5/WARN]: Missing model for variant: 'Block{yuushya:audio_a_yellow_blindwall}[facing=south,form=2,waterlogged=false]'
[19:25:25] [Worker-Main-5/WARN]: Missing model for variant: 'Block{yuushya:audio_a_yellow_blindwall}[facing=west,form=2,waterlogged=true]'
[19:25:25] [Worker-Main-5/WARN]: Missing model for variant: 'Block{yuushya:audio_a_yellow_blindwall}[facing=west,form=2,waterlogged=false]'
[19:25:25] [Worker-Main-5/WARN]: Missing model for variant: 'Block{yuushya:audio_a_yellow_blindwall}[facing=east,form=2,waterlogged=true]'
[19:25:25] [Worker-Main-5/WARN]: Missing model for variant: 'Block{yuushya:audio_a_yellow_blindwall}[facing=east,form=2,waterlogged=false]'
[19:25:25] [Worker-Main-5/WARN]: Missing model for variant: 'Block{yuushya:audio_large_a_acacia_blindwall}[facing=north,form=2,waterlogged=true]'
[19:25:25] [Worker-Main-5/WARN]: Missing model for variant: 'Block{yuushya:audio_large_a_acacia_blindwall}[facing=north,form=2,waterlogged=false]'
[19:25:25] [Worker-Main-5/WARN]: Missing model for variant: 'Block{yuushya:audio_large_a_acacia_blindwall}[facing=south,form=2,waterlogged=true]'
[19:25:25] [Worker-Main-5/WARN]: Missing model for variant: 'Block{yuushya:audio_large_a_acacia_blindwall}[facing=south,form=2,waterlogged=false]'
[19:25:25] [Worker-Main-5/WARN]: Missing model for variant: 'Block{yuushya:audio_large_a_acacia_blindwall}[facing=west,form=2,waterlogged=true]'
[19:25:25] [Worker-Main-5/WARN]: Missing model for variant: 'Block{yuushya:audio_large_a_acacia_blindwall}[facing=west,form=2,waterlogged=false]'
[19:25:25] [Worker-Main-5/WARN]: Missing model for variant: 'Block{yuushya:audio_large_a_acacia_blindwall}[facing=east,form=2,waterlogged=true]'
[19:25:25] [Worker-Main-5/WARN]: Missing model for variant: 'Block{yuushya:audio_large_a_acacia_blindwall}[facing=east,form=2,waterlogged=false]'
[19:25:25] [Worker-Main-5/WARN]: Missing model for variant: 'Block{yuushya:audio_large_a_birch_blindwall}[facing=north,form=2,waterlogged=true]'
[19:25:25] [Worker-Main-5/WARN]: Missing model for variant: 'Block{yuushya:audio_large_a_birch_blindwall}[facing=north,form=2,waterlogged=false]'
[19:25:25] [Worker-Main-5/WARN]: Missing model for variant: 'Block{yuushya:audio_large_a_birch_blindwall}[facing=south,form=2,waterlogged=true]'
[19:25:25] [Worker-Main-5/WARN]: Missing model for variant: 'Block{yuushya:audio_large_a_birch_blindwall}[facing=south,form=2,waterlogged=false]'
[19:25:25] [Worker-Main-5/WARN]: Missing model for variant: 'Block{yuushya:audio_large_a_birch_blindwall}[facing=west,form=2,waterlogged=true]'
[19:25:25] [Worker-Main-5/WARN]: Missing model for variant: 'Block{yuushya:audio_large_a_birch_blindwall}[facing=west,form=2,waterlogged=false]'
[19:25:25] [Worker-Main-5/WARN]: Missing model for variant: 'Block{yuushya:audio_large_a_birch_blindwall}[facing=east,form=2,waterlogged=true]'
[19:25:25] [Worker-Main-5/WARN]: Missing model for variant: 'Block{yuushya:audio_large_a_birch_blindwall}[facing=east,form=2,waterlogged=false]'
[19:25:25] [Worker-Main-5/WARN]: Missing model for variant: 'Block{yuushya:audio_large_a_dark_oak_blindwall}[facing=north,form=2,waterlogged=true]'
[19:25:25] [Worker-Main-5/WARN]: Missing model for variant: 'Block{yuushya:audio_large_a_dark_oak_blindwall}[facing=north,form=2,waterlogged=false]'
[19:25:25] [Worker-Main-5/WARN]: Missing model for variant: 'Block{yuushya:audio_large_a_dark_oak_blindwall}[facing=south,form=2,waterlogged=true]'
[19:25:25] [Worker-Main-5/WARN]: Missing model for variant: 'Block{yuushya:audio_large_a_dark_oak_blindwall}[facing=south,form=2,waterlogged=false]'
[19:25:25] [Worker-Main-5/WARN]: Missing model for variant: 'Block{yuushya:audio_large_a_dark_oak_blindwall}[facing=west,form=2,waterlogged=true]'
[19:25:25] [Worker-Main-5/WARN]: Missing model for variant: 'Block{yuushya:audio_large_a_dark_oak_blindwall}[facing=west,form=2,waterlogged=false]'
[19:25:25] [Worker-Main-5/WARN]: Missing model for variant: 'Block{yuushya:audio_large_a_dark_oak_blindwall}[facing=east,form=2,waterlogged=true]'
[19:25:25] [Worker-Main-5/WARN]: Missing model for variant: 'Block{yuushya:audio_large_a_dark_oak_blindwall}[facing=east,form=2,waterlogged=false]'
[19:25:25] [Worker-Main-5/WARN]: Missing model for variant: 'Block{yuushya:audio_large_a_jungle_blindwall}[facing=north,form=2,waterlogged=true]'
[19:25:25] [Worker-Main-5/WARN]: Missing model for variant: 'Block{yuushya:audio_large_a_jungle_blindwall}[facing=north,form=2,waterlogged=false]'
[19:25:25] [Worker-Main-5/WARN]: Missing model for variant: 'Block{yuushya:audio_large_a_jungle_blindwall}[facing=south,form=2,waterlogged=true]'
[19:25:25] [Worker-Main-5/WARN]: Missing model for variant: 'Block{yuushya:audio_large_a_jungle_blindwall}[facing=south,form=2,waterlogged=false]'
[19:25:25] [Worker-Main-5/WARN]: Missing model for variant: 'Block{yuushya:audio_large_a_jungle_blindwall}[facing=west,form=2,waterlogged=true]'
[19:25:25] [Worker-Main-5/WARN]: Missing model for variant: 'Block{yuushya:audio_large_a_jungle_blindwall}[facing=west,form=2,waterlogged=false]'
[19:25:25] [Worker-Main-5/WARN]: Missing model for variant: 'Block{yuushya:audio_large_a_jungle_blindwall}[facing=east,form=2,waterlogged=true]'
[19:25:25] [Worker-Main-5/WARN]: Missing model for variant: 'Block{yuushya:audio_large_a_jungle_blindwall}[facing=east,form=2,waterlogged=false]'
[19:25:25] [Worker-Main-5/WARN]: Missing model for variant: 'Block{yuushya:audio_large_a_oak_blindwall}[facing=north,form=2,waterlogged=true]'
[19:25:25] [Worker-Main-5/WARN]: Missing model for variant: 'Block{yuushya:audio_large_a_oak_blindwall}[facing=north,form=2,waterlogged=false]'
[19:25:25] [Worker-Main-5/WARN]: Missing model for variant: 'Block{yuushya:audio_large_a_oak_blindwall}[facing=south,form=2,waterlogged=true]'
[19:25:25] [Worker-Main-5/WARN]: Missing model for variant: 'Block{yuushya:audio_large_a_oak_blindwall}[facing=south,form=2,waterlogged=false]'
[19:25:25] [Worker-Main-5/WARN]: Missing model for variant: 'Block{yuushya:audio_large_a_oak_blindwall}[facing=west,form=2,waterlogged=true]'
[19:25:25] [Worker-Main-5/WARN]: Missing model for variant: 'Block{yuushya:audio_large_a_oak_blindwall}[facing=west,form=2,waterlogged=false]'
[19:25:25] [Worker-Main-5/WARN]: Missing model for variant: 'Block{yuushya:audio_large_a_oak_blindwall}[facing=east,form=2,waterlogged=true]'
[19:25:25] [Worker-Main-5/WARN]: Missing model for variant: 'Block{yuushya:audio_large_a_oak_blindwall}[facing=east,form=2,waterlogged=false]'
[19:25:25] [Worker-Main-5/WARN]: Missing model for variant: 'Block{yuushya:audio_large_a_spruce_blindwall}[facing=north,form=2,waterlogged=true]'
[19:25:25] [Worker-Main-5/WARN]: Missing model for variant: 'Block{yuushya:audio_large_a_spruce_blindwall}[facing=north,form=2,waterlogged=false]'
[19:25:25] [Worker-Main-5/WARN]: Missing model for variant: 'Block{yuushya:audio_large_a_spruce_blindwall}[facing=south,form=2,waterlogged=true]'
[19:25:25] [Worker-Main-5/WARN]: Missing model for variant: 'Block{yuushya:audio_large_a_spruce_blindwall}[facing=south,form=2,waterlogged=false]'
[19:25:25] [Worker-Main-5/WARN]: Missing model for variant: 'Block{yuushya:audio_large_a_spruce_blindwall}[facing=west,form=2,waterlogged=true]'
[19:25:25] [Worker-Main-5/WARN]: Missing model for variant: 'Block{yuushya:audio_large_a_spruce_blindwall}[facing=west,form=2,waterlogged=false]'
[19:25:25] [Worker-Main-5/WARN]: Missing model for variant: 'Block{yuushya:audio_large_a_spruce_blindwall}[facing=east,form=2,waterlogged=true]'
[19:25:25] [Worker-Main-5/WARN]: Missing model for variant: 'Block{yuushya:audio_large_a_spruce_blindwall}[facing=east,form=2,waterlogged=false]'
[19:25:25] [Worker-Main-5/WARN]: Missing model for variant: 'Block{yuushya:audio_large_a_crimson_blindwall}[facing=north,form=2,waterlogged=true]'
[19:25:25] [Worker-Main-5/WARN]: Missing model for variant: 'Block{yuushya:audio_large_a_crimson_blindwall}[facing=north,form=2,waterlogged=false]'
[19:25:25] [Worker-Main-5/WARN]: Missing model for variant: 'Block{yuushya:audio_large_a_crimson_blindwall}[facing=south,form=2,waterlogged=true]'
[19:25:25] [Worker-Main-5/WARN]: Missing model for variant: 'Block{yuushya:audio_large_a_crimson_blindwall}[facing=south,form=2,waterlogged=false]'
[19:25:25] [Worker-Main-5/WARN]: Missing model for variant: 'Block{yuushya:audio_large_a_crimson_blindwall}[facing=west,form=2,waterlogged=true]'
[19:25:25] [Worker-Main-5/WARN]: Missing model for variant: 'Block{yuushya:audio_large_a_crimson_blindwall}[facing=west,form=2,waterlogged=false]'
[19:25:25] [Worker-Main-5/WARN]: Missing model for variant: 'Block{yuushya:audio_large_a_crimson_blindwall}[facing=east,form=2,waterlogged=true]'
[19:25:25] [Worker-Main-5/WARN]: Missing model for variant: 'Block{yuushya:audio_large_a_crimson_blindwall}[facing=east,form=2,waterlogged=false]'
[19:25:25] [Worker-Main-5/WARN]: Missing model for variant: 'Block{yuushya:audio_large_a_warped_blindwall}[facing=north,form=2,waterlogged=true]'
[19:25:25] [Worker-Main-5/WARN]: Missing model for variant: 'Block{yuushya:audio_large_a_warped_blindwall}[facing=north,form=2,waterlogged=false]'
[19:25:25] [Worker-Main-5/WARN]: Missing model for variant: 'Block{yuushya:audio_large_a_warped_blindwall}[facing=south,form=2,waterlogged=true]'
[19:25:25] [Worker-Main-5/WARN]: Missing model for variant: 'Block{yuushya:audio_large_a_warped_blindwall}[facing=south,form=2,waterlogged=false]'
[19:25:25] [Worker-Main-5/WARN]: Missing model for variant: 'Block{yuushya:audio_large_a_warped_blindwall}[facing=west,form=2,waterlogged=true]'
[19:25:25] [Worker-Main-5/WARN]: Missing model for variant: 'Block{yuushya:audio_large_a_warped_blindwall}[facing=west,form=2,waterlogged=false]'
[19:25:25] [Worker-Main-5/WARN]: Missing model for variant: 'Block{yuushya:audio_large_a_warped_blindwall}[facing=east,form=2,waterlogged=true]'
[19:25:25] [Worker-Main-5/WARN]: Missing model for variant: 'Block{yuushya:audio_large_a_warped_blindwall}[facing=east,form=2,waterlogged=false]'
[19:25:25] [Worker-Main-5/WARN]: Missing model for variant: 'Block{yuushya:audio_large_a_mangrove_blindwall}[facing=north,form=2,waterlogged=true]'
[19:25:25] [Worker-Main-5/WARN]: Missing model for variant: 'Block{yuushya:audio_large_a_mangrove_blindwall}[facing=north,form=2,waterlogged=false]'
[19:25:25] [Worker-Main-5/WARN]: Missing model for variant: 'Block{yuushya:audio_large_a_mangrove_blindwall}[facing=south,form=2,waterlogged=true]'
[19:25:25] [Worker-Main-5/WARN]: Missing model for variant: 'Block{yuushya:audio_large_a_mangrove_blindwall}[facing=south,form=2,waterlogged=false]'
[19:25:25] [Worker-Main-5/WARN]: Missing model for variant: 'Block{yuushya:audio_large_a_mangrove_blindwall}[facing=west,form=2,waterlogged=true]'
[19:25:25] [Worker-Main-5/WARN]: Missing model for variant: 'Block{yuushya:audio_large_a_mangrove_blindwall}[facing=west,form=2,waterlogged=false]'
[19:25:25] [Worker-Main-5/WARN]: Missing model for variant: 'Block{yuushya:audio_large_a_mangrove_blindwall}[facing=east,form=2,waterlogged=true]'
[19:25:25] [Worker-Main-5/WARN]: Missing model for variant: 'Block{yuushya:audio_large_a_mangrove_blindwall}[facing=east,form=2,waterlogged=false]'
[19:25:25] [Worker-Main-5/WARN]: Missing model for variant: 'Block{yuushya:audio_large_a_bamboo_blindwall}[facing=north,form=2,waterlogged=true]'
[19:25:25] [Worker-Main-5/WARN]: Missing model for variant: 'Block{yuushya:audio_large_a_bamboo_blindwall}[facing=north,form=2,waterlogged=false]'
[19:25:25] [Worker-Main-5/WARN]: Missing model for variant: 'Block{yuushya:audio_large_a_bamboo_blindwall}[facing=south,form=2,waterlogged=true]'
[19:25:25] [Worker-Main-5/WARN]: Missing model for variant: 'Block{yuushya:audio_large_a_bamboo_blindwall}[facing=south,form=2,waterlogged=false]'
[19:25:25] [Worker-Main-5/WARN]: Missing model for variant: 'Block{yuushya:audio_large_a_bamboo_blindwall}[facing=west,form=2,waterlogged=true]'
[19:25:25] [Worker-Main-5/WARN]: Missing model for variant: 'Block{yuushya:audio_large_a_bamboo_blindwall}[facing=west,form=2,waterlogged=false]'
[19:25:25] [Worker-Main-5/WARN]: Missing model for variant: 'Block{yuushya:audio_large_a_bamboo_blindwall}[facing=east,form=2,waterlogged=true]'
[19:25:25] [Worker-Main-5/WARN]: Missing model for variant: 'Block{yuushya:audio_large_a_bamboo_blindwall}[facing=east,form=2,waterlogged=false]'
[19:25:25] [Worker-Main-5/WARN]: Missing model for variant: 'Block{yuushya:audio_large_a_cherry_blindwall}[facing=north,form=2,waterlogged=true]'
[19:25:25] [Worker-Main-5/WARN]: Missing model for variant: 'Block{yuushya:audio_large_a_cherry_blindwall}[facing=north,form=2,waterlogged=false]'
[19:25:25] [Worker-Main-5/WARN]: Missing model for variant: 'Block{yuushya:audio_large_a_cherry_blindwall}[facing=south,form=2,waterlogged=true]'
[19:25:25] [Worker-Main-5/WARN]: Missing model for variant: 'Block{yuushya:audio_large_a_cherry_blindwall}[facing=south,form=2,waterlogged=false]'
[19:25:25] [Worker-Main-5/WARN]: Missing model for variant: 'Block{yuushya:audio_large_a_cherry_blindwall}[facing=west,form=2,waterlogged=true]'
[19:25:25] [Worker-Main-5/WARN]: Missing model for variant: 'Block{yuushya:audio_large_a_cherry_blindwall}[facing=west,form=2,waterlogged=false]'
[19:25:25] [Worker-Main-5/WARN]: Missing model for variant: 'Block{yuushya:audio_large_a_cherry_blindwall}[facing=east,form=2,waterlogged=true]'
[19:25:25] [Worker-Main-5/WARN]: Missing model for variant: 'Block{yuushya:audio_large_a_cherry_blindwall}[facing=east,form=2,waterlogged=false]'
[19:25:25] [Worker-Main-5/WARN]: Missing model for variant: 'Block{yuushya:audio_large_a_black_blindwall}[facing=north,form=2,waterlogged=true]'
[19:25:25] [Worker-Main-5/WARN]: Missing model for variant: 'Block{yuushya:audio_large_a_black_blindwall}[facing=north,form=2,waterlogged=false]'
[19:25:25] [Worker-Main-5/WARN]: Missing model for variant: 'Block{yuushya:audio_large_a_black_blindwall}[facing=south,form=2,waterlogged=true]'
[19:25:25] [Worker-Main-5/WARN]: Missing model for variant: 'Block{yuushya:audio_large_a_black_blindwall}[facing=south,form=2,waterlogged=false]'
[19:25:25] [Worker-Main-5/WARN]: Missing model for variant: 'Block{yuushya:audio_large_a_black_blindwall}[facing=west,form=2,waterlogged=true]'
[19:25:25] [Worker-Main-5/WARN]: Missing model for variant: 'Block{yuushya:audio_large_a_black_blindwall}[facing=west,form=2,waterlogged=false]'
[19:25:25] [Worker-Main-5/WARN]: Missing model for variant: 'Block{yuushya:audio_large_a_black_blindwall}[facing=east,form=2,waterlogged=true]'
[19:25:25] [Worker-Main-5/WARN]: Missing model for variant: 'Block{yuushya:audio_large_a_black_blindwall}[facing=east,form=2,waterlogged=false]'
[19:25:25] [Worker-Main-5/WARN]: Missing model for variant: 'Block{yuushya:audio_large_a_blue_blindwall}[facing=north,form=2,waterlogged=true]'
[19:25:25] [Worker-Main-5/WARN]: Missing model for variant: 'Block{yuushya:audio_large_a_blue_blindwall}[facing=north,form=2,waterlogged=false]'
[19:25:25] [Worker-Main-5/WARN]: Missing model for variant: 'Block{yuushya:audio_large_a_blue_blindwall}[facing=south,form=2,waterlogged=true]'
[19:25:25] [Worker-Main-5/WARN]: Missing model for variant: 'Block{yuushya:audio_large_a_blue_blindwall}[facing=south,form=2,waterlogged=false]'
[19:25:25] [Worker-Main-5/WARN]: Missing model for variant: 'Block{yuushya:audio_large_a_blue_blindwall}[facing=west,form=2,waterlogged=true]'
[19:25:25] [Worker-Main-5/WARN]: Missing model for variant: 'Block{yuushya:audio_large_a_blue_blindwall}[facing=west,form=2,waterlogged=false]'
[19:25:25] [Worker-Main-5/WARN]: Missing model for variant: 'Block{yuushya:audio_large_a_blue_blindwall}[facing=east,form=2,waterlogged=true]'
[19:25:25] [Worker-Main-5/WARN]: Missing model for variant: 'Block{yuushya:audio_large_a_blue_blindwall}[facing=east,form=2,waterlogged=false]'
[19:25:25] [Worker-Main-5/WARN]: Missing model for variant: 'Block{yuushya:audio_large_a_brown_blindwall}[facing=north,form=2,waterlogged=true]'
[19:25:25] [Worker-Main-5/WARN]: Missing model for variant: 'Block{yuushya:audio_large_a_brown_blindwall}[facing=north,form=2,waterlogged=false]'
[19:25:25] [Worker-Main-5/WARN]: Missing model for variant: 'Block{yuushya:audio_large_a_brown_blindwall}[facing=south,form=2,waterlogged=true]'
[19:25:25] [Worker-Main-5/WARN]: Missing model for variant: 'Block{yuushya:audio_large_a_brown_blindwall}[facing=south,form=2,waterlogged=false]'
[19:25:25] [Worker-Main-5/WARN]: Missing model for variant: 'Block{yuushya:audio_large_a_brown_blindwall}[facing=west,form=2,waterlogged=true]'
[19:25:25] [Worker-Main-5/WARN]: Missing model for variant: 'Block{yuushya:audio_large_a_brown_blindwall}[facing=west,form=2,waterlogged=false]'
[19:25:25] [Worker-Main-5/WARN]: Missing model for variant: 'Block{yuushya:audio_large_a_brown_blindwall}[facing=east,form=2,waterlogged=true]'
[19:25:25] [Worker-Main-5/WARN]: Missing model for variant: 'Block{yuushya:audio_large_a_brown_blindwall}[facing=east,form=2,waterlogged=false]'
[19:25:25] [Worker-Main-5/WARN]: Missing model for variant: 'Block{yuushya:audio_large_a_cyan_blindwall}[facing=north,form=2,waterlogged=true]'
[19:25:25] [Worker-Main-5/WARN]: Missing model for variant: 'Block{yuushya:audio_large_a_cyan_blindwall}[facing=north,form=2,waterlogged=false]'
[19:25:25] [Worker-Main-5/WARN]: Missing model for variant: 'Block{yuushya:audio_large_a_cyan_blindwall}[facing=south,form=2,waterlogged=true]'
[19:25:25] [Worker-Main-5/WARN]: Missing model for variant: 'Block{yuushya:audio_large_a_cyan_blindwall}[facing=south,form=2,waterlogged=false]'
[19:25:25] [Worker-Main-5/WARN]: Missing model for variant: 'Block{yuushya:audio_large_a_cyan_blindwall}[facing=west,form=2,waterlogged=true]'
[19:25:25] [Worker-Main-5/WARN]: Missing model for variant: 'Block{yuushya:audio_large_a_cyan_blindwall}[facing=west,form=2,waterlogged=false]'
[19:25:25] [Worker-Main-5/WARN]: Missing model for variant: 'Block{yuushya:audio_large_a_cyan_blindwall}[facing=east,form=2,waterlogged=true]'
[19:25:25] [Worker-Main-5/WARN]: Missing model for variant: 'Block{yuushya:audio_large_a_cyan_blindwall}[facing=east,form=2,waterlogged=false]'
[19:25:25] [Worker-Main-5/WARN]: Missing model for variant: 'Block{yuushya:audio_large_a_gray_blindwall}[facing=north,form=2,waterlogged=true]'
[19:25:25] [Worker-Main-5/WARN]: Missing model for variant: 'Block{yuushya:audio_large_a_gray_blindwall}[facing=north,form=2,waterlogged=false]'
[19:25:25] [Worker-Main-5/WARN]: Missing model for variant: 'Block{yuushya:audio_large_a_gray_blindwall}[facing=south,form=2,waterlogged=true]'
[19:25:25] [Worker-Main-5/WARN]: Missing model for variant: 'Block{yuushya:audio_large_a_gray_blindwall}[facing=south,form=2,waterlogged=false]'
[19:25:25] [Worker-Main-5/WARN]: Missing model for variant: 'Block{yuushya:audio_large_a_gray_blindwall}[facing=west,form=2,waterlogged=true]'
[19:25:25] [Worker-Main-5/WARN]: Missing model for variant: 'Block{yuushya:audio_large_a_gray_blindwall}[facing=west,form=2,waterlogged=false]'
[19:25:25] [Worker-Main-5/WARN]: Missing model for variant: 'Block{yuushya:audio_large_a_gray_blindwall}[facing=east,form=2,waterlogged=true]'
[19:25:25] [Worker-Main-5/WARN]: Missing model for variant: 'Block{yuushya:audio_large_a_gray_blindwall}[facing=east,form=2,waterlogged=false]'
[19:25:25] [Worker-Main-5/WARN]: Missing model for variant: 'Block{yuushya:audio_large_a_green_blindwall}[facing=north,form=2,waterlogged=true]'
[19:25:25] [Worker-Main-5/WARN]: Missing model for variant: 'Block{yuushya:audio_large_a_green_blindwall}[facing=north,form=2,waterlogged=false]'
[19:25:25] [Worker-Main-5/WARN]: Missing model for variant: 'Block{yuushya:audio_large_a_green_blindwall}[facing=south,form=2,waterlogged=true]'
[19:25:25] [Worker-Main-5/WARN]: Missing model for variant: 'Block{yuushya:audio_large_a_green_blindwall}[facing=south,form=2,waterlogged=false]'
[19:25:25] [Worker-Main-5/WARN]: Missing model for variant: 'Block{yuushya:audio_large_a_green_blindwall}[facing=west,form=2,waterlogged=true]'
[19:25:25] [Worker-Main-5/WARN]: Missing model for variant: 'Block{yuushya:audio_large_a_green_blindwall}[facing=west,form=2,waterlogged=false]'
[19:25:25] [Worker-Main-5/WARN]: Missing model for variant: 'Block{yuushya:audio_large_a_green_blindwall}[facing=east,form=2,waterlogged=true]'
[19:25:25] [Worker-Main-5/WARN]: Missing model for variant: 'Block{yuushya:audio_large_a_green_blindwall}[facing=east,form=2,waterlogged=false]'
[19:25:25] [Worker-Main-5/WARN]: Missing model for variant: 'Block{yuushya:audio_large_a_light_blue_blindwall}[facing=north,form=2,waterlogged=true]'
[19:25:25] [Worker-Main-5/WARN]: Missing model for variant: 'Block{yuushya:audio_large_a_light_blue_blindwall}[facing=north,form=2,waterlogged=false]'
[19:25:25] [Worker-Main-5/WARN]: Missing model for variant: 'Block{yuushya:audio_large_a_light_blue_blindwall}[facing=south,form=2,waterlogged=true]'
[19:25:25] [Worker-Main-5/WARN]: Missing model for variant: 'Block{yuushya:audio_large_a_light_blue_blindwall}[facing=south,form=2,waterlogged=false]'
[19:25:25] [Worker-Main-5/WARN]: Missing model for variant: 'Block{yuushya:audio_large_a_light_blue_blindwall}[facing=west,form=2,waterlogged=true]'
[19:25:25] [Worker-Main-5/WARN]: Missing model for variant: 'Block{yuushya:audio_large_a_light_blue_blindwall}[facing=west,form=2,waterlogged=false]'
[19:25:25] [Worker-Main-5/WARN]: Missing model for variant: 'Block{yuushya:audio_large_a_light_blue_blindwall}[facing=east,form=2,waterlogged=true]'
[19:25:25] [Worker-Main-5/WARN]: Missing model for variant: 'Block{yuushya:audio_large_a_light_blue_blindwall}[facing=east,form=2,waterlogged=false]'
[19:25:25] [Worker-Main-5/WARN]: Missing model for variant: 'Block{yuushya:audio_large_a_light_gray_blindwall}[facing=north,form=2,waterlogged=true]'
[19:25:25] [Worker-Main-5/WARN]: Missing model for variant: 'Block{yuushya:audio_large_a_light_gray_blindwall}[facing=north,form=2,waterlogged=false]'
[19:25:25] [Worker-Main-5/WARN]: Missing model for variant: 'Block{yuushya:audio_large_a_light_gray_blindwall}[facing=south,form=2,waterlogged=true]'
[19:25:25] [Worker-Main-5/WARN]: Missing model for variant: 'Block{yuushya:audio_large_a_light_gray_blindwall}[facing=south,form=2,waterlogged=false]'
[19:25:25] [Worker-Main-5/WARN]: Missing model for variant: 'Block{yuushya:audio_large_a_light_gray_blindwall}[facing=west,form=2,waterlogged=true]'
[19:25:25] [Worker-Main-5/WARN]: Missing model for variant: 'Block{yuushya:audio_large_a_light_gray_blindwall}[facing=west,form=2,waterlogged=false]'
[19:25:25] [Worker-Main-5/WARN]: Missing model for variant: 'Block{yuushya:audio_large_a_light_gray_blindwall}[facing=east,form=2,waterlogged=true]'
[19:25:25] [Worker-Main-5/WARN]: Missing model for variant: 'Block{yuushya:audio_large_a_light_gray_blindwall}[facing=east,form=2,waterlogged=false]'
[19:25:25] [Worker-Main-5/WARN]: Missing model for variant: 'Block{yuushya:audio_large_a_lime_blindwall}[facing=north,form=2,waterlogged=true]'
[19:25:25] [Worker-Main-5/WARN]: Missing model for variant: 'Block{yuushya:audio_large_a_lime_blindwall}[facing=north,form=2,waterlogged=false]'
[19:25:25] [Worker-Main-5/WARN]: Missing model for variant: 'Block{yuushya:audio_large_a_lime_blindwall}[facing=south,form=2,waterlogged=true]'
[19:25:25] [Worker-Main-5/WARN]: Missing model for variant: 'Block{yuushya:audio_large_a_lime_blindwall}[facing=south,form=2,waterlogged=false]'
[19:25:25] [Worker-Main-5/WARN]: Missing model for variant: 'Block{yuushya:audio_large_a_lime_blindwall}[facing=west,form=2,waterlogged=true]'
[19:25:25] [Worker-Main-5/WARN]: Missing model for variant: 'Block{yuushya:audio_large_a_lime_blindwall}[facing=west,form=2,waterlogged=false]'
[19:25:25] [Worker-Main-5/WARN]: Missing model for variant: 'Block{yuushya:audio_large_a_lime_blindwall}[facing=east,form=2,waterlogged=true]'
[19:25:25] [Worker-Main-5/WARN]: Missing model for variant: 'Block{yuushya:audio_large_a_lime_blindwall}[facing=east,form=2,waterlogged=false]'
[19:25:25] [Worker-Main-5/WARN]: Missing model for variant: 'Block{yuushya:audio_large_a_magenta_blindwall}[facing=north,form=2,waterlogged=true]'
[19:25:25] [Worker-Main-5/WARN]: Missing model for variant: 'Block{yuushya:audio_large_a_magenta_blindwall}[facing=north,form=2,waterlogged=false]'
[19:25:25] [Worker-Main-5/WARN]: Missing model for variant: 'Block{yuushya:audio_large_a_magenta_blindwall}[facing=south,form=2,waterlogged=true]'
[19:25:25] [Worker-Main-5/WARN]: Missing model for variant: 'Block{yuushya:audio_large_a_magenta_blindwall}[facing=south,form=2,waterlogged=false]'
[19:25:25] [Worker-Main-5/WARN]: Missing model for variant: 'Block{yuushya:audio_large_a_magenta_blindwall}[facing=west,form=2,waterlogged=true]'
[19:25:25] [Worker-Main-5/WARN]: Missing model for variant: 'Block{yuushya:audio_large_a_magenta_blindwall}[facing=west,form=2,waterlogged=false]'
[19:25:25] [Worker-Main-5/WARN]: Missing model for variant: 'Block{yuushya:audio_large_a_magenta_blindwall}[facing=east,form=2,waterlogged=true]'
[19:25:25] [Worker-Main-5/WARN]: Missing model for variant: 'Block{yuushya:audio_large_a_magenta_blindwall}[facing=east,form=2,waterlogged=false]'
[19:25:25] [Worker-Main-5/WARN]: Missing model for variant: 'Block{yuushya:audio_large_a_orange_blindwall}[facing=north,form=2,waterlogged=true]'
[19:25:25] [Worker-Main-5/WARN]: Missing model for variant: 'Block{yuushya:audio_large_a_orange_blindwall}[facing=north,form=2,waterlogged=false]'
[19:25:25] [Worker-Main-5/WARN]: Missing model for variant: 'Block{yuushya:audio_large_a_orange_blindwall}[facing=south,form=2,waterlogged=true]'
[19:25:25] [Worker-Main-5/WARN]: Missing model for variant: 'Block{yuushya:audio_large_a_orange_blindwall}[facing=south,form=2,waterlogged=false]'
[19:25:25] [Worker-Main-5/WARN]: Missing model for variant: 'Block{yuushya:audio_large_a_orange_blindwall}[facing=west,form=2,waterlogged=true]'
[19:25:25] [Worker-Main-5/WARN]: Missing model for variant: 'Block{yuushya:audio_large_a_orange_blindwall}[facing=west,form=2,waterlogged=false]'
[19:25:25] [Worker-Main-5/WARN]: Missing model for variant: 'Block{yuushya:audio_large_a_orange_blindwall}[facing=east,form=2,waterlogged=true]'
[19:25:25] [Worker-Main-5/WARN]: Missing model for variant: 'Block{yuushya:audio_large_a_orange_blindwall}[facing=east,form=2,waterlogged=false]'
[19:25:25] [Worker-Main-5/WARN]: Missing model for variant: 'Block{yuushya:audio_large_a_pink_blindwall}[facing=north,form=2,waterlogged=true]'
[19:25:25] [Worker-Main-5/WARN]: Missing model for variant: 'Block{yuushya:audio_large_a_pink_blindwall}[facing=north,form=2,waterlogged=false]'
[19:25:25] [Worker-Main-5/WARN]: Missing model for variant: 'Block{yuushya:audio_large_a_pink_blindwall}[facing=south,form=2,waterlogged=true]'
[19:25:25] [Worker-Main-5/WARN]: Missing model for variant: 'Block{yuushya:audio_large_a_pink_blindwall}[facing=south,form=2,waterlogged=false]'
[19:25:25] [Worker-Main-5/WARN]: Missing model for variant: 'Block{yuushya:audio_large_a_pink_blindwall}[facing=west,form=2,waterlogged=true]'
[19:25:25] [Worker-Main-5/WARN]: Missing model for variant: 'Block{yuushya:audio_large_a_pink_blindwall}[facing=west,form=2,waterlogged=false]'
[19:25:25] [Worker-Main-5/WARN]: Missing model for variant: 'Block{yuushya:audio_large_a_pink_blindwall}[facing=east,form=2,waterlogged=true]'
[19:25:25] [Worker-Main-5/WARN]: Missing model for variant: 'Block{yuushya:audio_large_a_pink_blindwall}[facing=east,form=2,waterlogged=false]'
[19:25:25] [Worker-Main-5/WARN]: Missing model for variant: 'Block{yuushya:audio_large_a_purple_blindwall}[facing=north,form=2,waterlogged=true]'
[19:25:25] [Worker-Main-5/WARN]: Missing model for variant: 'Block{yuushya:audio_large_a_purple_blindwall}[facing=north,form=2,waterlogged=false]'
[19:25:25] [Worker-Main-5/WARN]: Missing model for variant: 'Block{yuushya:audio_large_a_purple_blindwall}[facing=south,form=2,waterlogged=true]'
[19:25:25] [Worker-Main-5/WARN]: Missing model for variant: 'Block{yuushya:audio_large_a_purple_blindwall}[facing=south,form=2,waterlogged=false]'
[19:25:25] [Worker-Main-5/WARN]: Missing model for variant: 'Block{yuushya:audio_large_a_purple_blindwall}[facing=west,form=2,waterlogged=true]'
[19:25:25] [Worker-Main-5/WARN]: Missing model for variant: 'Block{yuushya:audio_large_a_purple_blindwall}[facing=west,form=2,waterlogged=false]'
[19:25:25] [Worker-Main-5/WARN]: Missing model for variant: 'Block{yuushya:audio_large_a_purple_blindwall}[facing=east,form=2,waterlogged=true]'
[19:25:25] [Worker-Main-5/WARN]: Missing model for variant: 'Block{yuushya:audio_large_a_purple_blindwall}[facing=east,form=2,waterlogged=false]'
[19:25:25] [Worker-Main-5/WARN]: Missing model for variant: 'Block{yuushya:audio_large_a_red_blindwall}[facing=north,form=2,waterlogged=true]'
[19:25:25] [Worker-Main-5/WARN]: Missing model for variant: 'Block{yuushya:audio_large_a_red_blindwall}[facing=north,form=2,waterlogged=false]'
[19:25:25] [Worker-Main-5/WARN]: Missing model for variant: 'Block{yuushya:audio_large_a_red_blindwall}[facing=south,form=2,waterlogged=true]'
[19:25:25] [Worker-Main-5/WARN]: Missing model for variant: 'Block{yuushya:audio_large_a_red_blindwall}[facing=south,form=2,waterlogged=false]'
[19:25:25] [Worker-Main-5/WARN]: Missing model for variant: 'Block{yuushya:audio_large_a_red_blindwall}[facing=west,form=2,waterlogged=true]'
[19:25:25] [Worker-Main-5/WARN]: Missing model for variant: 'Block{yuushya:audio_large_a_red_blindwall}[facing=west,form=2,waterlogged=false]'
[19:25:25] [Worker-Main-5/WARN]: Missing model for variant: 'Block{yuushya:audio_large_a_red_blindwall}[facing=east,form=2,waterlogged=true]'
[19:25:25] [Worker-Main-5/WARN]: Missing model for variant: 'Block{yuushya:audio_large_a_red_blindwall}[facing=east,form=2,waterlogged=false]'
[19:25:25] [Worker-Main-5/WARN]: Missing model for variant: 'Block{yuushya:audio_large_a_white_blindwall}[facing=north,form=2,waterlogged=true]'
[19:25:25] [Worker-Main-5/WARN]: Missing model for variant: 'Block{yuushya:audio_large_a_white_blindwall}[facing=north,form=2,waterlogged=false]'
[19:25:25] [Worker-Main-5/WARN]: Missing model for variant: 'Block{yuushya:audio_large_a_white_blindwall}[facing=south,form=2,waterlogged=true]'
[19:25:25] [Worker-Main-5/WARN]: Missing model for variant: 'Block{yuushya:audio_large_a_white_blindwall}[facing=south,form=2,waterlogged=false]'
[19:25:25] [Worker-Main-5/WARN]: Missing model for variant: 'Block{yuushya:audio_large_a_white_blindwall}[facing=west,form=2,waterlogged=true]'
[19:25:25] [Worker-Main-5/WARN]: Missing model for variant: 'Block{yuushya:audio_large_a_white_blindwall}[facing=west,form=2,waterlogged=false]'
[19:25:25] [Worker-Main-5/WARN]: Missing model for variant: 'Block{yuushya:audio_large_a_white_blindwall}[facing=east,form=2,waterlogged=true]'
[19:25:25] [Worker-Main-5/WARN]: Missing model for variant: 'Block{yuushya:audio_large_a_white_blindwall}[facing=east,form=2,waterlogged=false]'
[19:25:25] [Worker-Main-5/WARN]: Missing model for variant: 'Block{yuushya:audio_large_a_yellow_blindwall}[facing=north,form=2,waterlogged=true]'
[19:25:25] [Worker-Main-5/WARN]: Missing model for variant: 'Block{yuushya:audio_large_a_yellow_blindwall}[facing=north,form=2,waterlogged=false]'
[19:25:25] [Worker-Main-5/WARN]: Missing model for variant: 'Block{yuushya:audio_large_a_yellow_blindwall}[facing=south,form=2,waterlogged=true]'
[19:25:25] [Worker-Main-5/WARN]: Missing model for variant: 'Block{yuushya:audio_large_a_yellow_blindwall}[facing=south,form=2,waterlogged=false]'
[19:25:25] [Worker-Main-5/WARN]: Missing model for variant: 'Block{yuushya:audio_large_a_yellow_blindwall}[facing=west,form=2,waterlogged=true]'
[19:25:25] [Worker-Main-5/WARN]: Missing model for variant: 'Block{yuushya:audio_large_a_yellow_blindwall}[facing=west,form=2,waterlogged=false]'
[19:25:25] [Worker-Main-5/WARN]: Missing model for variant: 'Block{yuushya:audio_large_a_yellow_blindwall}[facing=east,form=2,waterlogged=true]'
[19:25:25] [Worker-Main-5/WARN]: Missing model for variant: 'Block{yuushya:audio_large_a_yellow_blindwall}[facing=east,form=2,waterlogged=false]'
[19:25:25] [Worker-Main-5/WARN]: Missing model for variant: 'Block{powertool:fake_water_block}[level=0]'
[19:25:25] [Worker-Main-5/WARN]: Missing model for variant: 'Block{powertool:fake_water_block}[level=1]'
[19:25:25] [Worker-Main-5/WARN]: Missing model for variant: 'Block{powertool:fake_water_block}[level=2]'
[19:25:25] [Worker-Main-5/WARN]: Missing model for variant: 'Block{powertool:fake_water_block}[level=3]'
[19:25:25] [Worker-Main-5/WARN]: Missing model for variant: 'Block{powertool:fake_water_block}[level=4]'
[19:25:25] [Worker-Main-5/WARN]: Missing model for variant: 'Block{powertool:fake_water_block}[level=5]'
[19:25:25] [Worker-Main-5/WARN]: Missing model for variant: 'Block{powertool:fake_water_block}[level=6]'
[19:25:25] [Worker-Main-5/WARN]: Missing model for variant: 'Block{powertool:fake_water_block}[level=7]'
[19:25:25] [Worker-Main-5/WARN]: Missing model for variant: 'Block{powertool:fake_water_block}[level=8]'
[19:25:25] [Worker-Main-5/WARN]: Missing model for variant: 'Block{powertool:fake_water_block}[level=9]'
[19:25:25] [Worker-Main-5/WARN]: Missing model for variant: 'Block{powertool:fake_water_block}[level=10]'
[19:25:25] [Worker-Main-5/WARN]: Missing model for variant: 'Block{powertool:fake_water_block}[level=11]'
[19:25:25] [Worker-Main-5/WARN]: Missing model for variant: 'Block{powertool:fake_water_block}[level=12]'
[19:25:25] [Worker-Main-5/WARN]: Missing model for variant: 'Block{powertool:fake_water_block}[level=13]'
[19:25:25] [Worker-Main-5/WARN]: Missing model for variant: 'Block{powertool:fake_water_block}[level=14]'
[19:25:25] [Worker-Main-5/WARN]: Missing model for variant: 'Block{powertool:fake_water_block}[level=15]'
[19:25:25] [Worker-Main-5/WARN]: Missing model for variant: 'Block{powertool:link_holographic_sign}[lit=true,waterlogged=true]'
[19:25:25] [Worker-Main-5/WARN]: Missing model for variant: 'Block{powertool:link_holographic_sign}[lit=true,waterlogged=false]'
[19:25:25] [Worker-Main-5/WARN]: Missing model for variant: 'Block{powertool:link_holographic_sign}[lit=false,waterlogged=true]'
[19:25:25] [Worker-Main-5/WARN]: Missing model for variant: 'Block{powertool:link_holographic_sign}[lit=false,waterlogged=false]'
[19:25:25] [Worker-Main-5/WARN]: Missing model for variant: 'Block{powertool:raw_json_holographic_sign}[lit=true,waterlogged=true]'
[19:25:25] [Worker-Main-5/WARN]: Missing model for variant: 'Block{powertool:raw_json_holographic_sign}[lit=true,waterlogged=false]'
[19:25:25] [Worker-Main-5/WARN]: Missing model for variant: 'Block{powertool:raw_json_holographic_sign}[lit=false,waterlogged=true]'
[19:25:25] [Worker-Main-5/WARN]: Missing model for variant: 'Block{powertool:raw_json_holographic_sign}[lit=false,waterlogged=false]'
[19:25:25] [Worker-Main-5/WARN]: Missing model for variant: 'Block{powertool:bezier_curve_block}'
[19:25:25] [Worker-Main-5/WARN]: Missing model for variant: 'Block{bakeries:yeast_tank}[yeast=0]'
[19:25:25] [Worker-Main-5/WARN]: Missing model for variant: 'Block{bakeries:milk_tank}[milk=0,salt=true]'
[19:25:25] [Worker-Main-5/WARN]: Missing model for variant: 'Block{bakeries:milk_tank}[milk=0,salt=false]'
[19:25:25] [Worker-Main-5/WARN]: Missing model for variant: 'Block{bakeries:milk_tank}[milk=1,salt=true]'
[19:25:25] [Worker-Main-5/WARN]: Missing model for variant: 'Block{bakeries:milk_tank}[milk=2,salt=true]'
[19:25:25] [Worker-Main-5/WARN]: Missing model for variant: 'Block{bakeries:taro}[age=4]'
[19:25:25] [Worker-Main-5/WARN]: Missing model for variant: 'Block{bakeries:taro}[age=5]'
[19:25:25] [Worker-Main-5/WARN]: Missing model for variant: 'Block{bakeries:taro}[age=6]'
[19:25:25] [Worker-Main-5/WARN]: Missing model for variant: 'Block{bakeries:taro}[age=7]'
[19:25:25] [Worker-Main-5/WARN]: Missing model for variant: 'Block{bakeries:coffee_plant}[age=3]'
[19:25:25] [Worker-Main-5/WARN]: Missing model for variant: 'Block{bakeries:coffee_plant}[age=4]'
[19:25:25] [Worker-Main-5/WARN]: Missing model for variant: 'Block{bakeries:coffee_plant}[age=5]'
[19:25:25] [Worker-Main-5/WARN]: Missing model for variant: 'Block{bakeries:coffee_plant}[age=6]'
[19:25:25] [Worker-Main-5/WARN]: Missing model for variant: 'Block{bakeries:coffee_plant}[age=7]'
[19:25:25] [Worker-Main-5/WARN]: Missing model for variant: 'Block{anvilcraft:plasma_jets}'
[19:25:25] [Worker-Main-5/WARN]: Missing model for variant: 'Block{trading_table:system_trading_table}[enabled=true,facing=north,initialized=true]'
[19:25:25] [Worker-Main-5/WARN]: Missing model for variant: 'Block{trading_table:system_trading_table}[enabled=true,facing=north,initialized=false]'
[19:25:25] [Worker-Main-5/WARN]: Missing model for variant: 'Block{trading_table:system_trading_table}[enabled=true,facing=south,initialized=true]'
[19:25:25] [Worker-Main-5/WARN]: Missing model for variant: 'Block{trading_table:system_trading_table}[enabled=true,facing=south,initialized=false]'
[19:25:25] [Worker-Main-5/WARN]: Missing model for variant: 'Block{trading_table:system_trading_table}[enabled=true,facing=west,initialized=true]'
[19:25:25] [Worker-Main-5/WARN]: Missing model for variant: 'Block{trading_table:system_trading_table}[enabled=true,facing=west,initialized=false]'
[19:25:25] [Worker-Main-5/WARN]: Missing model for variant: 'Block{trading_table:system_trading_table}[enabled=true,facing=east,initialized=true]'
[19:25:25] [Worker-Main-5/WARN]: Missing model for variant: 'Block{trading_table:system_trading_table}[enabled=true,facing=east,initialized=false]'
[19:25:25] [Worker-Main-5/WARN]: Missing model for variant: 'Block{trading_table:system_trading_table}[enabled=false,facing=north,initialized=true]'
[19:25:25] [Worker-Main-5/WARN]: Missing model for variant: 'Block{trading_table:system_trading_table}[enabled=false,facing=north,initialized=false]'
[19:25:25] [Worker-Main-5/WARN]: Missing model for variant: 'Block{trading_table:system_trading_table}[enabled=false,facing=south,initialized=true]'
[19:25:25] [Worker-Main-5/WARN]: Missing model for variant: 'Block{trading_table:system_trading_table}[enabled=false,facing=south,initialized=false]'
[19:25:25] [Worker-Main-5/WARN]: Missing model for variant: 'Block{trading_table:system_trading_table}[enabled=false,facing=west,initialized=true]'
[19:25:25] [Worker-Main-5/WARN]: Missing model for variant: 'Block{trading_table:system_trading_table}[enabled=false,facing=west,initialized=false]'
[19:25:25] [Worker-Main-5/WARN]: Missing model for variant: 'Block{trading_table:system_trading_table}[enabled=false,facing=east,initialized=true]'
[19:25:25] [Worker-Main-5/WARN]: Missing model for variant: 'Block{trading_table:system_trading_table}[enabled=false,facing=east,initialized=false]'
[19:25:25] [Worker-Main-5/WARN]: Missing model for variant: 'Block{guide_me_to:sign_stand_thin_narrow}[facing=north]'
[19:25:25] [Worker-Main-5/WARN]: Missing model for variant: 'Block{guide_me_to:sign_stand_thin_narrow}[facing=east]'
[19:25:25] [Worker-Main-5/WARN]: Missing model for variant: 'Block{guide_me_to:sign_stand_thin_narrow}[facing=south]'
[19:25:25] [Worker-Main-5/WARN]: Missing model for variant: 'Block{guide_me_to:sign_stand_thin_narrow}[facing=west]'
[19:25:25] [Worker-Main-5/WARN]: Missing model for variant: 'Block{guide_me_to:sign_stand_thin_narrow}[facing=up]'
[19:25:25] [Worker-Main-5/WARN]: Missing model for variant: 'Block{guide_me_to:sign_stand_thin_narrow}[facing=down]'
[19:25:25] [Worker-Main-5/WARN]: Missing model for variant: 'Block{guide_me_to:sign_stand_thick_narrow}[facing=north]'
[19:25:25] [Worker-Main-5/WARN]: Missing model for variant: 'Block{guide_me_to:sign_stand_thick_narrow}[facing=east]'
[19:25:25] [Worker-Main-5/WARN]: Missing model for variant: 'Block{guide_me_to:sign_stand_thick_narrow}[facing=south]'
[19:25:25] [Worker-Main-5/WARN]: Missing model for variant: 'Block{guide_me_to:sign_stand_thick_narrow}[facing=west]'
[19:25:25] [Worker-Main-5/WARN]: Missing model for variant: 'Block{guide_me_to:sign_stand_thick_narrow}[facing=up]'
[19:25:25] [Worker-Main-5/WARN]: Missing model for variant: 'Block{guide_me_to:sign_stand_thick_narrow}[facing=down]'
[19:25:26] [Render thread/WARN]: superpipeslide:pipeline/pipe_shadow_cutout_cull shader program does not use sampler Sampler2 defined in the pipeline. This might be a bug.
[19:25:26] [Render thread/WARN]: superpipeslide:pipeline/pipe_shadow_cutout shader program does not use sampler Sampler2 defined in the pipeline. This might be a bug.
[19:25:26] [Render thread/INFO]: OpenAL initialized on device OpenAL Soft on 扬声器 (2- Realtek(R) Audio)
[19:25:26] [Render thread/INFO]: Sound engine started
[19:25:26] [Render thread/INFO]: Created: 512x256x0 minecraft:textures/atlas/particles.png-atlas
[19:25:26] [Render thread/INFO]: Created: 128x128x0 minecraft:textures/atlas/decorated_pot.png-atlas
[19:25:26] [Render thread/INFO]: Created: 2048x1024x0 minecraft:textures/atlas/armor_trims.png-atlas
[19:25:26] [Render thread/INFO]: Created: 512x256x0 minecraft:textures/atlas/paintings.png-atlas
[19:25:26] [Render thread/INFO]: Created: 1024x512x0 minecraft:textures/atlas/shield_patterns.png-atlas
[19:25:26] [Render thread/INFO]: Created: 8192x4096x0 minecraft:textures/atlas/blocks.png-atlas
[19:25:28] [Render thread/INFO]: Created: 512x256x4 worldcomment:textures/atlas/emoji.png-atlas
[19:25:28] [Render thread/INFO]: Created: 512x512x0 minecraft:textures/atlas/chest.png-atlas
[19:25:28] [Render thread/INFO]: Created: 256x128x0 minecraft:textures/atlas/celestials.png-atlas
[19:25:28] [Render thread/INFO]: Created: 64x64x0 anvilcraft:textures/atlas/laser.png-atlas
[19:25:28] [Render thread/INFO]: Created: 512x256x0 mekanism:textures/atlas/robit.png-atlas
[19:25:28] [Render thread/INFO]: Created: 1024x512x0 minecraft:textures/atlas/banner_patterns.png-atlas
[19:25:28] [Render thread/INFO]: Created: 512x512x0 minecraft:textures/atlas/beds.png-atlas
[19:25:28] [Render thread/INFO]: Created: 8192x4096x0 minecraft:textures/atlas/items.png-atlas
[19:25:28] [Render thread/INFO]: Created: 8192x8192x0 minecraft:textures/atlas/gui.png-atlas
[19:25:29] [Render thread/INFO]: Created: 128x64x0 minecraft:textures/atlas/map_decorations.png-atlas
[19:25:29] [Render thread/INFO]: Created: 512x256x0 minecraft:textures/atlas/signs.png-atlas
[19:25:29] [Render thread/INFO]: Created: 512x512x0 minecraft:textures/atlas/shulker_boxes.png-atlas
[19:25:29] [Render thread/WARN]: Duplicate sprite minecraft:entity/decorated_pot/danger_pottery_pattern from atlas minecraft:textures/atlas/decorated_pot.png, already defined in atlas minecraft:textures/atlas/blocks.png. This will be rejected in a future version
[19:25:29] [Render thread/WARN]: Duplicate sprite minecraft:entity/signs/hanging/jungle from atlas minecraft:textures/atlas/blocks.png, already defined in atlas minecraft:textures/atlas/signs.png. This will be rejected in a future version
[19:25:29] [Render thread/WARN]: Duplicate sprite minecraft:entity/decorated_pot/guster_pottery_pattern from atlas minecraft:textures/atlas/decorated_pot.png, already defined in atlas minecraft:textures/atlas/blocks.png. This will be rejected in a future version
[19:25:29] [Render thread/WARN]: Duplicate sprite minecraft:entity/signs/jungle from atlas minecraft:textures/atlas/signs.png, already defined in atlas minecraft:textures/atlas/blocks.png. This will be rejected in a future version
[19:25:29] [Render thread/WARN]: Duplicate sprite minecraft:entity/decorated_pot/heart_pottery_pattern from atlas minecraft:textures/atlas/blocks.png, already defined in atlas minecraft:textures/atlas/decorated_pot.png. This will be rejected in a future version
[19:25:29] [Render thread/WARN]: Duplicate sprite minecraft:entity/decorated_pot/snort_pottery_pattern from atlas minecraft:textures/atlas/blocks.png, already defined in atlas minecraft:textures/atlas/decorated_pot.png. This will be rejected in a future version
[19:25:29] [Render thread/WARN]: Duplicate sprite minecraft:entity/shield/triangle_top from atlas minecraft:textures/atlas/blocks.png, already defined in atlas minecraft:textures/atlas/shield_patterns.png. This will be rejected in a future version
[19:25:29] [Render thread/WARN]: Duplicate sprite minecraft:entity/signs/dark_oak from atlas minecraft:textures/atlas/signs.png, already defined in atlas minecraft:textures/atlas/blocks.png. This will be rejected in a future version
[19:25:29] [Render thread/WARN]: Duplicate sprite minecraft:entity/shield/piglin from atlas minecraft:textures/atlas/blocks.png, already defined in atlas minecraft:textures/atlas/shield_patterns.png. This will be rejected in a future version
[19:25:29] [Render thread/WARN]: Duplicate sprite mekanismtools:entity/shield/refined_glowstone from atlas minecraft:textures/atlas/shield_patterns.png, already defined in atlas minecraft:textures/atlas/blocks.png. This will be rejected in a future version
[19:25:29] [Render thread/WARN]: Duplicate sprite minecraft:entity/shield/stripe_center from atlas minecraft:textures/atlas/blocks.png, already defined in atlas minecraft:textures/atlas/shield_patterns.png. This will be rejected in a future version
[19:25:29] [Render thread/WARN]: Duplicate sprite minecraft:entity/signs/hanging/cherry from atlas minecraft:textures/atlas/blocks.png, already defined in atlas minecraft:textures/atlas/signs.png. This will be rejected in a future version
[19:25:29] [Render thread/WARN]: Duplicate sprite minecraft:entity/chest/normal_left from atlas minecraft:textures/atlas/blocks.png, already defined in atlas minecraft:textures/atlas/chest.png. This will be rejected in a future version
[19:25:29] [Render thread/WARN]: Duplicate sprite minecraft:entity/bed/light_blue from atlas minecraft:textures/atlas/beds.png, already defined in atlas minecraft:textures/atlas/blocks.png. This will be rejected in a future version
[19:25:29] [Render thread/WARN]: Duplicate sprite minecraft:entity/decorated_pot/friend_pottery_pattern from atlas minecraft:textures/atlas/decorated_pot.png, already defined in atlas minecraft:textures/atlas/blocks.png. This will be rejected in a future version
[19:25:29] [Render thread/WARN]: Duplicate sprite minecraft:entity/bed/green from atlas minecraft:textures/atlas/blocks.png, already defined in atlas minecraft:textures/atlas/beds.png. This will be rejected in a future version
[19:25:29] [Render thread/WARN]: Duplicate sprite mekanism:entity/armor/mekasuit_armor_modules from atlas minecraft:textures/atlas/items.png, already defined in atlas minecraft:textures/atlas/blocks.png. This will be rejected in a future version
[19:25:29] [Render thread/WARN]: Duplicate sprite minecraft:entity/banner/stripe_center from atlas minecraft:textures/atlas/banner_patterns.png, already defined in atlas minecraft:textures/atlas/blocks.png. This will be rejected in a future version
[19:25:29] [Render thread/WARN]: Duplicate sprite minecraft:entity/banner/square_top_right from atlas minecraft:textures/atlas/blocks.png, already defined in atlas minecraft:textures/atlas/banner_patterns.png. This will be rejected in a future version
[19:25:29] [Render thread/WARN]: Duplicate sprite minecraft:entity/shield/creeper from atlas minecraft:textures/atlas/blocks.png, already defined in atlas minecraft:textures/atlas/shield_patterns.png. This will be rejected in a future version
[19:25:29] [Render thread/WARN]: Duplicate sprite minecraft:entity/shulker/shulker_black from atlas minecraft:textures/atlas/shulker_boxes.png, already defined in atlas minecraft:textures/atlas/blocks.png. This will be rejected in a future version
[19:25:29] [Render thread/WARN]: Duplicate sprite minecraft:entity/banner/triangle_bottom from atlas minecraft:textures/atlas/blocks.png, already defined in atlas minecraft:textures/atlas/banner_patterns.png. This will be rejected in a future version
[19:25:29] [Render thread/WARN]: Duplicate sprite minecraft:entity/banner/bricks from atlas minecraft:textures/atlas/banner_patterns.png, already defined in atlas minecraft:textures/atlas/blocks.png. This will be rejected in a future version
[19:25:29] [Render thread/WARN]: Duplicate sprite minecraft:entity/shield/shield_base_nopattern from atlas minecraft:textures/atlas/shield_patterns.png, already defined in atlas minecraft:textures/atlas/blocks.png. This will be rejected in a future version
[19:25:29] [Render thread/WARN]: Duplicate sprite minecraft:entity/banner/square_bottom_left from atlas minecraft:textures/atlas/blocks.png, already defined in atlas minecraft:textures/atlas/banner_patterns.png. This will be rejected in a future version
[19:25:29] [Render thread/WARN]: Duplicate sprite minecraft:entity/banner/skull from atlas minecraft:textures/atlas/banner_patterns.png, already defined in atlas minecraft:textures/atlas/blocks.png. This will be rejected in a future version
[19:25:29] [Render thread/WARN]: Duplicate sprite minecraft:entity/decorated_pot/heartbreak_pottery_pattern from atlas minecraft:textures/atlas/blocks.png, already defined in atlas minecraft:textures/atlas/decorated_pot.png. This will be rejected in a future version
[19:25:29] [Render thread/WARN]: Duplicate sprite minecraft:entity/bed/magenta from atlas minecraft:textures/atlas/beds.png, already defined in atlas minecraft:textures/atlas/blocks.png. This will be rejected in a future version
[19:25:29] [Render thread/WARN]: Duplicate sprite minecraft:entity/signs/warped from atlas minecraft:textures/atlas/blocks.png, already defined in atlas minecraft:textures/atlas/signs.png. This will be rejected in a future version
[19:25:29] [Render thread/WARN]: Duplicate sprite minecraft:entity/banner/cross from atlas minecraft:textures/atlas/blocks.png, already defined in atlas minecraft:textures/atlas/banner_patterns.png. This will be rejected in a future version
[19:25:29] [Render thread/WARN]: Duplicate sprite minecraft:entity/decorated_pot/brewer_pottery_pattern from atlas minecraft:textures/atlas/blocks.png, already defined in atlas minecraft:textures/atlas/decorated_pot.png. This will be rejected in a future version
[19:25:29] [Render thread/WARN]: Duplicate sprite mekanism:entity/armor/mekasuit_armor_helmet from atlas minecraft:textures/atlas/items.png, already defined in atlas minecraft:textures/atlas/blocks.png. This will be rejected in a future version
[19:25:29] [Render thread/WARN]: Duplicate sprite minecraft:entity/banner/stripe_downleft from atlas minecraft:textures/atlas/blocks.png, already defined in atlas minecraft:textures/atlas/banner_patterns.png. This will be rejected in a future version
[19:25:29] [Render thread/WARN]: Duplicate sprite minecraft:entity/chest/copper_weathered_right from atlas minecraft:textures/atlas/chest.png, already defined in atlas minecraft:textures/atlas/blocks.png. This will be rejected in a future version
[19:25:29] [Render thread/WARN]: Duplicate sprite minecraft:entity/shield/diagonal_right from atlas minecraft:textures/atlas/shield_patterns.png, already defined in atlas minecraft:textures/atlas/blocks.png. This will be rejected in a future version
[19:25:29] [Render thread/WARN]: Duplicate sprite mekanismtools:entity/shield/refined_obsidian from atlas minecraft:textures/atlas/shield_patterns.png, already defined in atlas minecraft:textures/atlas/blocks.png. This will be rejected in a future version
[19:25:29] [Render thread/WARN]: Duplicate sprite mekanism:entity/armor/mekasuit_gravitational_modulator from atlas minecraft:textures/atlas/blocks.png, already defined in atlas minecraft:textures/atlas/items.png. This will be rejected in a future version
[19:25:29] [Render thread/WARN]: Duplicate sprite minecraft:entity/chest/ender from atlas minecraft:textures/atlas/blocks.png, already defined in atlas minecraft:textures/atlas/chest.png. This will be rejected in a future version
[19:25:29] [Render thread/WARN]: Duplicate sprite minecraft:entity/banner/triangles_top from atlas minecraft:textures/atlas/banner_patterns.png, already defined in atlas minecraft:textures/atlas/blocks.png. This will be rejected in a future version
[19:25:29] [Render thread/WARN]: Duplicate sprite minecraft:entity/banner/square_bottom_right from atlas minecraft:textures/atlas/banner_patterns.png, already defined in atlas minecraft:textures/atlas/blocks.png. This will be rejected in a future version
[19:25:29] [Render thread/WARN]: Duplicate sprite minecraft:entity/shield/half_horizontal from atlas minecraft:textures/atlas/blocks.png, already defined in atlas minecraft:textures/atlas/shield_patterns.png. This will be rejected in a future version
[19:25:29] [Render thread/WARN]: Duplicate sprite minecraft:entity/shield/stripe_top from atlas minecraft:textures/atlas/shield_patterns.png, already defined in atlas minecraft:textures/atlas/blocks.png. This will be rejected in a future version
[19:25:29] [Render thread/WARN]: Duplicate sprite minecraft:entity/banner/square_top_left from atlas minecraft:textures/atlas/banner_patterns.png, already defined in atlas minecraft:textures/atlas/blocks.png. This will be rejected in a future version
[19:25:29] [Render thread/WARN]: Duplicate sprite minecraft:entity/chest/christmas from atlas minecraft:textures/atlas/blocks.png, already defined in atlas minecraft:textures/atlas/chest.png. This will be rejected in a future version
[19:25:29] [Render thread/WARN]: Duplicate sprite minecraft:entity/shield/rhombus from atlas minecraft:textures/atlas/blocks.png, already defined in atlas minecraft:textures/atlas/shield_patterns.png. This will be rejected in a future version
[19:25:29] [Render thread/WARN]: Duplicate sprite minecraft:entity/shield/diagonal_up_left from atlas minecraft:textures/atlas/shield_patterns.png, already defined in atlas minecraft:textures/atlas/blocks.png. This will be rejected in a future version
[19:25:29] [Render thread/WARN]: Duplicate sprite minecraft:entity/shield/triangle_bottom from atlas minecraft:textures/atlas/shield_patterns.png, already defined in atlas minecraft:textures/atlas/blocks.png. This will be rejected in a future version
[19:25:29] [Render thread/WARN]: Duplicate sprite minecraft:entity/bed/orange from atlas minecraft:textures/atlas/blocks.png, already defined in atlas minecraft:textures/atlas/beds.png. This will be rejected in a future version
[19:25:29] [Render thread/WARN]: Duplicate sprite minecraft:entity/shield/globe from atlas minecraft:textures/atlas/shield_patterns.png, already defined in atlas minecraft:textures/atlas/blocks.png. This will be rejected in a future version
[19:25:29] [Render thread/WARN]: Duplicate sprite minecraft:entity/chest/christmas_left from atlas minecraft:textures/atlas/blocks.png, already defined in atlas minecraft:textures/atlas/chest.png. This will be rejected in a future version
[19:25:29] [Render thread/WARN]: Duplicate sprite minecraft:entity/shield/triangles_bottom from atlas minecraft:textures/atlas/shield_patterns.png, already defined in atlas minecraft:textures/atlas/blocks.png. This will be rejected in a future version
[19:25:29] [Render thread/WARN]: Duplicate sprite minecraft:entity/chest/copper_weathered from atlas minecraft:textures/atlas/blocks.png, already defined in atlas minecraft:textures/atlas/chest.png. This will be rejected in a future version
[19:25:29] [Render thread/WARN]: Duplicate sprite minecraft:entity/bed/lime from atlas minecraft:textures/atlas/blocks.png, already defined in atlas minecraft:textures/atlas/beds.png. This will be rejected in a future version
[19:25:29] [Render thread/WARN]: Duplicate sprite minecraft:entity/signs/hanging/oak from atlas minecraft:textures/atlas/blocks.png, already defined in atlas minecraft:textures/atlas/signs.png. This will be rejected in a future version
[19:25:29] [Render thread/WARN]: Duplicate sprite minecraft:entity/shield/square_top_left from atlas minecraft:textures/atlas/blocks.png, already defined in atlas minecraft:textures/atlas/shield_patterns.png. This will be rejected in a future version
[19:25:29] [Render thread/WARN]: Duplicate sprite minecraft:entity/bed/blue from atlas minecraft:textures/atlas/blocks.png, already defined in atlas minecraft:textures/atlas/beds.png. This will be rejected in a future version
[19:25:29] [Render thread/WARN]: Duplicate sprite minecraft:entity/banner/diagonal_up_right from atlas minecraft:textures/atlas/blocks.png, already defined in atlas minecraft:textures/atlas/banner_patterns.png. This will be rejected in a future version
[19:25:29] [Render thread/WARN]: Duplicate sprite minecraft:entity/shield/stripe_downright from atlas minecraft:textures/atlas/shield_patterns.png, already defined in atlas minecraft:textures/atlas/blocks.png. This will be rejected in a future version
[19:25:29] [Render thread/WARN]: Duplicate sprite minecraft:entity/shield/stripe_bottom from atlas minecraft:textures/atlas/blocks.png, already defined in atlas minecraft:textures/atlas/shield_patterns.png. This will be rejected in a future version
[19:25:29] [Render thread/WARN]: Duplicate sprite minecraft:entity/bed/pink from atlas minecraft:textures/atlas/blocks.png, already defined in atlas minecraft:textures/atlas/beds.png. This will be rejected in a future version
[19:25:29] [Render thread/WARN]: Duplicate sprite minecraft:entity/shulker/shulker_orange from atlas minecraft:textures/atlas/blocks.png, already defined in atlas minecraft:textures/atlas/shulker_boxes.png. This will be rejected in a future version
[19:25:29] [Render thread/WARN]: Duplicate sprite minecraft:entity/chest/copper_oxidized_right from atlas minecraft:textures/atlas/blocks.png, already defined in atlas minecraft:textures/atlas/chest.png. This will be rejected in a future version
[19:25:29] [Render thread/WARN]: Duplicate sprite minecraft:entity/shulker/shulker from atlas minecraft:textures/atlas/blocks.png, already defined in atlas minecraft:textures/atlas/shulker_boxes.png. This will be rejected in a future version
[19:25:29] [Render thread/WARN]: Duplicate sprite minecraft:entity/signs/hanging/pale_oak from atlas minecraft:textures/atlas/blocks.png, already defined in atlas minecraft:textures/atlas/signs.png. This will be rejected in a future version
[19:25:29] [Render thread/WARN]: Duplicate sprite minecraft:entity/shield/stripe_downleft from atlas minecraft:textures/atlas/shield_patterns.png, already defined in atlas minecraft:textures/atlas/blocks.png. This will be rejected in a future version
[19:25:29] [Render thread/WARN]: Duplicate sprite minecraft:entity/chest/trapped_left from atlas minecraft:textures/atlas/blocks.png, already defined in atlas minecraft:textures/atlas/chest.png. This will be rejected in a future version
[19:25:29] [Render thread/WARN]: Duplicate sprite minecraft:entity/chest/copper from atlas minecraft:textures/atlas/blocks.png, already defined in atlas minecraft:textures/atlas/chest.png. This will be rejected in a future version
[19:25:29] [Render thread/WARN]: Duplicate sprite minecraft:entity/decorated_pot/decorated_pot_base from atlas minecraft:textures/atlas/decorated_pot.png, already defined in atlas minecraft:textures/atlas/blocks.png. This will be rejected in a future version
[19:25:29] [Render thread/WARN]: Duplicate sprite minecraft:entity/banner/gradient from atlas minecraft:textures/atlas/banner_patterns.png, already defined in atlas minecraft:textures/atlas/blocks.png. This will be rejected in a future version
[19:25:29] [Render thread/WARN]: Duplicate sprite minecraft:entity/shield/border from atlas minecraft:textures/atlas/shield_patterns.png, already defined in atlas minecraft:textures/atlas/blocks.png. This will be rejected in a future version
[19:25:29] [Render thread/WARN]: Duplicate sprite minecraft:entity/shield/bricks from atlas minecraft:textures/atlas/blocks.png, already defined in atlas minecraft:textures/atlas/shield_patterns.png. This will be rejected in a future version
[19:25:29] [Render thread/WARN]: Duplicate sprite minecraft:entity/banner/half_horizontal from atlas minecraft:textures/atlas/blocks.png, already defined in atlas minecraft:textures/atlas/banner_patterns.png. This will be rejected in a future version
[19:25:29] [Render thread/WARN]: Duplicate sprite minecraft:entity/decorated_pot/arms_up_pottery_pattern from atlas minecraft:textures/atlas/decorated_pot.png, already defined in atlas minecraft:textures/atlas/blocks.png. This will be rejected in a future version
[19:25:29] [Render thread/WARN]: Duplicate sprite minecraft:entity/shulker/shulker_lime from atlas minecraft:textures/atlas/shulker_boxes.png, already defined in atlas minecraft:textures/atlas/blocks.png. This will be rejected in a future version
[19:25:29] [Render thread/WARN]: Duplicate sprite minecraft:entity/signs/oak from atlas minecraft:textures/atlas/signs.png, already defined in atlas minecraft:textures/atlas/blocks.png. This will be rejected in a future version
[19:25:29] [Render thread/WARN]: Duplicate sprite minecraft:entity/shulker/shulker_blue from atlas minecraft:textures/atlas/shulker_boxes.png, already defined in atlas minecraft:textures/atlas/blocks.png. This will be rejected in a future version
[19:25:29] [Render thread/WARN]: Duplicate sprite caupona:entity/signs/hanging/walnut from atlas minecraft:textures/atlas/signs.png, already defined in atlas minecraft:textures/atlas/blocks.png. This will be rejected in a future version
[19:25:29] [Render thread/WARN]: Duplicate sprite minecraft:entity/banner/curly_border from atlas minecraft:textures/atlas/banner_patterns.png, already defined in atlas minecraft:textures/atlas/blocks.png. This will be rejected in a future version
[19:25:29] [Render thread/WARN]: Duplicate sprite minecraft:entity/decorated_pot/scrape_pottery_pattern from atlas minecraft:textures/atlas/decorated_pot.png, already defined in atlas minecraft:textures/atlas/blocks.png. This will be rejected in a future version
[19:25:29] [Render thread/WARN]: Duplicate sprite minecraft:entity/banner/circle from atlas minecraft:textures/atlas/blocks.png, already defined in atlas minecraft:textures/atlas/banner_patterns.png. This will be rejected in a future version
[19:25:29] [Render thread/WARN]: Duplicate sprite minecraft:entity/banner/half_horizontal_bottom from atlas minecraft:textures/atlas/banner_patterns.png, already defined in atlas minecraft:textures/atlas/blocks.png. This will be rejected in a future version
[19:25:29] [Render thread/WARN]: Duplicate sprite minecraft:entity/shulker/shulker_light_gray from atlas minecraft:textures/atlas/blocks.png, already defined in atlas minecraft:textures/atlas/shulker_boxes.png. This will be rejected in a future version
[19:25:29] [Render thread/WARN]: Duplicate sprite minecraft:entity/banner/mojang from atlas minecraft:textures/atlas/banner_patterns.png, already defined in atlas minecraft:textures/atlas/blocks.png. This will be rejected in a future version
[19:25:29] [Render thread/WARN]: Duplicate sprite minecraft:entity/banner/flower from atlas minecraft:textures/atlas/banner_patterns.png, already defined in atlas minecraft:textures/atlas/blocks.png. This will be rejected in a future version
[19:25:29] [Render thread/WARN]: Duplicate sprite minecraft:entity/banner/straight_cross from atlas minecraft:textures/atlas/banner_patterns.png, already defined in atlas minecraft:textures/atlas/blocks.png. This will be rejected in a future version
[19:25:29] [Render thread/WARN]: Duplicate sprite minecraft:entity/banner/creeper from atlas minecraft:textures/atlas/banner_patterns.png, already defined in atlas minecraft:textures/atlas/blocks.png. This will be rejected in a future version
[19:25:29] [Render thread/WARN]: Duplicate sprite minecraft:entity/shield/flower from atlas minecraft:textures/atlas/shield_patterns.png, already defined in atlas minecraft:textures/atlas/blocks.png. This will be rejected in a future version
[19:25:29] [Render thread/WARN]: Duplicate sprite minecraft:entity/decorated_pot/flow_pottery_pattern from atlas minecraft:textures/atlas/blocks.png, already defined in atlas minecraft:textures/atlas/decorated_pot.png. This will be rejected in a future version
[19:25:29] [Render thread/WARN]: Duplicate sprite minecraft:entity/chest/christmas_right from atlas minecraft:textures/atlas/chest.png, already defined in atlas minecraft:textures/atlas/blocks.png. This will be rejected in a future version
[19:25:29] [Render thread/WARN]: Duplicate sprite minecraft:entity/decorated_pot/howl_pottery_pattern from atlas minecraft:textures/atlas/blocks.png, already defined in atlas minecraft:textures/atlas/decorated_pot.png. This will be rejected in a future version
[19:25:29] [Render thread/WARN]: Duplicate sprite worldcomment:entity/comment_pole from atlas worldcomment:textures/atlas/emoji.png, already defined in atlas minecraft:textures/atlas/blocks.png. This will be rejected in a future version
[19:25:29] [Render thread/WARN]: Duplicate sprite minecraft:entity/banner/diagonal_up_left from atlas minecraft:textures/atlas/banner_patterns.png, already defined in atlas minecraft:textures/atlas/blocks.png. This will be rejected in a future version
[19:25:29] [Render thread/WARN]: Duplicate sprite minecraft:entity/shulker/shulker_brown from atlas minecraft:textures/atlas/shulker_boxes.png, already defined in atlas minecraft:textures/atlas/blocks.png. This will be rejected in a future version
[19:25:29] [Render thread/WARN]: Duplicate sprite minecraft:entity/shield/base from atlas minecraft:textures/atlas/shield_patterns.png, already defined in atlas minecraft:textures/atlas/blocks.png. This will be rejected in a future version
[19:25:29] [Render thread/WARN]: Duplicate sprite mekanismtools:entity/shield/lapis_lazuli from atlas minecraft:textures/atlas/shield_patterns.png, already defined in atlas minecraft:textures/atlas/blocks.png. This will be rejected in a future version
[19:25:29] [Render thread/WARN]: Duplicate sprite minecraft:entity/signs/hanging/birch from atlas minecraft:textures/atlas/blocks.png, already defined in atlas minecraft:textures/atlas/signs.png. This will be rejected in a future version
[19:25:29] [Render thread/WARN]: Duplicate sprite minecraft:entity/chest/copper_right from atlas minecraft:textures/atlas/blocks.png, already defined in atlas minecraft:textures/atlas/chest.png. This will be rejected in a future version
[19:25:29] [Render thread/WARN]: Duplicate sprite minecraft:entity/bed/red from atlas minecraft:textures/atlas/blocks.png, already defined in atlas minecraft:textures/atlas/beds.png. This will be rejected in a future version
[19:25:29] [Render thread/WARN]: Duplicate sprite minecraft:entity/shulker/shulker_white from atlas minecraft:textures/atlas/blocks.png, already defined in atlas minecraft:textures/atlas/shulker_boxes.png. This will be rejected in a future version
[19:25:29] [Render thread/WARN]: Duplicate sprite minecraft:entity/shulker/shulker_gray from atlas minecraft:textures/atlas/blocks.png, already defined in atlas minecraft:textures/atlas/shulker_boxes.png. This will be rejected in a future version
[19:25:29] [Render thread/WARN]: Duplicate sprite minecraft:entity/banner/stripe_bottom from atlas minecraft:textures/atlas/banner_patterns.png, already defined in atlas minecraft:textures/atlas/blocks.png. This will be rejected in a future version
[19:25:29] [Render thread/WARN]: Duplicate sprite minecraft:entity/chest/copper_oxidized from atlas minecraft:textures/atlas/blocks.png, already defined in atlas minecraft:textures/atlas/chest.png. This will be rejected in a future version
[19:25:29] [Render thread/WARN]: Duplicate sprite minecraft:entity/shield/triangles_top from atlas minecraft:textures/atlas/shield_patterns.png, already defined in atlas minecraft:textures/atlas/blocks.png. This will be rejected in a future version
[19:25:29] [Render thread/WARN]: Duplicate sprite minecraft:entity/shield/half_vertical_right from atlas minecraft:textures/atlas/shield_patterns.png, already defined in atlas minecraft:textures/atlas/blocks.png. This will be rejected in a future version
[19:25:29] [Render thread/WARN]: Duplicate sprite minecraft:entity/decorated_pot/explorer_pottery_pattern from atlas minecraft:textures/atlas/blocks.png, already defined in atlas minecraft:textures/atlas/decorated_pot.png. This will be rejected in a future version
[19:25:29] [Render thread/WARN]: Duplicate sprite minecraft:entity/shield/small_stripes from atlas minecraft:textures/atlas/blocks.png, already defined in atlas minecraft:textures/atlas/shield_patterns.png. This will be rejected in a future version
[19:25:29] [Render thread/WARN]: Duplicate sprite minecraft:entity/decorated_pot/prize_pottery_pattern from atlas minecraft:textures/atlas/decorated_pot.png, already defined in atlas minecraft:textures/atlas/blocks.png. This will be rejected in a future version
[19:25:29] [Render thread/WARN]: Duplicate sprite minecraft:entity/shield/guster from atlas minecraft:textures/atlas/shield_patterns.png, already defined in atlas minecraft:textures/atlas/blocks.png. This will be rejected in a future version
[19:25:29] [Render thread/WARN]: Duplicate sprite minecraft:entity/chest/copper_weathered_left from atlas minecraft:textures/atlas/chest.png, already defined in atlas minecraft:textures/atlas/blocks.png. This will be rejected in a future version
[19:25:29] [Render thread/WARN]: Duplicate sprite minecraft:entity/decorated_pot/plenty_pottery_pattern from atlas minecraft:textures/atlas/blocks.png, already defined in atlas minecraft:textures/atlas/decorated_pot.png. This will be rejected in a future version
[19:25:29] [Render thread/WARN]: Duplicate sprite minecraft:entity/shield/mojang from atlas minecraft:textures/atlas/shield_patterns.png, already defined in atlas minecraft:textures/atlas/blocks.png. This will be rejected in a future version
[19:25:29] [Render thread/WARN]: Duplicate sprite minecraft:entity/bed/purple from atlas minecraft:textures/atlas/blocks.png, already defined in atlas minecraft:textures/atlas/beds.png. This will be rejected in a future version
[19:25:29] [Render thread/WARN]: Duplicate sprite minecraft:entity/bed/cyan from atlas minecraft:textures/atlas/beds.png, already defined in atlas minecraft:textures/atlas/blocks.png. This will be rejected in a future version
[19:25:29] [Render thread/WARN]: Duplicate sprite minecraft:entity/banner/small_stripes from atlas minecraft:textures/atlas/blocks.png, already defined in atlas minecraft:textures/atlas/banner_patterns.png. This will be rejected in a future version
[19:25:29] [Render thread/WARN]: Duplicate sprite minecraft:entity/shield/square_top_right from atlas minecraft:textures/atlas/shield_patterns.png, already defined in atlas minecraft:textures/atlas/blocks.png. This will be rejected in a future version
[19:25:29] [Render thread/WARN]: Duplicate sprite minecraft:entity/bed/gray from atlas minecraft:textures/atlas/blocks.png, already defined in atlas minecraft:textures/atlas/beds.png. This will be rejected in a future version
[19:25:29] [Render thread/WARN]: Duplicate sprite minecraft:entity/banner/diagonal_left from atlas minecraft:textures/atlas/banner_patterns.png, already defined in atlas minecraft:textures/atlas/blocks.png. This will be rejected in a future version
[19:25:29] [Render thread/WARN]: Duplicate sprite minecraft:entity/chest/normal from atlas minecraft:textures/atlas/blocks.png, already defined in atlas minecraft:textures/atlas/chest.png. This will be rejected in a future version
[19:25:29] [Render thread/WARN]: Duplicate sprite minecraft:entity/banner/diagonal_right from atlas minecraft:textures/atlas/banner_patterns.png, already defined in atlas minecraft:textures/atlas/blocks.png. This will be rejected in a future version
[19:25:29] [Render thread/WARN]: Duplicate sprite minecraft:entity/shulker/shulker_yellow from atlas minecraft:textures/atlas/shulker_boxes.png, already defined in atlas minecraft:textures/atlas/blocks.png. This will be rejected in a future version
[19:25:29] [Render thread/WARN]: Duplicate sprite minecraft:entity/shield/half_vertical from atlas minecraft:textures/atlas/shield_patterns.png, already defined in atlas minecraft:textures/atlas/blocks.png. This will be rejected in a future version
[19:25:29] [Render thread/WARN]: Duplicate sprite mekanismtools:entity/shield/bronze from atlas minecraft:textures/atlas/shield_patterns.png, already defined in atlas minecraft:textures/atlas/blocks.png. This will be rejected in a future version
[19:25:29] [Render thread/WARN]: Duplicate sprite minecraft:entity/shield/flow from atlas minecraft:textures/atlas/shield_patterns.png, already defined in atlas minecraft:textures/atlas/blocks.png. This will be rejected in a future version
[19:25:29] [Render thread/WARN]: Duplicate sprite minecraft:entity/signs/acacia from atlas minecraft:textures/atlas/signs.png, already defined in atlas minecraft:textures/atlas/blocks.png. This will be rejected in a future version
[19:25:29] [Render thread/WARN]: Duplicate sprite minecraft:entity/banner/border from atlas minecraft:textures/atlas/banner_patterns.png, already defined in atlas minecraft:textures/atlas/blocks.png. This will be rejected in a future version
[19:25:29] [Render thread/WARN]: Duplicate sprite minecraft:entity/banner/guster from atlas minecraft:textures/atlas/banner_patterns.png, already defined in atlas minecraft:textures/atlas/blocks.png. This will be rejected in a future version
[19:25:29] [Render thread/WARN]: Duplicate sprite minecraft:entity/shield/diagonal_left from atlas minecraft:textures/atlas/blocks.png, already defined in atlas minecraft:textures/atlas/shield_patterns.png. This will be rejected in a future version
[19:25:29] [Render thread/WARN]: Duplicate sprite minecraft:entity/shulker/shulker_pink from atlas minecraft:textures/atlas/blocks.png, already defined in atlas minecraft:textures/atlas/shulker_boxes.png. This will be rejected in a future version
[19:25:29] [Render thread/WARN]: Duplicate sprite minecraft:entity/decorated_pot/archer_pottery_pattern from atlas minecraft:textures/atlas/decorated_pot.png, already defined in atlas minecraft:textures/atlas/blocks.png. This will be rejected in a future version
[19:25:29] [Render thread/WARN]: Duplicate sprite minecraft:entity/banner/piglin from atlas minecraft:textures/atlas/blocks.png, already defined in atlas minecraft:textures/atlas/banner_patterns.png. This will be rejected in a future version
[19:25:29] [Render thread/WARN]: Duplicate sprite minecraft:entity/banner/banner_base from atlas minecraft:textures/atlas/banner_patterns.png, already defined in atlas minecraft:textures/atlas/blocks.png. This will be rejected in a future version
[19:25:29] [Render thread/WARN]: Duplicate sprite minecraft:entity/chest/copper_oxidized_left from atlas minecraft:textures/atlas/blocks.png, already defined in atlas minecraft:textures/atlas/chest.png. This will be rejected in a future version
[19:25:29] [Render thread/WARN]: Duplicate sprite netmusic:slot/music_cd_slot from atlas minecraft:textures/atlas/gui.png, already defined in atlas minecraft:textures/atlas/blocks.png. This will be rejected in a future version
[19:25:29] [Render thread/WARN]: Duplicate sprite minecraft:entity/banner/triangles_bottom from atlas minecraft:textures/atlas/banner_patterns.png, already defined in atlas minecraft:textures/atlas/blocks.png. This will be rejected in a future version
[19:25:29] [Render thread/WARN]: Duplicate sprite minecraft:entity/chest/copper_left from atlas minecraft:textures/atlas/chest.png, already defined in atlas minecraft:textures/atlas/blocks.png. This will be rejected in a future version
[19:25:29] [Render thread/WARN]: Duplicate sprite minecraft:entity/decorated_pot/miner_pottery_pattern from atlas minecraft:textures/atlas/blocks.png, already defined in atlas minecraft:textures/atlas/decorated_pot.png. This will be rejected in a future version
[19:25:29] [Render thread/WARN]: Duplicate sprite minecraft:entity/shield/circle from atlas minecraft:textures/atlas/blocks.png, already defined in atlas minecraft:textures/atlas/shield_patterns.png. This will be rejected in a future version
[19:25:29] [Render thread/WARN]: Duplicate sprite minecraft:entity/shield/gradient from atlas minecraft:textures/atlas/blocks.png, already defined in atlas minecraft:textures/atlas/shield_patterns.png. This will be rejected in a future version
[19:25:29] [Render thread/WARN]: Duplicate sprite minecraft:entity/bed/black from atlas minecraft:textures/atlas/blocks.png, already defined in atlas minecraft:textures/atlas/beds.png. This will be rejected in a future version
[19:25:29] [Render thread/WARN]: Duplicate sprite minecraft:entity/banner/stripe_left from atlas minecraft:textures/atlas/banner_patterns.png, already defined in atlas minecraft:textures/atlas/blocks.png. This will be rejected in a future version
[19:25:29] [Render thread/WARN]: Duplicate sprite minecraft:entity/banner/triangle_top from atlas minecraft:textures/atlas/blocks.png, already defined in atlas minecraft:textures/atlas/banner_patterns.png. This will be rejected in a future version
[19:25:29] [Render thread/WARN]: Duplicate sprite minecraft:entity/bed/light_gray from atlas minecraft:textures/atlas/blocks.png, already defined in atlas minecraft:textures/atlas/beds.png. This will be rejected in a future version
[19:25:29] [Render thread/WARN]: Duplicate sprite minecraft:entity/shield/cross from atlas minecraft:textures/atlas/blocks.png, already defined in atlas minecraft:textures/atlas/shield_patterns.png. This will be rejected in a future version
[19:25:29] [Render thread/WARN]: Duplicate sprite minecraft:entity/shield/square_bottom_left from atlas minecraft:textures/atlas/shield_patterns.png, already defined in atlas minecraft:textures/atlas/blocks.png. This will be rejected in a future version
[19:25:29] [Render thread/WARN]: Duplicate sprite mekanism:entity/armor/mekatool from atlas minecraft:textures/atlas/blocks.png, already defined in atlas minecraft:textures/atlas/items.png. This will be rejected in a future version
[19:25:29] [Render thread/WARN]: Duplicate sprite minecraft:entity/signs/pale_oak from atlas minecraft:textures/atlas/blocks.png, already defined in atlas minecraft:textures/atlas/signs.png. This will be rejected in a future version
[19:25:29] [Render thread/WARN]: Duplicate sprite minecraft:entity/banner/stripe_right from atlas minecraft:textures/atlas/banner_patterns.png, already defined in atlas minecraft:textures/atlas/blocks.png. This will be rejected in a future version
[19:25:29] [Render thread/WARN]: Duplicate sprite minecraft:entity/decorated_pot/mourner_pottery_pattern from atlas minecraft:textures/atlas/decorated_pot.png, already defined in atlas minecraft:textures/atlas/blocks.png. This will be rejected in a future version
[19:25:29] [Render thread/WARN]: Duplicate sprite minecraft:entity/signs/spruce from atlas minecraft:textures/atlas/signs.png, already defined in atlas minecraft:textures/atlas/blocks.png. This will be rejected in a future version
[19:25:29] [Render thread/WARN]: Duplicate sprite minecraft:entity/banner/rhombus from atlas minecraft:textures/atlas/blocks.png, already defined in atlas minecraft:textures/atlas/banner_patterns.png. This will be rejected in a future version
[19:25:29] [Render thread/WARN]: Duplicate sprite minecraft:entity/shulker/shulker_green from atlas minecraft:textures/atlas/shulker_boxes.png, already defined in atlas minecraft:textures/atlas/blocks.png. This will be rejected in a future version
[19:25:29] [Render thread/WARN]: Duplicate sprite minecraft:entity/shield/curly_border from atlas minecraft:textures/atlas/shield_patterns.png, already defined in atlas minecraft:textures/atlas/blocks.png. This will be rejected in a future version
[19:25:29] [Render thread/WARN]: Duplicate sprite minecraft:entity/shulker/spark from atlas minecraft:textures/atlas/blocks.png, already defined in atlas minecraft:textures/atlas/shulker_boxes.png. This will be rejected in a future version
[19:25:29] [Render thread/WARN]: Duplicate sprite minecraft:entity/shulker/shulker_red from atlas minecraft:textures/atlas/shulker_boxes.png, already defined in atlas minecraft:textures/atlas/blocks.png. This will be rejected in a future version
[19:25:29] [Render thread/WARN]: Duplicate sprite mekanism:entity/armor/mekasuit_armor_exoskeleton from atlas minecraft:textures/atlas/items.png, already defined in atlas minecraft:textures/atlas/blocks.png. This will be rejected in a future version
[19:25:29] [Render thread/WARN]: Duplicate sprite minecraft:entity/decorated_pot/burn_pottery_pattern from atlas minecraft:textures/atlas/decorated_pot.png, already defined in atlas minecraft:textures/atlas/blocks.png. This will be rejected in a future version
[19:25:29] [Render thread/WARN]: Duplicate sprite minecraft:entity/bed/yellow from atlas minecraft:textures/atlas/blocks.png, already defined in atlas minecraft:textures/atlas/beds.png. This will be rejected in a future version
[19:25:29] [Render thread/WARN]: Duplicate sprite minecraft:entity/signs/hanging/spruce from atlas minecraft:textures/atlas/blocks.png, already defined in atlas minecraft:textures/atlas/signs.png. This will be rejected in a future version
[19:25:29] [Render thread/WARN]: Duplicate sprite minecraft:entity/shield/stripe_left from atlas minecraft:textures/atlas/shield_patterns.png, already defined in atlas minecraft:textures/atlas/blocks.png. This will be rejected in a future version
[19:25:29] [Render thread/WARN]: Duplicate sprite minecraft:entity/decorated_pot/skull_pottery_pattern from atlas minecraft:textures/atlas/blocks.png, already defined in atlas minecraft:textures/atlas/decorated_pot.png. This will be rejected in a future version
[19:25:29] [Render thread/WARN]: Duplicate sprite minecraft:entity/signs/hanging/dark_oak from atlas minecraft:textures/atlas/signs.png, already defined in atlas minecraft:textures/atlas/blocks.png. This will be rejected in a future version
[19:25:29] [Render thread/WARN]: Duplicate sprite minecraft:entity/banner/half_vertical from atlas minecraft:textures/atlas/banner_patterns.png, already defined in atlas minecraft:textures/atlas/blocks.png. This will be rejected in a future version
[19:25:29] [Render thread/WARN]: Duplicate sprite minecraft:entity/decorated_pot/angler_pottery_pattern from atlas minecraft:textures/atlas/decorated_pot.png, already defined in atlas minecraft:textures/atlas/blocks.png. This will be rejected in a future version
[19:25:29] [Render thread/WARN]: Duplicate sprite minecraft:entity/banner/globe from atlas minecraft:textures/atlas/blocks.png, already defined in atlas minecraft:textures/atlas/banner_patterns.png. This will be rejected in a future version
[19:25:29] [Render thread/WARN]: Duplicate sprite minecraft:entity/shulker/shulker_cyan from atlas minecraft:textures/atlas/blocks.png, already defined in atlas minecraft:textures/atlas/shulker_boxes.png. This will be rejected in a future version
[19:25:29] [Render thread/WARN]: Duplicate sprite minecraft:entity/chest/copper_exposed_left from atlas minecraft:textures/atlas/blocks.png, already defined in atlas minecraft:textures/atlas/chest.png. This will be rejected in a future version
[19:25:29] [Render thread/WARN]: Duplicate sprite minecraft:entity/signs/mangrove from atlas minecraft:textures/atlas/signs.png, already defined in atlas minecraft:textures/atlas/blocks.png. This will be rejected in a future version
[19:25:29] [Render thread/WARN]: Duplicate sprite minecraft:entity/signs/crimson from atlas minecraft:textures/atlas/signs.png, already defined in atlas minecraft:textures/atlas/blocks.png. This will be rejected in a future version
[19:25:29] [Render thread/WARN]: Duplicate sprite mekanism:entity/armor/mekasuit_player from atlas minecraft:textures/atlas/items.png, already defined in atlas minecraft:textures/atlas/blocks.png. This will be rejected in a future version
[19:25:29] [Render thread/WARN]: Duplicate sprite minecraft:entity/shield/half_horizontal_bottom from atlas minecraft:textures/atlas/shield_patterns.png, already defined in atlas minecraft:textures/atlas/blocks.png. This will be rejected in a future version
[19:25:29] [Render thread/WARN]: Duplicate sprite minecraft:entity/shield/square_bottom_right from atlas minecraft:textures/atlas/blocks.png, already defined in atlas minecraft:textures/atlas/shield_patterns.png. This will be rejected in a future version
[19:25:29] [Render thread/WARN]: Duplicate sprite minecraft:entity/bed/brown from atlas minecraft:textures/atlas/blocks.png, already defined in atlas minecraft:textures/atlas/beds.png. This will be rejected in a future version
[19:25:29] [Render thread/WARN]: Duplicate sprite minecraft:entity/shield/diagonal_up_right from atlas minecraft:textures/atlas/shield_patterns.png, already defined in atlas minecraft:textures/atlas/blocks.png. This will be rejected in a future version
[19:25:29] [Render thread/WARN]: Duplicate sprite minecraft:entity/signs/hanging/crimson from atlas minecraft:textures/atlas/blocks.png, already defined in atlas minecraft:textures/atlas/signs.png. This will be rejected in a future version
[19:25:29] [Render thread/WARN]: Duplicate sprite minecraft:entity/chest/normal_right from atlas minecraft:textures/atlas/chest.png, already defined in atlas minecraft:textures/atlas/blocks.png. This will be rejected in a future version
[19:25:29] [Render thread/WARN]: Duplicate sprite minecraft:entity/decorated_pot/blade_pottery_pattern from atlas minecraft:textures/atlas/decorated_pot.png, already defined in atlas minecraft:textures/atlas/blocks.png. This will be rejected in a future version
[19:25:29] [Render thread/WARN]: Duplicate sprite minecraft:entity/signs/bamboo from atlas minecraft:textures/atlas/signs.png, already defined in atlas minecraft:textures/atlas/blocks.png. This will be rejected in a future version
[19:25:29] [Render thread/WARN]: Duplicate sprite minecraft:entity/bed/white from atlas minecraft:textures/atlas/beds.png, already defined in atlas minecraft:textures/atlas/blocks.png. This will be rejected in a future version
[19:25:29] [Render thread/WARN]: Duplicate sprite minecraft:entity/decorated_pot/decorated_pot_side from atlas minecraft:textures/atlas/blocks.png, already defined in atlas minecraft:textures/atlas/decorated_pot.png. This will be rejected in a future version
[19:25:29] [Render thread/WARN]: Duplicate sprite minecraft:entity/signs/hanging/mangrove from atlas minecraft:textures/atlas/signs.png, already defined in atlas minecraft:textures/atlas/blocks.png. This will be rejected in a future version
[19:25:29] [Render thread/WARN]: Duplicate sprite minecraft:entity/signs/hanging/bamboo from atlas minecraft:textures/atlas/blocks.png, already defined in atlas minecraft:textures/atlas/signs.png. This will be rejected in a future version
[19:25:29] [Render thread/WARN]: Duplicate sprite minecraft:entity/banner/flow from atlas minecraft:textures/atlas/banner_patterns.png, already defined in atlas minecraft:textures/atlas/blocks.png. This will be rejected in a future version
[19:25:29] [Render thread/WARN]: Duplicate sprite minecraft:entity/shield/straight_cross from atlas minecraft:textures/atlas/blocks.png, already defined in atlas minecraft:textures/atlas/shield_patterns.png. This will be rejected in a future version
[19:25:29] [Render thread/WARN]: Duplicate sprite minecraft:entity/shulker/shulker_purple from atlas minecraft:textures/atlas/shulker_boxes.png, already defined in atlas minecraft:textures/atlas/blocks.png. This will be rejected in a future version
[19:25:29] [Render thread/WARN]: Duplicate sprite minecraft:entity/signs/birch from atlas minecraft:textures/atlas/signs.png, already defined in atlas minecraft:textures/atlas/blocks.png. This will be rejected in a future version
[19:25:29] [Render thread/WARN]: Duplicate sprite minecraft:entity/chest/trapped from atlas minecraft:textures/atlas/chest.png, already defined in atlas minecraft:textures/atlas/blocks.png. This will be rejected in a future version
[19:25:29] [Render thread/WARN]: Duplicate sprite mekanismtools:entity/shield/steel from atlas minecraft:textures/atlas/shield_patterns.png, already defined in atlas minecraft:textures/atlas/blocks.png. This will be rejected in a future version
[19:25:29] [Render thread/WARN]: Duplicate sprite caupona:entity/signs/walnut from atlas minecraft:textures/atlas/blocks.png, already defined in atlas minecraft:textures/atlas/signs.png. This will be rejected in a future version
[19:25:29] [Render thread/WARN]: Duplicate sprite minecraft:entity/banner/stripe_middle from atlas minecraft:textures/atlas/banner_patterns.png, already defined in atlas minecraft:textures/atlas/blocks.png. This will be rejected in a future version
[19:25:29] [Render thread/WARN]: Duplicate sprite minecraft:entity/banner/base from atlas minecraft:textures/atlas/banner_patterns.png, already defined in atlas minecraft:textures/atlas/blocks.png. This will be rejected in a future version
[19:25:29] [Render thread/WARN]: Duplicate sprite minecraft:entity/shulker/shulker_light_blue from atlas minecraft:textures/atlas/shulker_boxes.png, already defined in atlas minecraft:textures/atlas/blocks.png. This will be rejected in a future version
[19:25:29] [Render thread/WARN]: Duplicate sprite minecraft:entity/decorated_pot/sheaf_pottery_pattern from atlas minecraft:textures/atlas/blocks.png, already defined in atlas minecraft:textures/atlas/decorated_pot.png. This will be rejected in a future version
[19:25:29] [Render thread/WARN]: Duplicate sprite minecraft:entity/signs/cherry from atlas minecraft:textures/atlas/blocks.png, already defined in atlas minecraft:textures/atlas/signs.png. This will be rejected in a future version
[19:25:29] [Render thread/WARN]: Duplicate sprite minecraft:entity/shield/shield_base from atlas minecraft:textures/atlas/blocks.png, already defined in atlas minecraft:textures/atlas/shield_patterns.png. This will be rejected in a future version
[19:25:29] [Render thread/WARN]: Duplicate sprite mekanism:entity/armor/blank from atlas minecraft:textures/atlas/items.png, already defined in atlas minecraft:textures/atlas/blocks.png. This will be rejected in a future version
[19:25:29] [Render thread/WARN]: Duplicate sprite minecraft:entity/chest/copper_exposed from atlas minecraft:textures/atlas/blocks.png, already defined in atlas minecraft:textures/atlas/chest.png. This will be rejected in a future version
[19:25:29] [Render thread/WARN]: Duplicate sprite minecraft:entity/banner/stripe_downright from atlas minecraft:textures/atlas/banner_patterns.png, already defined in atlas minecraft:textures/atlas/blocks.png. This will be rejected in a future version
[19:25:29] [Render thread/WARN]: Duplicate sprite minecraft:entity/banner/gradient_up from atlas minecraft:textures/atlas/blocks.png, already defined in atlas minecraft:textures/atlas/banner_patterns.png. This will be rejected in a future version
[19:25:29] [Render thread/WARN]: Duplicate sprite mekanism:entity/armor/mekasuit_armor_body from atlas minecraft:textures/atlas/blocks.png, already defined in atlas minecraft:textures/atlas/items.png. This will be rejected in a future version
[19:25:29] [Render thread/WARN]: Duplicate sprite mekanismtools:entity/shield/osmium from atlas minecraft:textures/atlas/blocks.png, already defined in atlas minecraft:textures/atlas/shield_patterns.png. This will be rejected in a future version
[19:25:29] [Render thread/WARN]: Duplicate sprite minecraft:entity/decorated_pot/shelter_pottery_pattern from atlas minecraft:textures/atlas/blocks.png, already defined in atlas minecraft:textures/atlas/decorated_pot.png. This will be rejected in a future version
[19:25:29] [Render thread/WARN]: Duplicate sprite minecraft:entity/shield/gradient_up from atlas minecraft:textures/atlas/shield_patterns.png, already defined in atlas minecraft:textures/atlas/blocks.png. This will be rejected in a future version
[19:25:29] [Render thread/WARN]: Duplicate sprite minecraft:entity/chest/trapped_right from atlas minecraft:textures/atlas/chest.png, already defined in atlas minecraft:textures/atlas/blocks.png. This will be rejected in a future version
[19:25:29] [Render thread/WARN]: Duplicate sprite minecraft:entity/shield/stripe_right from atlas minecraft:textures/atlas/shield_patterns.png, already defined in atlas minecraft:textures/atlas/blocks.png. This will be rejected in a future version
[19:25:29] [Render thread/WARN]: Duplicate sprite minecraft:entity/shield/stripe_middle from atlas minecraft:textures/atlas/blocks.png, already defined in atlas minecraft:textures/atlas/shield_patterns.png. This will be rejected in a future version
[19:25:29] [Render thread/WARN]: Duplicate sprite minecraft:entity/signs/hanging/warped from atlas minecraft:textures/atlas/signs.png, already defined in atlas minecraft:textures/atlas/blocks.png. This will be rejected in a future version
[19:25:29] [Render thread/WARN]: Duplicate sprite minecraft:entity/banner/stripe_top from atlas minecraft:textures/atlas/banner_patterns.png, already defined in atlas minecraft:textures/atlas/blocks.png. This will be rejected in a future version
[19:25:29] [Render thread/WARN]: Duplicate sprite minecraft:entity/shield/skull from atlas minecraft:textures/atlas/shield_patterns.png, already defined in atlas minecraft:textures/atlas/blocks.png. This will be rejected in a future version
[19:25:29] [Render thread/WARN]: Duplicate sprite minecraft:entity/chest/copper_exposed_right from atlas minecraft:textures/atlas/blocks.png, already defined in atlas minecraft:textures/atlas/chest.png. This will be rejected in a future version
[19:25:29] [Render thread/WARN]: Duplicate sprite minecraft:entity/shulker/shulker_magenta from atlas minecraft:textures/atlas/blocks.png, already defined in atlas minecraft:textures/atlas/shulker_boxes.png. This will be rejected in a future version
[19:25:29] [Render thread/WARN]: Duplicate sprite mekanism:entity/armor/mekasuit_elytra from atlas minecraft:textures/atlas/items.png, already defined in atlas minecraft:textures/atlas/blocks.png. This will be rejected in a future version
[19:25:29] [Render thread/WARN]: Duplicate sprite minecraft:entity/signs/hanging/acacia from atlas minecraft:textures/atlas/signs.png, already defined in atlas minecraft:textures/atlas/blocks.png. This will be rejected in a future version
[19:25:29] [Render thread/WARN]: Duplicate sprite minecraft:entity/banner/half_vertical_right from atlas minecraft:textures/atlas/blocks.png, already defined in atlas minecraft:textures/atlas/banner_patterns.png. This will be rejected in a future version
[19:25:29] [Render thread/INFO]: Font 'Noto Sans' failed to load or invalid
[19:25:29] [Render thread/INFO]: Font 'San Francisco' failed to load or invalid
[19:25:29] [Render thread/INFO]: Font 'Open Sans' failed to load or invalid
[19:25:29] [Render thread/INFO]: Font 'STHeiti' failed to load or invalid
[19:25:29] [Render thread/INFO]: Reloaded typeface: FontCollection{mFamilies=[Google Noto Color Emoji, Inter Frozen Medium, Source Han Sans CN Medium, Segoe UI Variable, Segoe UI, SimHei, Segoe UI Symbol, mui-i18n-compat], mExclusiveEastAsianBits=null}
[19:25:29] [Render thread/INFO]: Reloaded glyph manager
[19:25:29] [Render thread/INFO]: Reloaded text layout engine, res level: 2 to 2, locale: zh_CN, layout RTL: false
[19:25:29] [Render thread/INFO]: Loaded 0 entity animations
[19:25:29] [Render thread/INFO]: Loaded 26 models and 18 animations from resources
[19:25:29] [Render thread/INFO]: Preloaded 34 guide markdown files
[19:25:29] [Render thread/INFO]: Loaded 2 structure template(s) from assets/ageratum/
[19:25:36] [Render thread/INFO]: Custom pack loading time: 6565.487 ms
[19:25:36] [Render thread/INFO]: Created: 256x256x0 jei:textures/atlas/gui.png-atlas
[19:25:36] [Render thread/INFO]: Updating language map
[19:25:36] [Render thread/INFO]: Initializing framebuffers of RenderStateCapture
[19:25:36] [Render thread/INFO]: [AAAParticles] Initializing global Effekseer managers
[19:25:36] [Render thread/ERROR]: OpenGL debug message: id=1280, source=API, type=ERROR, severity=HIGH, message='Error has been generated. GL error GL_INVALID_ENUM in (null): (ID: 173538523) Generic error'
java.lang.RuntimeException
	at TRANSFORMER/minecraft@26.1.2/com.mojang.blaze3d.opengl.GlDebug.wrapOperation$zdi000$ageratum$avoidSpam(GlDebug.java:528)
	at TRANSFORMER/minecraft@26.1.2/com.mojang.blaze3d.opengl.GlDebug.wrapOperation$zdi000$ageratum$avoidSpam$mixinextras$bridge$10(GlDebug.java)
	at TRANSFORMER/minecraft@26.1.2/com.mojang.blaze3d.opengl.GlDebug.printDebugLog(GlDebug.java:105)
	at TRANSFORMER/aaa_particles@2.2.1-beta.2/Effekseer.swig.EffekseerCoreJNI.EffekseerManagerCore_Initialize__SWIG_1(Native Method)
	at TRANSFORMER/aaa_particles@2.2.1-beta.2/Effekseer.swig.EffekseerManagerCore.Initialize(EffekseerManagerCore.java:60)
	at TRANSFORMER/aaa_particles@2.2.1-beta.2/mod.chloeprime.aaaparticles.api.client.effekseer.EffekseerManager.init(EffekseerManager.java:27)
	at TRANSFORMER/aaa_particles@2.2.1-beta.2/mod.chloeprime.aaaparticles.api.client.EffectDefinition.initGlobalManagers(EffectDefinition.java:398)
	at com.google.common.base.Suppliers$NonSerializableMemoizingSupplier.get(Suppliers.java:201)
	at TRANSFORMER/aaa_particles@2.2.1-beta.2/mod.chloeprime.aaaparticles.api.client.EffectDefinition.tryInitGlobalManagers(EffectDefinition.java:284)
	at TRANSFORMER/aaa_particles@2.2.1-beta.2/mod.chloeprime.aaaparticles.client.loader.EffekAssetLoader.lambda$apply$0(EffekAssetLoader.java:225)
	at TRANSFORMER/aaa_particles@2.2.1-beta.2/mod.chloeprime.aaaparticles.client.render.RenderUtil.lambda$runPixelStoreCodeHealthily$0(RenderUtil.java:170)
	at TRANSFORMER/aaa_particles@2.2.1-beta.2/mod.chloeprime.aaaparticles.client.render.RenderUtil.runPixelStoreCodeSafely(RenderUtil.java:157)
	at TRANSFORMER/aaa_particles@2.2.1-beta.2/mod.chloeprime.aaaparticles.client.render.RenderUtil.runPixelStoreCodeHealthily(RenderUtil.java:166)
	at TRANSFORMER/aaa_particles@2.2.1-beta.2/mod.chloeprime.aaaparticles.client.loader.EffekAssetLoader.apply(EffekAssetLoader.java:224)
	at TRANSFORMER/aaa_particles@2.2.1-beta.2/mod.chloeprime.aaaparticles.client.loader.EffekAssetLoader.apply(EffekAssetLoader.java:46)
	at TRANSFORMER/minecraft@26.1.2/net.minecraft.server.packs.resources.SimplePreparableReloadListener.lambda$reload$1(SimplePreparableReloadListener.java:19)
	at java.base/java.util.concurrent.CompletableFuture$UniAccept.tryFire(CompletableFuture.java:739)
	at java.base/java.util.concurrent.CompletableFuture$Completion.run(CompletableFuture.java:503)
	at TRANSFORMER/minecraft@26.1.2/net.minecraft.server.packs.resources.SimpleReloadInstance.lambda$prepareTasks$3(SimpleReloadInstance.java:75)
	at TRANSFORMER/minecraft@26.1.2/net.minecraft.util.thread.BlockableEventLoop.doRunTask(BlockableEventLoop.java:163)
	at TRANSFORMER/minecraft@26.1.2/net.minecraft.util.thread.ReentrantBlockableEventLoop.doRunTask(ReentrantBlockableEventLoop.java:24)
	at TRANSFORMER/minecraft@26.1.2/net.minecraft.util.thread.BlockableEventLoop.pollTask(BlockableEventLoop.java:137)
	at TRANSFORMER/minecraft@26.1.2/net.minecraft.util.thread.BlockableEventLoop.runAllTasks(BlockableEventLoop.java:121)
	at TRANSFORMER/minecraft@26.1.2/net.minecraft.client.Minecraft.runTick(Minecraft.java:1293)
	at TRANSFORMER/minecraft@26.1.2/net.minecraft.client.Minecraft.run(Minecraft.java:937)
	at TRANSFORMER/minecraft@26.1.2/net.minecraft.client.main.Main.main(Main.java:246)
	at net.neoforged.fml.startup.Client.main(Client.java:19)
	at java.base/jdk.internal.reflect.DirectMethodHandleAccessor.invoke(DirectMethodHandleAccessor.java:104)
	at java.base/java.lang.reflect.Method.invoke(Method.java:565)
	at io.github.zekerzhayard.forgewrapper.installer.Main.main(Main.java:67)
	at java.base/jdk.internal.reflect.DirectMethodHandleAccessor.invoke(DirectMethodHandleAccessor.java:104)
	at java.base/java.lang.reflect.Method.invoke(Method.java:565)
	at org.jackhuang.hmcl.HMCLMultiMCBootstrap.launch(HMCLMultiMCBootstrap.java:80)
	at org.jackhuang.hmcl.HMCLMultiMCBootstrap.launchV1(HMCLMultiMCBootstrap.java:54)
	at org.jackhuang.hmcl.HMCLMultiMCBootstrap.main(HMCLMultiMCBootstrap.java:46)
[19:25:37] [Render thread/INFO]: Initializing main Effekseer manager with 203853 instance counts
[19:25:37] [Render thread/INFO]: Checking for Distant Horizons update
[19:25:39] [Render thread/INFO]: Distant Horizons already up to date.
[19:25:39] [Render thread/INFO]: Reloaded glyph manager
[19:25:39] [Render thread/INFO]: Reloaded text layout engine, res level: 2 to 2, locale: zh_CN, layout RTL: false
[19:27:17] [Render thread/INFO]: Reloaded text layout engine, res level: 2 to 5, locale: zh_CN, layout RTL: false
[19:27:22] [Render thread/INFO]: This line is printed by an example mixin!
[19:27:28] [Render thread/INFO]: Connecting to 2026-test.teacon.cn, 25565
[19:27:31] [Render thread/WARN]: Error reading optional pack metadata for mod/minopp, attempting fallback type
com.google.gson.JsonParseException: Pack declares support for version newer than 81, but is missing mandatory fields min_format and max_format
	at com.mojang.serialization.DataResult$Error.getOrThrow(DataResult.java:287)
	at TRANSFORMER/minecraft@26.1.2/net.minecraft.server.packs.resources.ResourceMetadata$2.getSection(ResourceMetadata.java:39)
	at TRANSFORMER/minecraft@26.1.2/net.minecraft.server.packs.AbstractPackResources.getMetadataSection(AbstractPackResources.java:24)
	at TRANSFORMER/neoforge@26.1.2.75/net.neoforged.neoforge.resource.ResourcePackLoader.readMeta(ResourcePackLoader.java:202)
	at TRANSFORMER/neoforge@26.1.2.75/net.neoforged.neoforge.resource.ResourcePackLoader.readWithOptionalMeta(ResourcePackLoader.java:193)
	at TRANSFORMER/neoforge@26.1.2.75/net.neoforged.neoforge.resource.ResourcePackLoader.packFinder(ResourcePackLoader.java:134)
	at TRANSFORMER/neoforge@26.1.2.75/net.neoforged.neoforge.resource.ResourcePackLoader.lambda$buildPackFinder$0(ResourcePackLoader.java:97)
	at TRANSFORMER/minecraft@26.1.2/net.minecraft.server.packs.repository.PackRepository.discoverAvailable(PackRepository.java:45)
	at TRANSFORMER/minecraft@26.1.2/net.minecraft.server.packs.repository.PackRepository.reload(PackRepository.java:35)
	at TRANSFORMER/minecraft@26.1.2/net.minecraft.client.multiplayer.KnownPacksManager.<init>(KnownPacksManager.java:25)
	at TRANSFORMER/minecraft@26.1.2/net.minecraft.client.multiplayer.ClientConfigurationPacketListenerImpl.handleSelectKnownPacks(ClientConfigurationPacketListenerImpl.java:112)
	at TRANSFORMER/minecraft@26.1.2/net.minecraft.network.protocol.configuration.ClientboundSelectKnownPacks.handle(ClientboundSelectKnownPacks.java:22)
	at TRANSFORMER/minecraft@26.1.2/net.minecraft.network.protocol.configuration.ClientboundSelectKnownPacks.handle(ClientboundSelectKnownPacks.java:11)
	at TRANSFORMER/minecraft@26.1.2/net.minecraft.network.PacketProcessor$ListenerAndPacket.handle(PacketProcessor.java:64)
	at TRANSFORMER/minecraft@26.1.2/net.minecraft.network.PacketProcessor.processQueuedPackets(PacketProcessor.java:50)
	at TRANSFORMER/minecraft@26.1.2/net.minecraft.client.Minecraft.runTick(Minecraft.java:1291)
	at TRANSFORMER/minecraft@26.1.2/net.minecraft.client.Minecraft.run(Minecraft.java:937)
	at TRANSFORMER/minecraft@26.1.2/net.minecraft.client.main.Main.main(Main.java:246)
	at net.neoforged.fml.startup.Client.main(Client.java:19)
	at java.base/jdk.internal.reflect.DirectMethodHandleAccessor.invoke(DirectMethodHandleAccessor.java:104)
	at java.base/java.lang.reflect.Method.invoke(Method.java:565)
	at io.github.zekerzhayard.forgewrapper.installer.Main.main(Main.java:67)
	at java.base/jdk.internal.reflect.DirectMethodHandleAccessor.invoke(DirectMethodHandleAccessor.java:104)
	at java.base/java.lang.reflect.Method.invoke(Method.java:565)
	at org.jackhuang.hmcl.HMCLMultiMCBootstrap.launch(HMCLMultiMCBootstrap.java:80)
	at org.jackhuang.hmcl.HMCLMultiMCBootstrap.launchV1(HMCLMultiMCBootstrap.java:54)
	at org.jackhuang.hmcl.HMCLMultiMCBootstrap.main(HMCLMultiMCBootstrap.java:46)
[19:27:32] [Render thread/WARN]: Missing item model for location minecartrevolution:wet_sponge
[19:27:32] [Render thread/WARN]: Missing item model for location minecartrevolution:minecart_copper_chest
[19:27:32] [Render thread/WARN]: Missing item model for location minecartrevolution:blast_furnace
[19:27:32] [Render thread/WARN]: Missing item model for location minecartrevolution:smoker
[19:27:32] [Render thread/WARN]: Missing item model for location minecartrevolution:minecart_cobweb
[19:27:32] [Render thread/WARN]: Missing item model for location minecartrevolution:minecart_smithing_table
[19:27:32] [Render thread/WARN]: Missing item model for location minecartrevolution:minecart_crafting_table
[19:27:32] [Render thread/WARN]: Missing item model for location minecartrevolution:minecart_stonecutter
[19:27:32] [Render thread/WARN]: Missing item model for location minecartrevolution:minecart_loom
[19:27:32] [Render thread/WARN]: Missing item model for location minecartrevolution:minecart_cartography_table
[19:27:32] [Render thread/WARN]: Missing item model for location minecartrevolution:minecart_grindstone
[19:27:32] [Render thread/WARN]: Missing item model for location minecartrevolution:minecart_anvil
[19:27:32] [Render thread/WARN]: Missing item model for location minecartrevolution:minecart_enchanting_table
[19:27:32] [Render thread/WARN]: Missing item model for location minecartrevolution:minecart_ender_chest
[19:27:32] [Render thread/WARN]: Missing item model for location minecartrevolution:minecart_beacon
[19:27:32] [Render thread/WARN]: Missing item model for location minecartrevolution:minecart_dispenser
[19:27:32] [Render thread/WARN]: Missing item model for location minecartrevolution:minecart_water
[19:27:32] [Render thread/WARN]: Missing item model for location minecartrevolution:minecart_lava
[19:27:32] [Render thread/WARN]: Missing item model for location minecartrevolution:minecart_magnet
[19:27:32] [Render thread/WARN]: Missing item model for location minecartrevolution:minecart_mob_head
[19:27:32] [Render thread/WARN]: Missing item model for location minecartrevolution:minecart_sofa
[19:27:32] [Render thread/WARN]: Missing item model for location minecartrevolution:minecart_wool
[19:27:32] [Render thread/WARN]: Missing item model for location minecartrevolution:minecart_nether_portal
[19:27:32] [Render thread/WARN]: Missing item model for location minecartrevolution:minecart_end_portal
[19:27:32] [Render thread/WARN]: Missing item model for location minecartrevolution:minecart_obsidian
[19:27:32] [Render thread/WARN]: Missing item model for location minecartrevolution:minecart_amethyst
[19:27:32] [Render thread/WARN]: Missing item model for location minecartrevolution:minecart_ant
[19:27:32] [Render thread/WARN]: Missing item model for location minecartrevolution:minecart_honey
[19:27:32] [Render thread/WARN]: Missing item model for location minecartrevolution:minecart_piston
[19:27:32] [Render thread/WARN]: Missing item model for location minecartrevolution:normal_rail
[19:27:32] [Render thread/WARN]: Missing item model for location minecartrevolution:decector_rail
[19:27:32] [Render thread/WARN]: Missing item model for location minecartrevolution:acticator_rail
[19:27:32] [Render thread/WARN]: Missing item model for location minecartrevolution:powered_rail
[19:27:32] [Render thread/WARN]: Missing item model for location minecartrevolution:minecart_scaffold
[19:27:32] [Render thread/WARN]: Missing item model for location minecartrevolution:minecart_end_frame
[19:27:32] [Render thread/WARN]: Missing item model for location magic_io:example_block
[19:27:32] [Render thread/WARN]: Missing item model for location magic_io:example_item
[19:27:32] [Render thread/WARN]: Missing item model for location magic_io:zhen_bus
[19:27:32] [Render thread/WARN]: Missing item model for location magic_io:grid_cell_panel
[19:27:32] [Render thread/WARN]: Missing item model for location magic_io:small_sift_zhen
[19:27:32] [Render thread/WARN]: Missing item model for location magic_io:small_dew_zhen
[19:27:32] [Render thread/WARN]: Missing item model for location magic_io:grid_cell
[19:27:32] [Render thread/WARN]: Missing item model for location sip_moment:bar_table
[19:27:32] [Render thread/WARN]: Missing item model for location link_portals:portal_frame
[19:27:32] [Render thread/WARN]: Missing item model for location industrybase:oak_transmission_rod
[19:27:32] [Render thread/WARN]: Missing item model for location industrybase:spruce_transmission_rod
[19:27:32] [Render thread/WARN]: Missing item model for location industrybase:birch_transmission_rod
[19:27:32] [Render thread/WARN]: Missing item model for location industrybase:jungle_transmission_rod
[19:27:32] [Render thread/WARN]: Missing item model for location industrybase:acacia_transmission_rod
[19:27:32] [Render thread/WARN]: Missing item model for location industrybase:dark_oak_transmission_rod
[19:27:32] [Render thread/WARN]: Missing item model for location industrybase:mangrove_transmission_rod
[19:27:32] [Render thread/WARN]: Missing item model for location industrybase:stone_transmission_rod
[19:27:32] [Render thread/WARN]: Missing item model for location industrybase:iron_transmission_rod
[19:27:32] [Render thread/WARN]: Missing item model for location industrybase:gold_transmission_rod
[19:27:32] [Render thread/WARN]: Missing item model for location industrybase:diamond_transmission_rod
[19:27:32] [Render thread/WARN]: Missing item model for location industrybase:cherry_transmission_rod
[19:27:32] [Render thread/WARN]: Missing item model for location industrybase:crimson_transmission_rod
[19:27:32] [Render thread/WARN]: Missing item model for location industrybase:warped_transmission_rod
[19:27:32] [Render thread/WARN]: Missing item model for location industrybase:water_pump
[19:27:32] [Render thread/WARN]: Missing item model for location shengpi:leaderboard
[19:27:32] [Render thread/WARN]: Missing item model for location mekanism:meka_tool
[19:27:32] [Render thread/WARN]: Missing item model for location dh_s_veinminer:tc_vm_stone
[19:27:32] [Render thread/WARN]: Missing item model for location trading_table:trading_table
[19:27:32] [Render thread/WARN]: Missing item model for location trading_table:system_trading_table
[19:27:32] [Render thread/WARN]: Missing item model for location bsf3lite:snowball_rifle
[19:27:32] [Render thread/WARN]: Missing item model for location bsf3lite:powerful_snowball_rifle
[19:27:32] [Render thread/WARN]: Missing item model for location bsf3lite:freezing_snowball_rifle
[19:27:32] [Render thread/WARN]: Missing item model for location minopp:coupon
[19:27:32] [Render thread/WARN]: Method overwrite conflict for getProgress in chatbox.mixins.json:client.ClientAdvancementsAccessor from mod chatbox, previously written by com.renyigesai.bakeries.common.mixin.ClientAdvancementsMixin. Skipping method.
[19:27:33] [Render thread/INFO]: level load
[19:27:33] [Render thread/INFO]: Loading client level [Wrapped{ClientLevel@u2070baqavtc4@minecraft:overworld}]-[u2070baqavtc4@minecraft:overworld].
[19:27:33] [Render thread/INFO]: Client on ClientOnly mode connecting.
[19:27:33] [Render thread/INFO]: Started DhWorld of type CLIENT_ONLY
[19:27:33] [Render thread/INFO]: Loading [1] waiting client level wrappers.
[19:27:33] [Render thread/INFO]: Loading client level [Wrapped{ClientLevel@u2070baqavtc4@minecraft:overworld}]-[u2070baqavtc4@minecraft:overworld].
[19:27:33] [Render thread/WARN]: unable to create data folder.
[19:27:33] [Render thread/INFO]: Running SQL update script: [sqlScripts/0010-sqlite-createInitialDataTables.sql], for repo: [D:\new\.minecraft\versions\TeaCon-v6.1.4\Distant_Horizons_server_data\TeaCon+2026+%E6%B5%8B%E8%AF%95%E6%9C%8D%E5%8A%A1%E5%99%A8\u2070baqavtc4@minecraft@@overworld\DistantHorizons.sqlite]
[19:27:33] [Render thread/INFO]: Running SQL update script: [sqlScripts/0020-sqlite-createFullDataSourceV2Tables.sql], for repo: [D:\new\.minecraft\versions\TeaCon-v6.1.4\Distant_Horizons_server_data\TeaCon+2026+%E6%B5%8B%E8%AF%95%E6%9C%8D%E5%8A%A1%E5%99%A8\u2070baqavtc4@minecraft@@overworld\DistantHorizons.sqlite]
[19:27:33] [Render thread/INFO]: Running SQL update script: [sqlScripts/0030-sqlite-changeTableJournaling.sql], for repo: [D:\new\.minecraft\versions\TeaCon-v6.1.4\Distant_Horizons_server_data\TeaCon+2026+%E6%B5%8B%E8%AF%95%E6%9C%8D%E5%8A%A1%E5%99%A8\u2070baqavtc4@minecraft@@overworld\DistantHorizons.sqlite]
[19:27:33] [Render thread/INFO]: Running SQL update script: [sqlScripts/0031-sqlite-useSqliteWalJournaling.sql], for repo: [D:\new\.minecraft\versions\TeaCon-v6.1.4\Distant_Horizons_server_data\TeaCon+2026+%E6%B5%8B%E8%AF%95%E6%9C%8D%E5%8A%A1%E5%99%A8\u2070baqavtc4@minecraft@@overworld\DistantHorizons.sqlite]
[19:27:33] [Render thread/INFO]: Running SQL update script: [sqlScripts/0040-sqlite-removeRenderCache.sql], for repo: [D:\new\.minecraft\versions\TeaCon-v6.1.4\Distant_Horizons_server_data\TeaCon+2026+%E6%B5%8B%E8%AF%95%E6%9C%8D%E5%8A%A1%E5%99%A8\u2070baqavtc4@minecraft@@overworld\DistantHorizons.sqlite]
[19:27:33] [Render thread/INFO]: Running SQL update script: [sqlScripts/0050-sqlite-addApplyToParentIndex.sql], for repo: [D:\new\.minecraft\versions\TeaCon-v6.1.4\Distant_Horizons_server_data\TeaCon+2026+%E6%B5%8B%E8%AF%95%E6%9C%8D%E5%8A%A1%E5%99%A8\u2070baqavtc4@minecraft@@overworld\DistantHorizons.sqlite]
[19:27:33] [Render thread/INFO]: Running SQL update script: [sqlScripts/0060-sqlite-createChunkHashTable.sql], for repo: [D:\new\.minecraft\versions\TeaCon-v6.1.4\Distant_Horizons_server_data\TeaCon+2026+%E6%B5%8B%E8%AF%95%E6%9C%8D%E5%8A%A1%E5%99%A8\u2070baqavtc4@minecraft@@overworld\DistantHorizons.sqlite]
[19:27:33] [Render thread/INFO]: Running SQL update script: [sqlScripts/0070-sqlite-createBeaconBeamTable.sql], for repo: [D:\new\.minecraft\versions\TeaCon-v6.1.4\Distant_Horizons_server_data\TeaCon+2026+%E6%B5%8B%E8%AF%95%E6%9C%8D%E5%8A%A1%E5%99%A8\u2070baqavtc4@minecraft@@overworld\DistantHorizons.sqlite]
[19:27:33] [Render thread/INFO]: Running SQL update script: [sqlScripts/0080-sqlite-addApplyToChildrenColumn.sql], for repo: [D:\new\.minecraft\versions\TeaCon-v6.1.4\Distant_Horizons_server_data\TeaCon+2026+%E6%B5%8B%E8%AF%95%E6%9C%8D%E5%8A%A1%E5%99%A8\u2070baqavtc4@minecraft@@overworld\DistantHorizons.sqlite]
[19:27:33] [Render thread/INFO]: Running SQL update script: [sqlScripts/0090-sqlite-addAdjacentFullDataColumns.sql], for repo: [D:\new\.minecraft\versions\TeaCon-v6.1.4\Distant_Horizons_server_data\TeaCon+2026+%E6%B5%8B%E8%AF%95%E6%9C%8D%E5%8A%A1%E5%99%A8\u2070baqavtc4@minecraft@@overworld\DistantHorizons.sqlite]
[19:27:33] [Render thread/INFO]: Running SQL update script: [sqlScripts/0100-sqlite-deleteLowDetailDataForRegen.sql], for repo: [D:\new\.minecraft\versions\TeaCon-v6.1.4\Distant_Horizons_server_data\TeaCon+2026+%E6%B5%8B%E8%AF%95%E6%9C%8D%E5%8A%A1%E5%99%A8\u2070baqavtc4@minecraft@@overworld\DistantHorizons.sqlite]
[19:27:33] [DH-Full Data Migration Thread[0]/INFO]: No migration necessary.
[19:27:33] [Render thread/INFO]: Started DHLevel for Wrapped{ClientLevel@u2070baqavtc4@minecraft:overworld} with saves at [ClientOnlySaveStructure@(D:\new\.minecraft\versions\TeaCon-v6.1.4\Distant_Horizons_server_data\TeaCon+2026+%E6%B5%8B%E8%AF%95%E6%9C%8D%E5%8A%A1%E5%99%A8\u2070baqavtc4@minecraft@@overworld)]
[19:27:33] [Render thread/INFO]: Loaded [0] waiting chunk wrappers.
[19:27:33] [Render thread/INFO]: Registering anisum creative mode tab: resin_gun:main with 3 items
[19:27:33] [Render thread/INFO]: Loaded 1 friendship trees
[19:27:33] [Render thread/INFO]: Loaded 47 bedrock animation sources from 16 files
[19:27:33] [Render thread/INFO]: Loaded 6 interaction definitions
[19:27:33] [Render thread/INFO]: Loaded 11 interaction definitions with level
[19:27:33] [Render thread/INFO]: Loaded 1 override definitions
[19:27:33] [Render thread/INFO]: Loaded 25 player animations
[19:27:33] [Render thread/INFO]: Building recipe indices...
[19:27:33] [Render thread/INFO]: Recipe indices built, cost 19.17 ms
[19:27:33] [Render thread/INFO]: Starting JEI...
[19:27:33] [Render thread/INFO]: Registering item subtypes...
[19:27:33] [Render thread/ERROR]: An interpreter is already registered for this: minecraft:decorated_pot
java.lang.IllegalArgumentException
	at TRANSFORMER/jei@29.6.2.31/mezz.jei.library.load.registration.SubtypeRegistration.registerSubtypeInterpreter(SubtypeRegistration.java:33)
	at TRANSFORMER/jei@29.6.2.31/mezz.jei.api.registration.ISubtypeRegistration.registerSubtypeInterpreter(ISubtypeRegistration.java:45)
	at TRANSFORMER/anisum@0.0.1/dev.anvilcraft.resource.anisum.integration.jei.AnisumJeiPlugin.registerItemSubtypes(AnisumJeiPlugin.java:29)
	at TRANSFORMER/jei@29.6.2.31/mezz.jei.library.load.PluginLoader.lambda$registerSubtypes$0(PluginLoader.java:72)
	at TRANSFORMER/jei@29.6.2.31/mezz.jei.library.load.PluginCaller.callOnPlugins(PluginCaller.java:26)
	at TRANSFORMER/jei@29.6.2.31/mezz.jei.library.load.PluginLoader.registerSubtypes(PluginLoader.java:72)
	at TRANSFORMER/jei@29.6.2.31/mezz.jei.library.startup.JeiStarter.start(JeiStarter.java:119)
	at TRANSFORMER/jei@29.6.2.31/mezz.jei.neoforge.startup.StartEventObserver.transitionState(StartEventObserver.java:176)
	at TRANSFORMER/jei@29.6.2.31/mezz.jei.neoforge.startup.StartEventObserver.onEvent(StartEventObserver.java:121)
	at net.neoforged.bus.ConsumerEventHandler.invoke(ConsumerEventHandler.java:27)
	at net.neoforged.bus.EventBus.post(EventBus.java:360)
	at net.neoforged.bus.EventBus.post(EventBus.java:328)
	at TRANSFORMER/neoforge@26.1.2.75/net.neoforged.neoforge.client.network.ClientPayloadHandler.handle(ClientPayloadHandler.java:187)
	at TRANSFORMER/neoforge@26.1.2.75/net.neoforged.neoforge.network.handling.MainThreadPayloadHandler.lambda$handle$0(MainThreadPayloadHandler.java:16)
	at java.base/java.util.concurrent.CompletableFuture$AsyncRun.run(CompletableFuture.java:1825)
	at TRANSFORMER/neoforge@26.1.2.75/net.neoforged.neoforge.network.handling.QueuedPacket$CustomPayload.handle(QueuedPacket.java:17)
	at TRANSFORMER/minecraft@26.1.2/net.minecraft.network.PacketProcessor.processQueuedPackets(PacketProcessor.java:50)
	at TRANSFORMER/minecraft@26.1.2/net.minecraft.client.Minecraft.runTick(Minecraft.java:1291)
	at TRANSFORMER/minecraft@26.1.2/net.minecraft.client.Minecraft.run(Minecraft.java:937)
	at TRANSFORMER/minecraft@26.1.2/net.minecraft.client.main.Main.main(Main.java:246)
	at net.neoforged.fml.startup.Client.main(Client.java:19)
	at java.base/jdk.internal.reflect.DirectMethodHandleAccessor.invoke(DirectMethodHandleAccessor.java:104)
	at java.base/java.lang.reflect.Method.invoke(Method.java:565)
	at io.github.zekerzhayard.forgewrapper.installer.Main.main(Main.java:67)
	at java.base/jdk.internal.reflect.DirectMethodHandleAccessor.invoke(DirectMethodHandleAccessor.java:104)
	at java.base/java.lang.reflect.Method.invoke(Method.java:565)
	at org.jackhuang.hmcl.HMCLMultiMCBootstrap.launch(HMCLMultiMCBootstrap.java:80)
	at org.jackhuang.hmcl.HMCLMultiMCBootstrap.launchV1(HMCLMultiMCBootstrap.java:54)
	at org.jackhuang.hmcl.HMCLMultiMCBootstrap.main(HMCLMultiMCBootstrap.java:46)
[19:27:33] [Render thread/ERROR]: An interpreter is already registered for this: minecraft:light
java.lang.IllegalArgumentException
	at TRANSFORMER/jei@29.6.2.31/mezz.jei.library.load.registration.SubtypeRegistration.registerSubtypeInterpreter(SubtypeRegistration.java:33)
	at TRANSFORMER/jei@29.6.2.31/mezz.jei.api.registration.ISubtypeRegistration.registerSubtypeInterpreter(ISubtypeRegistration.java:45)
	at TRANSFORMER/anisum@0.0.1/dev.anvilcraft.resource.anisum.integration.jei.AnisumJeiPlugin.registerItemSubtypes(AnisumJeiPlugin.java:29)
	at TRANSFORMER/jei@29.6.2.31/mezz.jei.library.load.PluginLoader.lambda$registerSubtypes$0(PluginLoader.java:72)
	at TRANSFORMER/jei@29.6.2.31/mezz.jei.library.load.PluginCaller.callOnPlugins(PluginCaller.java:26)
	at TRANSFORMER/jei@29.6.2.31/mezz.jei.library.load.PluginLoader.registerSubtypes(PluginLoader.java:72)
	at TRANSFORMER/jei@29.6.2.31/mezz.jei.library.startup.JeiStarter.start(JeiStarter.java:119)
	at TRANSFORMER/jei@29.6.2.31/mezz.jei.neoforge.startup.StartEventObserver.transitionState(StartEventObserver.java:176)
	at TRANSFORMER/jei@29.6.2.31/mezz.jei.neoforge.startup.StartEventObserver.onEvent(StartEventObserver.java:121)
	at net.neoforged.bus.ConsumerEventHandler.invoke(ConsumerEventHandler.java:27)
	at net.neoforged.bus.EventBus.post(EventBus.java:360)
	at net.neoforged.bus.EventBus.post(EventBus.java:328)
	at TRANSFORMER/neoforge@26.1.2.75/net.neoforged.neoforge.client.network.ClientPayloadHandler.handle(ClientPayloadHandler.java:187)
	at TRANSFORMER/neoforge@26.1.2.75/net.neoforged.neoforge.network.handling.MainThreadPayloadHandler.lambda$handle$0(MainThreadPayloadHandler.java:16)
	at java.base/java.util.concurrent.CompletableFuture$AsyncRun.run(CompletableFuture.java:1825)
	at TRANSFORMER/neoforge@26.1.2.75/net.neoforged.neoforge.network.handling.QueuedPacket$CustomPayload.handle(QueuedPacket.java:17)
	at TRANSFORMER/minecraft@26.1.2/net.minecraft.network.PacketProcessor.processQueuedPackets(PacketProcessor.java:50)
	at TRANSFORMER/minecraft@26.1.2/net.minecraft.client.Minecraft.runTick(Minecraft.java:1291)
	at TRANSFORMER/minecraft@26.1.2/net.minecraft.client.Minecraft.run(Minecraft.java:937)
	at TRANSFORMER/minecraft@26.1.2/net.minecraft.client.main.Main.main(Main.java:246)
	at net.neoforged.fml.startup.Client.main(Client.java:19)
	at java.base/jdk.internal.reflect.DirectMethodHandleAccessor.invoke(DirectMethodHandleAccessor.java:104)
	at java.base/java.lang.reflect.Method.invoke(Method.java:565)
	at io.github.zekerzhayard.forgewrapper.installer.Main.main(Main.java:67)
	at java.base/jdk.internal.reflect.DirectMethodHandleAccessor.invoke(DirectMethodHandleAccessor.java:104)
	at java.base/java.lang.reflect.Method.invoke(Method.java:565)
	at org.jackhuang.hmcl.HMCLMultiMCBootstrap.launch(HMCLMultiMCBootstrap.java:80)
	at org.jackhuang.hmcl.HMCLMultiMCBootstrap.launchV1(HMCLMultiMCBootstrap.java:54)
	at org.jackhuang.hmcl.HMCLMultiMCBootstrap.main(HMCLMultiMCBootstrap.java:46)
[19:27:33] [Render thread/ERROR]: An interpreter is already registered for this: minecraft:painting
java.lang.IllegalArgumentException
	at TRANSFORMER/jei@29.6.2.31/mezz.jei.library.load.registration.SubtypeRegistration.registerSubtypeInterpreter(SubtypeRegistration.java:33)
	at TRANSFORMER/jei@29.6.2.31/mezz.jei.api.registration.ISubtypeRegistration.registerSubtypeInterpreter(ISubtypeRegistration.java:45)
	at TRANSFORMER/anisum@0.0.1/dev.anvilcraft.resource.anisum.integration.jei.AnisumJeiPlugin.registerItemSubtypes(AnisumJeiPlugin.java:29)
	at TRANSFORMER/jei@29.6.2.31/mezz.jei.library.load.PluginLoader.lambda$registerSubtypes$0(PluginLoader.java:72)
	at TRANSFORMER/jei@29.6.2.31/mezz.jei.library.load.PluginCaller.callOnPlugins(PluginCaller.java:26)
	at TRANSFORMER/jei@29.6.2.31/mezz.jei.library.load.PluginLoader.registerSubtypes(PluginLoader.java:72)
	at TRANSFORMER/jei@29.6.2.31/mezz.jei.library.startup.JeiStarter.start(JeiStarter.java:119)
	at TRANSFORMER/jei@29.6.2.31/mezz.jei.neoforge.startup.StartEventObserver.transitionState(StartEventObserver.java:176)
	at TRANSFORMER/jei@29.6.2.31/mezz.jei.neoforge.startup.StartEventObserver.onEvent(StartEventObserver.java:121)
	at net.neoforged.bus.ConsumerEventHandler.invoke(ConsumerEventHandler.java:27)
	at net.neoforged.bus.EventBus.post(EventBus.java:360)
	at net.neoforged.bus.EventBus.post(EventBus.java:328)
	at TRANSFORMER/neoforge@26.1.2.75/net.neoforged.neoforge.client.network.ClientPayloadHandler.handle(ClientPayloadHandler.java:187)
	at TRANSFORMER/neoforge@26.1.2.75/net.neoforged.neoforge.network.handling.MainThreadPayloadHandler.lambda$handle$0(MainThreadPayloadHandler.java:16)
	at java.base/java.util.concurrent.CompletableFuture$AsyncRun.run(CompletableFuture.java:1825)
	at TRANSFORMER/neoforge@26.1.2.75/net.neoforged.neoforge.network.handling.QueuedPacket$CustomPayload.handle(QueuedPacket.java:17)
	at TRANSFORMER/minecraft@26.1.2/net.minecraft.network.PacketProcessor.processQueuedPackets(PacketProcessor.java:50)
	at TRANSFORMER/minecraft@26.1.2/net.minecraft.client.Minecraft.runTick(Minecraft.java:1291)
	at TRANSFORMER/minecraft@26.1.2/net.minecraft.client.Minecraft.run(Minecraft.java:937)
	at TRANSFORMER/minecraft@26.1.2/net.minecraft.client.main.Main.main(Main.java:246)
	at net.neoforged.fml.startup.Client.main(Client.java:19)
	at java.base/jdk.internal.reflect.DirectMethodHandleAccessor.invoke(DirectMethodHandleAccessor.java:104)
	at java.base/java.lang.reflect.Method.invoke(Method.java:565)
	at io.github.zekerzhayard.forgewrapper.installer.Main.main(Main.java:67)
	at java.base/jdk.internal.reflect.DirectMethodHandleAccessor.invoke(DirectMethodHandleAccessor.java:104)
	at java.base/java.lang.reflect.Method.invoke(Method.java:565)
	at org.jackhuang.hmcl.HMCLMultiMCBootstrap.launch(HMCLMultiMCBootstrap.java:80)
	at org.jackhuang.hmcl.HMCLMultiMCBootstrap.launchV1(HMCLMultiMCBootstrap.java:54)
	at org.jackhuang.hmcl.HMCLMultiMCBootstrap.main(HMCLMultiMCBootstrap.java:46)
[19:27:33] [Render thread/ERROR]: An interpreter is already registered for this: minecraft:potion
java.lang.IllegalArgumentException
	at TRANSFORMER/jei@29.6.2.31/mezz.jei.library.load.registration.SubtypeRegistration.registerSubtypeInterpreter(SubtypeRegistration.java:33)
	at TRANSFORMER/jei@29.6.2.31/mezz.jei.api.registration.ISubtypeRegistration.registerSubtypeInterpreter(ISubtypeRegistration.java:45)
	at TRANSFORMER/anisum@0.0.1/dev.anvilcraft.resource.anisum.integration.jei.AnisumJeiPlugin.registerItemSubtypes(AnisumJeiPlugin.java:29)
	at TRANSFORMER/jei@29.6.2.31/mezz.jei.library.load.PluginLoader.lambda$registerSubtypes$0(PluginLoader.java:72)
	at TRANSFORMER/jei@29.6.2.31/mezz.jei.library.load.PluginCaller.callOnPlugins(PluginCaller.java:26)
	at TRANSFORMER/jei@29.6.2.31/mezz.jei.library.load.PluginLoader.registerSubtypes(PluginLoader.java:72)
	at TRANSFORMER/jei@29.6.2.31/mezz.jei.library.startup.JeiStarter.start(JeiStarter.java:119)
	at TRANSFORMER/jei@29.6.2.31/mezz.jei.neoforge.startup.StartEventObserver.transitionState(StartEventObserver.java:176)
	at TRANSFORMER/jei@29.6.2.31/mezz.jei.neoforge.startup.StartEventObserver.onEvent(StartEventObserver.java:121)
	at net.neoforged.bus.ConsumerEventHandler.invoke(ConsumerEventHandler.java:27)
	at net.neoforged.bus.EventBus.post(EventBus.java:360)
	at net.neoforged.bus.EventBus.post(EventBus.java:328)
	at TRANSFORMER/neoforge@26.1.2.75/net.neoforged.neoforge.client.network.ClientPayloadHandler.handle(ClientPayloadHandler.java:187)
	at TRANSFORMER/neoforge@26.1.2.75/net.neoforged.neoforge.network.handling.MainThreadPayloadHandler.lambda$handle$0(MainThreadPayloadHandler.java:16)
	at java.base/java.util.concurrent.CompletableFuture$AsyncRun.run(CompletableFuture.java:1825)
	at TRANSFORMER/neoforge@26.1.2.75/net.neoforged.neoforge.network.handling.QueuedPacket$CustomPayload.handle(QueuedPacket.java:17)
	at TRANSFORMER/minecraft@26.1.2/net.minecraft.network.PacketProcessor.processQueuedPackets(PacketProcessor.java:50)
	at TRANSFORMER/minecraft@26.1.2/net.minecraft.client.Minecraft.runTick(Minecraft.java:1291)
	at TRANSFORMER/minecraft@26.1.2/net.minecraft.client.Minecraft.run(Minecraft.java:937)
	at TRANSFORMER/minecraft@26.1.2/net.minecraft.client.main.Main.main(Main.java:246)
	at net.neoforged.fml.startup.Client.main(Client.java:19)
	at java.base/jdk.internal.reflect.DirectMethodHandleAccessor.invoke(DirectMethodHandleAccessor.java:104)
	at java.base/java.lang.reflect.Method.invoke(Method.java:565)
	at io.github.zekerzhayard.forgewrapper.installer.Main.main(Main.java:67)
	at java.base/jdk.internal.reflect.DirectMethodHandleAccessor.invoke(DirectMethodHandleAccessor.java:104)
	at java.base/java.lang.reflect.Method.invoke(Method.java:565)
	at org.jackhuang.hmcl.HMCLMultiMCBootstrap.launch(HMCLMultiMCBootstrap.java:80)
	at org.jackhuang.hmcl.HMCLMultiMCBootstrap.launchV1(HMCLMultiMCBootstrap.java:54)
	at org.jackhuang.hmcl.HMCLMultiMCBootstrap.main(HMCLMultiMCBootstrap.java:46)
[19:27:33] [Render thread/ERROR]: An interpreter is already registered for this: minecraft:firework_rocket
java.lang.IllegalArgumentException
	at TRANSFORMER/jei@29.6.2.31/mezz.jei.library.load.registration.SubtypeRegistration.registerSubtypeInterpreter(SubtypeRegistration.java:33)
	at TRANSFORMER/jei@29.6.2.31/mezz.jei.api.registration.ISubtypeRegistration.registerSubtypeInterpreter(ISubtypeRegistration.java:45)
	at TRANSFORMER/anisum@0.0.1/dev.anvilcraft.resource.anisum.integration.jei.AnisumJeiPlugin.registerItemSubtypes(AnisumJeiPlugin.java:29)
	at TRANSFORMER/jei@29.6.2.31/mezz.jei.library.load.PluginLoader.lambda$registerSubtypes$0(PluginLoader.java:72)
	at TRANSFORMER/jei@29.6.2.31/mezz.jei.library.load.PluginCaller.callOnPlugins(PluginCaller.java:26)
	at TRANSFORMER/jei@29.6.2.31/mezz.jei.library.load.PluginLoader.registerSubtypes(PluginLoader.java:72)
	at TRANSFORMER/jei@29.6.2.31/mezz.jei.library.startup.JeiStarter.start(JeiStarter.java:119)
	at TRANSFORMER/jei@29.6.2.31/mezz.jei.neoforge.startup.StartEventObserver.transitionState(StartEventObserver.java:176)
	at TRANSFORMER/jei@29.6.2.31/mezz.jei.neoforge.startup.StartEventObserver.onEvent(StartEventObserver.java:121)
	at net.neoforged.bus.ConsumerEventHandler.invoke(ConsumerEventHandler.java:27)
	at net.neoforged.bus.EventBus.post(EventBus.java:360)
	at net.neoforged.bus.EventBus.post(EventBus.java:328)
	at TRANSFORMER/neoforge@26.1.2.75/net.neoforged.neoforge.client.network.ClientPayloadHandler.handle(ClientPayloadHandler.java:187)
	at TRANSFORMER/neoforge@26.1.2.75/net.neoforged.neoforge.network.handling.MainThreadPayloadHandler.lambda$handle$0(MainThreadPayloadHandler.java:16)
	at java.base/java.util.concurrent.CompletableFuture$AsyncRun.run(CompletableFuture.java:1825)
	at TRANSFORMER/neoforge@26.1.2.75/net.neoforged.neoforge.network.handling.QueuedPacket$CustomPayload.handle(QueuedPacket.java:17)
	at TRANSFORMER/minecraft@26.1.2/net.minecraft.network.PacketProcessor.processQueuedPackets(PacketProcessor.java:50)
	at TRANSFORMER/minecraft@26.1.2/net.minecraft.client.Minecraft.runTick(Minecraft.java:1291)
	at TRANSFORMER/minecraft@26.1.2/net.minecraft.client.Minecraft.run(Minecraft.java:937)
	at TRANSFORMER/minecraft@26.1.2/net.minecraft.client.main.Main.main(Main.java:246)
	at net.neoforged.fml.startup.Client.main(Client.java:19)
	at java.base/jdk.internal.reflect.DirectMethodHandleAccessor.invoke(DirectMethodHandleAccessor.java:104)
	at java.base/java.lang.reflect.Method.invoke(Method.java:565)
	at io.github.zekerzhayard.forgewrapper.installer.Main.main(Main.java:67)
	at java.base/jdk.internal.reflect.DirectMethodHandleAccessor.invoke(DirectMethodHandleAccessor.java:104)
	at java.base/java.lang.reflect.Method.invoke(Method.java:565)
	at org.jackhuang.hmcl.HMCLMultiMCBootstrap.launch(HMCLMultiMCBootstrap.java:80)
	at org.jackhuang.hmcl.HMCLMultiMCBootstrap.launchV1(HMCLMultiMCBootstrap.java:54)
	at org.jackhuang.hmcl.HMCLMultiMCBootstrap.main(HMCLMultiMCBootstrap.java:46)
[19:27:33] [Render thread/ERROR]: An interpreter is already registered for this: minecraft:firework_star
java.lang.IllegalArgumentException
	at TRANSFORMER/jei@29.6.2.31/mezz.jei.library.load.registration.SubtypeRegistration.registerSubtypeInterpreter(SubtypeRegistration.java:33)
	at TRANSFORMER/jei@29.6.2.31/mezz.jei.api.registration.ISubtypeRegistration.registerSubtypeInterpreter(ISubtypeRegistration.java:45)
	at TRANSFORMER/anisum@0.0.1/dev.anvilcraft.resource.anisum.integration.jei.AnisumJeiPlugin.registerItemSubtypes(AnisumJeiPlugin.java:29)
	at TRANSFORMER/jei@29.6.2.31/mezz.jei.library.load.PluginLoader.lambda$registerSubtypes$0(PluginLoader.java:72)
	at TRANSFORMER/jei@29.6.2.31/mezz.jei.library.load.PluginCaller.callOnPlugins(PluginCaller.java:26)
	at TRANSFORMER/jei@29.6.2.31/mezz.jei.library.load.PluginLoader.registerSubtypes(PluginLoader.java:72)
	at TRANSFORMER/jei@29.6.2.31/mezz.jei.library.startup.JeiStarter.start(JeiStarter.java:119)
	at TRANSFORMER/jei@29.6.2.31/mezz.jei.neoforge.startup.StartEventObserver.transitionState(StartEventObserver.java:176)
	at TRANSFORMER/jei@29.6.2.31/mezz.jei.neoforge.startup.StartEventObserver.onEvent(StartEventObserver.java:121)
	at net.neoforged.bus.ConsumerEventHandler.invoke(ConsumerEventHandler.java:27)
	at net.neoforged.bus.EventBus.post(EventBus.java:360)
	at net.neoforged.bus.EventBus.post(EventBus.java:328)
	at TRANSFORMER/neoforge@26.1.2.75/net.neoforged.neoforge.client.network.ClientPayloadHandler.handle(ClientPayloadHandler.java:187)
	at TRANSFORMER/neoforge@26.1.2.75/net.neoforged.neoforge.network.handling.MainThreadPayloadHandler.lambda$handle$0(MainThreadPayloadHandler.java:16)
	at java.base/java.util.concurrent.CompletableFuture$AsyncRun.run(CompletableFuture.java:1825)
	at TRANSFORMER/neoforge@26.1.2.75/net.neoforged.neoforge.network.handling.QueuedPacket$CustomPayload.handle(QueuedPacket.java:17)
	at TRANSFORMER/minecraft@26.1.2/net.minecraft.network.PacketProcessor.processQueuedPackets(PacketProcessor.java:50)
	at TRANSFORMER/minecraft@26.1.2/net.minecraft.client.Minecraft.runTick(Minecraft.java:1291)
	at TRANSFORMER/minecraft@26.1.2/net.minecraft.client.Minecraft.run(Minecraft.java:937)
	at TRANSFORMER/minecraft@26.1.2/net.minecraft.client.main.Main.main(Main.java:246)
	at net.neoforged.fml.startup.Client.main(Client.java:19)
	at java.base/jdk.internal.reflect.DirectMethodHandleAccessor.invoke(DirectMethodHandleAccessor.java:104)
	at java.base/java.lang.reflect.Method.invoke(Method.java:565)
	at io.github.zekerzhayard.forgewrapper.installer.Main.main(Main.java:67)
	at java.base/jdk.internal.reflect.DirectMethodHandleAccessor.invoke(DirectMethodHandleAccessor.java:104)
	at java.base/java.lang.reflect.Method.invoke(Method.java:565)
	at org.jackhuang.hmcl.HMCLMultiMCBootstrap.launch(HMCLMultiMCBootstrap.java:80)
	at org.jackhuang.hmcl.HMCLMultiMCBootstrap.launchV1(HMCLMultiMCBootstrap.java:54)
	at org.jackhuang.hmcl.HMCLMultiMCBootstrap.main(HMCLMultiMCBootstrap.java:46)
[19:27:33] [Render thread/ERROR]: An interpreter is already registered for this: minecraft:enchanted_book
java.lang.IllegalArgumentException
	at TRANSFORMER/jei@29.6.2.31/mezz.jei.library.load.registration.SubtypeRegistration.registerSubtypeInterpreter(SubtypeRegistration.java:33)
	at TRANSFORMER/jei@29.6.2.31/mezz.jei.api.registration.ISubtypeRegistration.registerSubtypeInterpreter(ISubtypeRegistration.java:45)
	at TRANSFORMER/anisum@0.0.1/dev.anvilcraft.resource.anisum.integration.jei.AnisumJeiPlugin.registerItemSubtypes(AnisumJeiPlugin.java:29)
	at TRANSFORMER/jei@29.6.2.31/mezz.jei.library.load.PluginLoader.lambda$registerSubtypes$0(PluginLoader.java:72)
	at TRANSFORMER/jei@29.6.2.31/mezz.jei.library.load.PluginCaller.callOnPlugins(PluginCaller.java:26)
	at TRANSFORMER/jei@29.6.2.31/mezz.jei.library.load.PluginLoader.registerSubtypes(PluginLoader.java:72)
	at TRANSFORMER/jei@29.6.2.31/mezz.jei.library.startup.JeiStarter.start(JeiStarter.java:119)
	at TRANSFORMER/jei@29.6.2.31/mezz.jei.neoforge.startup.StartEventObserver.transitionState(StartEventObserver.java:176)
	at TRANSFORMER/jei@29.6.2.31/mezz.jei.neoforge.startup.StartEventObserver.onEvent(StartEventObserver.java:121)
	at net.neoforged.bus.ConsumerEventHandler.invoke(ConsumerEventHandler.java:27)
	at net.neoforged.bus.EventBus.post(EventBus.java:360)
	at net.neoforged.bus.EventBus.post(EventBus.java:328)
	at TRANSFORMER/neoforge@26.1.2.75/net.neoforged.neoforge.client.network.ClientPayloadHandler.handle(ClientPayloadHandler.java:187)
	at TRANSFORMER/neoforge@26.1.2.75/net.neoforged.neoforge.network.handling.MainThreadPayloadHandler.lambda$handle$0(MainThreadPayloadHandler.java:16)
	at java.base/java.util.concurrent.CompletableFuture$AsyncRun.run(CompletableFuture.java:1825)
	at TRANSFORMER/neoforge@26.1.2.75/net.neoforged.neoforge.network.handling.QueuedPacket$CustomPayload.handle(QueuedPacket.java:17)
	at TRANSFORMER/minecraft@26.1.2/net.minecraft.network.PacketProcessor.processQueuedPackets(PacketProcessor.java:50)
	at TRANSFORMER/minecraft@26.1.2/net.minecraft.client.Minecraft.runTick(Minecraft.java:1291)
	at TRANSFORMER/minecraft@26.1.2/net.minecraft.client.Minecraft.run(Minecraft.java:937)
	at TRANSFORMER/minecraft@26.1.2/net.minecraft.client.main.Main.main(Main.java:246)
	at net.neoforged.fml.startup.Client.main(Client.java:19)
	at java.base/jdk.internal.reflect.DirectMethodHandleAccessor.invoke(DirectMethodHandleAccessor.java:104)
	at java.base/java.lang.reflect.Method.invoke(Method.java:565)
	at io.github.zekerzhayard.forgewrapper.installer.Main.main(Main.java:67)
	at java.base/jdk.internal.reflect.DirectMethodHandleAccessor.invoke(DirectMethodHandleAccessor.java:104)
	at java.base/java.lang.reflect.Method.invoke(Method.java:565)
	at org.jackhuang.hmcl.HMCLMultiMCBootstrap.launch(HMCLMultiMCBootstrap.java:80)
	at org.jackhuang.hmcl.HMCLMultiMCBootstrap.launchV1(HMCLMultiMCBootstrap.java:54)
	at org.jackhuang.hmcl.HMCLMultiMCBootstrap.main(HMCLMultiMCBootstrap.java:46)
[19:27:33] [Render thread/ERROR]: An interpreter is already registered for this: minecraft:splash_potion
java.lang.IllegalArgumentException
	at TRANSFORMER/jei@29.6.2.31/mezz.jei.library.load.registration.SubtypeRegistration.registerSubtypeInterpreter(SubtypeRegistration.java:33)
	at TRANSFORMER/jei@29.6.2.31/mezz.jei.api.registration.ISubtypeRegistration.registerSubtypeInterpreter(ISubtypeRegistration.java:45)
	at TRANSFORMER/anisum@0.0.1/dev.anvilcraft.resource.anisum.integration.jei.AnisumJeiPlugin.registerItemSubtypes(AnisumJeiPlugin.java:29)
	at TRANSFORMER/jei@29.6.2.31/mezz.jei.library.load.PluginLoader.lambda$registerSubtypes$0(PluginLoader.java:72)
	at TRANSFORMER/jei@29.6.2.31/mezz.jei.library.load.PluginCaller.callOnPlugins(PluginCaller.java:26)
	at TRANSFORMER/jei@29.6.2.31/mezz.jei.library.load.PluginLoader.registerSubtypes(PluginLoader.java:72)
	at TRANSFORMER/jei@29.6.2.31/mezz.jei.library.startup.JeiStarter.start(JeiStarter.java:119)
	at TRANSFORMER/jei@29.6.2.31/mezz.jei.neoforge.startup.StartEventObserver.transitionState(StartEventObserver.java:176)
	at TRANSFORMER/jei@29.6.2.31/mezz.jei.neoforge.startup.StartEventObserver.onEvent(StartEventObserver.java:121)
	at net.neoforged.bus.ConsumerEventHandler.invoke(ConsumerEventHandler.java:27)
	at net.neoforged.bus.EventBus.post(EventBus.java:360)
	at net.neoforged.bus.EventBus.post(EventBus.java:328)
	at TRANSFORMER/neoforge@26.1.2.75/net.neoforged.neoforge.client.network.ClientPayloadHandler.handle(ClientPayloadHandler.java:187)
	at TRANSFORMER/neoforge@26.1.2.75/net.neoforged.neoforge.network.handling.MainThreadPayloadHandler.lambda$handle$0(MainThreadPayloadHandler.java:16)
	at java.base/java.util.concurrent.CompletableFuture$AsyncRun.run(CompletableFuture.java:1825)
	at TRANSFORMER/neoforge@26.1.2.75/net.neoforged.neoforge.network.handling.QueuedPacket$CustomPayload.handle(QueuedPacket.java:17)
	at TRANSFORMER/minecraft@26.1.2/net.minecraft.network.PacketProcessor.processQueuedPackets(PacketProcessor.java:50)
	at TRANSFORMER/minecraft@26.1.2/net.minecraft.client.Minecraft.runTick(Minecraft.java:1291)
	at TRANSFORMER/minecraft@26.1.2/net.minecraft.client.Minecraft.run(Minecraft.java:937)
	at TRANSFORMER/minecraft@26.1.2/net.minecraft.client.main.Main.main(Main.java:246)
	at net.neoforged.fml.startup.Client.main(Client.java:19)
	at java.base/jdk.internal.reflect.DirectMethodHandleAccessor.invoke(DirectMethodHandleAccessor.java:104)
	at java.base/java.lang.reflect.Method.invoke(Method.java:565)
	at io.github.zekerzhayard.forgewrapper.installer.Main.main(Main.java:67)
	at java.base/jdk.internal.reflect.DirectMethodHandleAccessor.invoke(DirectMethodHandleAccessor.java:104)
	at java.base/java.lang.reflect.Method.invoke(Method.java:565)
	at org.jackhuang.hmcl.HMCLMultiMCBootstrap.launch(HMCLMultiMCBootstrap.java:80)
	at org.jackhuang.hmcl.HMCLMultiMCBootstrap.launchV1(HMCLMultiMCBootstrap.java:54)
	at org.jackhuang.hmcl.HMCLMultiMCBootstrap.main(HMCLMultiMCBootstrap.java:46)
[19:27:33] [Render thread/ERROR]: An interpreter is already registered for this: minecraft:tipped_arrow
java.lang.IllegalArgumentException
	at TRANSFORMER/jei@29.6.2.31/mezz.jei.library.load.registration.SubtypeRegistration.registerSubtypeInterpreter(SubtypeRegistration.java:33)
	at TRANSFORMER/jei@29.6.2.31/mezz.jei.api.registration.ISubtypeRegistration.registerSubtypeInterpreter(ISubtypeRegistration.java:45)
	at TRANSFORMER/anisum@0.0.1/dev.anvilcraft.resource.anisum.integration.jei.AnisumJeiPlugin.registerItemSubtypes(AnisumJeiPlugin.java:29)
	at TRANSFORMER/jei@29.6.2.31/mezz.jei.library.load.PluginLoader.lambda$registerSubtypes$0(PluginLoader.java:72)
	at TRANSFORMER/jei@29.6.2.31/mezz.jei.library.load.PluginCaller.callOnPlugins(PluginCaller.java:26)
	at TRANSFORMER/jei@29.6.2.31/mezz.jei.library.load.PluginLoader.registerSubtypes(PluginLoader.java:72)
	at TRANSFORMER/jei@29.6.2.31/mezz.jei.library.startup.JeiStarter.start(JeiStarter.java:119)
	at TRANSFORMER/jei@29.6.2.31/mezz.jei.neoforge.startup.StartEventObserver.transitionState(StartEventObserver.java:176)
	at TRANSFORMER/jei@29.6.2.31/mezz.jei.neoforge.startup.StartEventObserver.onEvent(StartEventObserver.java:121)
	at net.neoforged.bus.ConsumerEventHandler.invoke(ConsumerEventHandler.java:27)
	at net.neoforged.bus.EventBus.post(EventBus.java:360)
	at net.neoforged.bus.EventBus.post(EventBus.java:328)
	at TRANSFORMER/neoforge@26.1.2.75/net.neoforged.neoforge.client.network.ClientPayloadHandler.handle(ClientPayloadHandler.java:187)
	at TRANSFORMER/neoforge@26.1.2.75/net.neoforged.neoforge.network.handling.MainThreadPayloadHandler.lambda$handle$0(MainThreadPayloadHandler.java:16)
	at java.base/java.util.concurrent.CompletableFuture$AsyncRun.run(CompletableFuture.java:1825)
	at TRANSFORMER/neoforge@26.1.2.75/net.neoforged.neoforge.network.handling.QueuedPacket$CustomPayload.handle(QueuedPacket.java:17)
	at TRANSFORMER/minecraft@26.1.2/net.minecraft.network.PacketProcessor.processQueuedPackets(PacketProcessor.java:50)
	at TRANSFORMER/minecraft@26.1.2/net.minecraft.client.Minecraft.runTick(Minecraft.java:1291)
	at TRANSFORMER/minecraft@26.1.2/net.minecraft.client.Minecraft.run(Minecraft.java:937)
	at TRANSFORMER/minecraft@26.1.2/net.minecraft.client.main.Main.main(Main.java:246)
	at net.neoforged.fml.startup.Client.main(Client.java:19)
	at java.base/jdk.internal.reflect.DirectMethodHandleAccessor.invoke(DirectMethodHandleAccessor.java:104)
	at java.base/java.lang.reflect.Method.invoke(Method.java:565)
	at io.github.zekerzhayard.forgewrapper.installer.Main.main(Main.java:67)
	at java.base/jdk.internal.reflect.DirectMethodHandleAccessor.invoke(DirectMethodHandleAccessor.java:104)
	at java.base/java.lang.reflect.Method.invoke(Method.java:565)
	at org.jackhuang.hmcl.HMCLMultiMCBootstrap.launch(HMCLMultiMCBootstrap.java:80)
	at org.jackhuang.hmcl.HMCLMultiMCBootstrap.launchV1(HMCLMultiMCBootstrap.java:54)
	at org.jackhuang.hmcl.HMCLMultiMCBootstrap.main(HMCLMultiMCBootstrap.java:46)
[19:27:33] [Render thread/ERROR]: An interpreter is already registered for this: minecraft:lingering_potion
java.lang.IllegalArgumentException
	at TRANSFORMER/jei@29.6.2.31/mezz.jei.library.load.registration.SubtypeRegistration.registerSubtypeInterpreter(SubtypeRegistration.java:33)
	at TRANSFORMER/jei@29.6.2.31/mezz.jei.api.registration.ISubtypeRegistration.registerSubtypeInterpreter(ISubtypeRegistration.java:45)
	at TRANSFORMER/anisum@0.0.1/dev.anvilcraft.resource.anisum.integration.jei.AnisumJeiPlugin.registerItemSubtypes(AnisumJeiPlugin.java:29)
	at TRANSFORMER/jei@29.6.2.31/mezz.jei.library.load.PluginLoader.lambda$registerSubtypes$0(PluginLoader.java:72)
	at TRANSFORMER/jei@29.6.2.31/mezz.jei.library.load.PluginCaller.callOnPlugins(PluginCaller.java:26)
	at TRANSFORMER/jei@29.6.2.31/mezz.jei.library.load.PluginLoader.registerSubtypes(PluginLoader.java:72)
	at TRANSFORMER/jei@29.6.2.31/mezz.jei.library.startup.JeiStarter.start(JeiStarter.java:119)
	at TRANSFORMER/jei@29.6.2.31/mezz.jei.neoforge.startup.StartEventObserver.transitionState(StartEventObserver.java:176)
	at TRANSFORMER/jei@29.6.2.31/mezz.jei.neoforge.startup.StartEventObserver.onEvent(StartEventObserver.java:121)
	at net.neoforged.bus.ConsumerEventHandler.invoke(ConsumerEventHandler.java:27)
	at net.neoforged.bus.EventBus.post(EventBus.java:360)
	at net.neoforged.bus.EventBus.post(EventBus.java:328)
	at TRANSFORMER/neoforge@26.1.2.75/net.neoforged.neoforge.client.network.ClientPayloadHandler.handle(ClientPayloadHandler.java:187)
	at TRANSFORMER/neoforge@26.1.2.75/net.neoforged.neoforge.network.handling.MainThreadPayloadHandler.lambda$handle$0(MainThreadPayloadHandler.java:16)
	at java.base/java.util.concurrent.CompletableFuture$AsyncRun.run(CompletableFuture.java:1825)
	at TRANSFORMER/neoforge@26.1.2.75/net.neoforged.neoforge.network.handling.QueuedPacket$CustomPayload.handle(QueuedPacket.java:17)
	at TRANSFORMER/minecraft@26.1.2/net.minecraft.network.PacketProcessor.processQueuedPackets(PacketProcessor.java:50)
	at TRANSFORMER/minecraft@26.1.2/net.minecraft.client.Minecraft.runTick(Minecraft.java:1291)
	at TRANSFORMER/minecraft@26.1.2/net.minecraft.client.Minecraft.run(Minecraft.java:937)
	at TRANSFORMER/minecraft@26.1.2/net.minecraft.client.main.Main.main(Main.java:246)
	at net.neoforged.fml.startup.Client.main(Client.java:19)
	at java.base/jdk.internal.reflect.DirectMethodHandleAccessor.invoke(DirectMethodHandleAccessor.java:104)
	at java.base/java.lang.reflect.Method.invoke(Method.java:565)
	at io.github.zekerzhayard.forgewrapper.installer.Main.main(Main.java:67)
	at java.base/jdk.internal.reflect.DirectMethodHandleAccessor.invoke(DirectMethodHandleAccessor.java:104)
	at java.base/java.lang.reflect.Method.invoke(Method.java:565)
	at org.jackhuang.hmcl.HMCLMultiMCBootstrap.launch(HMCLMultiMCBootstrap.java:80)
	at org.jackhuang.hmcl.HMCLMultiMCBootstrap.launchV1(HMCLMultiMCBootstrap.java:54)
	at org.jackhuang.hmcl.HMCLMultiMCBootstrap.main(HMCLMultiMCBootstrap.java:46)
[19:27:33] [Render thread/ERROR]: An interpreter is already registered for this: minecraft:shield
java.lang.IllegalArgumentException
	at TRANSFORMER/jei@29.6.2.31/mezz.jei.library.load.registration.SubtypeRegistration.registerSubtypeInterpreter(SubtypeRegistration.java:33)
	at TRANSFORMER/jei@29.6.2.31/mezz.jei.api.registration.ISubtypeRegistration.registerSubtypeInterpreter(ISubtypeRegistration.java:45)
	at TRANSFORMER/anisum@0.0.1/dev.anvilcraft.resource.anisum.integration.jei.AnisumJeiPlugin.registerItemSubtypes(AnisumJeiPlugin.java:29)
	at TRANSFORMER/jei@29.6.2.31/mezz.jei.library.load.PluginLoader.lambda$registerSubtypes$0(PluginLoader.java:72)
	at TRANSFORMER/jei@29.6.2.31/mezz.jei.library.load.PluginCaller.callOnPlugins(PluginCaller.java:26)
	at TRANSFORMER/jei@29.6.2.31/mezz.jei.library.load.PluginLoader.registerSubtypes(PluginLoader.java:72)
	at TRANSFORMER/jei@29.6.2.31/mezz.jei.library.startup.JeiStarter.start(JeiStarter.java:119)
	at TRANSFORMER/jei@29.6.2.31/mezz.jei.neoforge.startup.StartEventObserver.transitionState(StartEventObserver.java:176)
	at TRANSFORMER/jei@29.6.2.31/mezz.jei.neoforge.startup.StartEventObserver.onEvent(StartEventObserver.java:121)
	at net.neoforged.bus.ConsumerEventHandler.invoke(ConsumerEventHandler.java:27)
	at net.neoforged.bus.EventBus.post(EventBus.java:360)
	at net.neoforged.bus.EventBus.post(EventBus.java:328)
	at TRANSFORMER/neoforge@26.1.2.75/net.neoforged.neoforge.client.network.ClientPayloadHandler.handle(ClientPayloadHandler.java:187)
	at TRANSFORMER/neoforge@26.1.2.75/net.neoforged.neoforge.network.handling.MainThreadPayloadHandler.lambda$handle$0(MainThreadPayloadHandler.java:16)
	at java.base/java.util.concurrent.CompletableFuture$AsyncRun.run(CompletableFuture.java:1825)
	at TRANSFORMER/neoforge@26.1.2.75/net.neoforged.neoforge.network.handling.QueuedPacket$CustomPayload.handle(QueuedPacket.java:17)
	at TRANSFORMER/minecraft@26.1.2/net.minecraft.network.PacketProcessor.processQueuedPackets(PacketProcessor.java:50)
	at TRANSFORMER/minecraft@26.1.2/net.minecraft.client.Minecraft.runTick(Minecraft.java:1291)
	at TRANSFORMER/minecraft@26.1.2/net.minecraft.client.Minecraft.run(Minecraft.java:937)
	at TRANSFORMER/minecraft@26.1.2/net.minecraft.client.main.Main.main(Main.java:246)
	at net.neoforged.fml.startup.Client.main(Client.java:19)
	at java.base/jdk.internal.reflect.DirectMethodHandleAccessor.invoke(DirectMethodHandleAccessor.java:104)
	at java.base/java.lang.reflect.Method.invoke(Method.java:565)
	at io.github.zekerzhayard.forgewrapper.installer.Main.main(Main.java:67)
	at java.base/jdk.internal.reflect.DirectMethodHandleAccessor.invoke(DirectMethodHandleAccessor.java:104)
	at java.base/java.lang.reflect.Method.invoke(Method.java:565)
	at org.jackhuang.hmcl.HMCLMultiMCBootstrap.launch(HMCLMultiMCBootstrap.java:80)
	at org.jackhuang.hmcl.HMCLMultiMCBootstrap.launchV1(HMCLMultiMCBootstrap.java:54)
	at org.jackhuang.hmcl.HMCLMultiMCBootstrap.main(HMCLMultiMCBootstrap.java:46)
[19:27:33] [Render thread/ERROR]: An interpreter is already registered for this: minecraft:suspicious_stew
java.lang.IllegalArgumentException
	at TRANSFORMER/jei@29.6.2.31/mezz.jei.library.load.registration.SubtypeRegistration.registerSubtypeInterpreter(SubtypeRegistration.java:33)
	at TRANSFORMER/jei@29.6.2.31/mezz.jei.api.registration.ISubtypeRegistration.registerSubtypeInterpreter(ISubtypeRegistration.java:45)
	at TRANSFORMER/anisum@0.0.1/dev.anvilcraft.resource.anisum.integration.jei.AnisumJeiPlugin.registerItemSubtypes(AnisumJeiPlugin.java:29)
	at TRANSFORMER/jei@29.6.2.31/mezz.jei.library.load.PluginLoader.lambda$registerSubtypes$0(PluginLoader.java:72)
	at TRANSFORMER/jei@29.6.2.31/mezz.jei.library.load.PluginCaller.callOnPlugins(PluginCaller.java:26)
	at TRANSFORMER/jei@29.6.2.31/mezz.jei.library.load.PluginLoader.registerSubtypes(PluginLoader.java:72)
	at TRANSFORMER/jei@29.6.2.31/mezz.jei.library.startup.JeiStarter.start(JeiStarter.java:119)
	at TRANSFORMER/jei@29.6.2.31/mezz.jei.neoforge.startup.StartEventObserver.transitionState(StartEventObserver.java:176)
	at TRANSFORMER/jei@29.6.2.31/mezz.jei.neoforge.startup.StartEventObserver.onEvent(StartEventObserver.java:121)
	at net.neoforged.bus.ConsumerEventHandler.invoke(ConsumerEventHandler.java:27)
	at net.neoforged.bus.EventBus.post(EventBus.java:360)
	at net.neoforged.bus.EventBus.post(EventBus.java:328)
	at TRANSFORMER/neoforge@26.1.2.75/net.neoforged.neoforge.client.network.ClientPayloadHandler.handle(ClientPayloadHandler.java:187)
	at TRANSFORMER/neoforge@26.1.2.75/net.neoforged.neoforge.network.handling.MainThreadPayloadHandler.lambda$handle$0(MainThreadPayloadHandler.java:16)
	at java.base/java.util.concurrent.CompletableFuture$AsyncRun.run(CompletableFuture.java:1825)
	at TRANSFORMER/neoforge@26.1.2.75/net.neoforged.neoforge.network.handling.QueuedPacket$CustomPayload.handle(QueuedPacket.java:17)
	at TRANSFORMER/minecraft@26.1.2/net.minecraft.network.PacketProcessor.processQueuedPackets(PacketProcessor.java:50)
	at TRANSFORMER/minecraft@26.1.2/net.minecraft.client.Minecraft.runTick(Minecraft.java:1291)
	at TRANSFORMER/minecraft@26.1.2/net.minecraft.client.Minecraft.run(Minecraft.java:937)
	at TRANSFORMER/minecraft@26.1.2/net.minecraft.client.main.Main.main(Main.java:246)
	at net.neoforged.fml.startup.Client.main(Client.java:19)
	at java.base/jdk.internal.reflect.DirectMethodHandleAccessor.invoke(DirectMethodHandleAccessor.java:104)
	at java.base/java.lang.reflect.Method.invoke(Method.java:565)
	at io.github.zekerzhayard.forgewrapper.installer.Main.main(Main.java:67)
	at java.base/jdk.internal.reflect.DirectMethodHandleAccessor.invoke(DirectMethodHandleAccessor.java:104)
	at java.base/java.lang.reflect.Method.invoke(Method.java:565)
	at org.jackhuang.hmcl.HMCLMultiMCBootstrap.launch(HMCLMultiMCBootstrap.java:80)
	at org.jackhuang.hmcl.HMCLMultiMCBootstrap.launchV1(HMCLMultiMCBootstrap.java:54)
	at org.jackhuang.hmcl.HMCLMultiMCBootstrap.main(HMCLMultiMCBootstrap.java:46)
[19:27:33] [Render thread/ERROR]: An interpreter is already registered for this: minecraft:goat_horn
java.lang.IllegalArgumentException
	at TRANSFORMER/jei@29.6.2.31/mezz.jei.library.load.registration.SubtypeRegistration.registerSubtypeInterpreter(SubtypeRegistration.java:33)
	at TRANSFORMER/jei@29.6.2.31/mezz.jei.api.registration.ISubtypeRegistration.registerSubtypeInterpreter(ISubtypeRegistration.java:45)
	at TRANSFORMER/anisum@0.0.1/dev.anvilcraft.resource.anisum.integration.jei.AnisumJeiPlugin.registerItemSubtypes(AnisumJeiPlugin.java:29)
	at TRANSFORMER/jei@29.6.2.31/mezz.jei.library.load.PluginLoader.lambda$registerSubtypes$0(PluginLoader.java:72)
	at TRANSFORMER/jei@29.6.2.31/mezz.jei.library.load.PluginCaller.callOnPlugins(PluginCaller.java:26)
	at TRANSFORMER/jei@29.6.2.31/mezz.jei.library.load.PluginLoader.registerSubtypes(PluginLoader.java:72)
	at TRANSFORMER/jei@29.6.2.31/mezz.jei.library.startup.JeiStarter.start(JeiStarter.java:119)
	at TRANSFORMER/jei@29.6.2.31/mezz.jei.neoforge.startup.StartEventObserver.transitionState(StartEventObserver.java:176)
	at TRANSFORMER/jei@29.6.2.31/mezz.jei.neoforge.startup.StartEventObserver.onEvent(StartEventObserver.java:121)
	at net.neoforged.bus.ConsumerEventHandler.invoke(ConsumerEventHandler.java:27)
	at net.neoforged.bus.EventBus.post(EventBus.java:360)
	at net.neoforged.bus.EventBus.post(EventBus.java:328)
	at TRANSFORMER/neoforge@26.1.2.75/net.neoforged.neoforge.client.network.ClientPayloadHandler.handle(ClientPayloadHandler.java:187)
	at TRANSFORMER/neoforge@26.1.2.75/net.neoforged.neoforge.network.handling.MainThreadPayloadHandler.lambda$handle$0(MainThreadPayloadHandler.java:16)
	at java.base/java.util.concurrent.CompletableFuture$AsyncRun.run(CompletableFuture.java:1825)
	at TRANSFORMER/neoforge@26.1.2.75/net.neoforged.neoforge.network.handling.QueuedPacket$CustomPayload.handle(QueuedPacket.java:17)
	at TRANSFORMER/minecraft@26.1.2/net.minecraft.network.PacketProcessor.processQueuedPackets(PacketProcessor.java:50)
	at TRANSFORMER/minecraft@26.1.2/net.minecraft.client.Minecraft.runTick(Minecraft.java:1291)
	at TRANSFORMER/minecraft@26.1.2/net.minecraft.client.Minecraft.run(Minecraft.java:937)
	at TRANSFORMER/minecraft@26.1.2/net.minecraft.client.main.Main.main(Main.java:246)
	at net.neoforged.fml.startup.Client.main(Client.java:19)
	at java.base/jdk.internal.reflect.DirectMethodHandleAccessor.invoke(DirectMethodHandleAccessor.java:104)
	at java.base/java.lang.reflect.Method.invoke(Method.java:565)
	at io.github.zekerzhayard.forgewrapper.installer.Main.main(Main.java:67)
	at java.base/jdk.internal.reflect.DirectMethodHandleAccessor.invoke(DirectMethodHandleAccessor.java:104)
	at java.base/java.lang.reflect.Method.invoke(Method.java:565)
	at org.jackhuang.hmcl.HMCLMultiMCBootstrap.launch(HMCLMultiMCBootstrap.java:80)
	at org.jackhuang.hmcl.HMCLMultiMCBootstrap.launchV1(HMCLMultiMCBootstrap.java:54)
	at org.jackhuang.hmcl.HMCLMultiMCBootstrap.main(HMCLMultiMCBootstrap.java:46)
[19:27:33] [Render thread/ERROR]: An interpreter is already registered for this: minecraft:ominous_bottle
java.lang.IllegalArgumentException
	at TRANSFORMER/jei@29.6.2.31/mezz.jei.library.load.registration.SubtypeRegistration.registerSubtypeInterpreter(SubtypeRegistration.java:33)
	at TRANSFORMER/jei@29.6.2.31/mezz.jei.api.registration.ISubtypeRegistration.registerSubtypeInterpreter(ISubtypeRegistration.java:45)
	at TRANSFORMER/anisum@0.0.1/dev.anvilcraft.resource.anisum.integration.jei.AnisumJeiPlugin.registerItemSubtypes(AnisumJeiPlugin.java:29)
	at TRANSFORMER/jei@29.6.2.31/mezz.jei.library.load.PluginLoader.lambda$registerSubtypes$0(PluginLoader.java:72)
	at TRANSFORMER/jei@29.6.2.31/mezz.jei.library.load.PluginCaller.callOnPlugins(PluginCaller.java:26)
	at TRANSFORMER/jei@29.6.2.31/mezz.jei.library.load.PluginLoader.registerSubtypes(PluginLoader.java:72)
	at TRANSFORMER/jei@29.6.2.31/mezz.jei.library.startup.JeiStarter.start(JeiStarter.java:119)
	at TRANSFORMER/jei@29.6.2.31/mezz.jei.neoforge.startup.StartEventObserver.transitionState(StartEventObserver.java:176)
	at TRANSFORMER/jei@29.6.2.31/mezz.jei.neoforge.startup.StartEventObserver.onEvent(StartEventObserver.java:121)
	at net.neoforged.bus.ConsumerEventHandler.invoke(ConsumerEventHandler.java:27)
	at net.neoforged.bus.EventBus.post(EventBus.java:360)
	at net.neoforged.bus.EventBus.post(EventBus.java:328)
	at TRANSFORMER/neoforge@26.1.2.75/net.neoforged.neoforge.client.network.ClientPayloadHandler.handle(ClientPayloadHandler.java:187)
	at TRANSFORMER/neoforge@26.1.2.75/net.neoforged.neoforge.network.handling.MainThreadPayloadHandler.lambda$handle$0(MainThreadPayloadHandler.java:16)
	at java.base/java.util.concurrent.CompletableFuture$AsyncRun.run(CompletableFuture.java:1825)
	at TRANSFORMER/neoforge@26.1.2.75/net.neoforged.neoforge.network.handling.QueuedPacket$CustomPayload.handle(QueuedPacket.java:17)
	at TRANSFORMER/minecraft@26.1.2/net.minecraft.network.PacketProcessor.processQueuedPackets(PacketProcessor.java:50)
	at TRANSFORMER/minecraft@26.1.2/net.minecraft.client.Minecraft.runTick(Minecraft.java:1291)
	at TRANSFORMER/minecraft@26.1.2/net.minecraft.client.Minecraft.run(Minecraft.java:937)
	at TRANSFORMER/minecraft@26.1.2/net.minecraft.client.main.Main.main(Main.java:246)
	at net.neoforged.fml.startup.Client.main(Client.java:19)
	at java.base/jdk.internal.reflect.DirectMethodHandleAccessor.invoke(DirectMethodHandleAccessor.java:104)
	at java.base/java.lang.reflect.Method.invoke(Method.java:565)
	at io.github.zekerzhayard.forgewrapper.installer.Main.main(Main.java:67)
	at java.base/jdk.internal.reflect.DirectMethodHandleAccessor.invoke(DirectMethodHandleAccessor.java:104)
	at java.base/java.lang.reflect.Method.invoke(Method.java:565)
	at org.jackhuang.hmcl.HMCLMultiMCBootstrap.launch(HMCLMultiMCBootstrap.java:80)
	at org.jackhuang.hmcl.HMCLMultiMCBootstrap.launchV1(HMCLMultiMCBootstrap.java:54)
	at org.jackhuang.hmcl.HMCLMultiMCBootstrap.main(HMCLMultiMCBootstrap.java:46)
[19:27:33] [Render thread/ERROR]: An interpreter is already registered for this: harvestheritage:known_seed
java.lang.IllegalArgumentException
	at TRANSFORMER/jei@29.6.2.31/mezz.jei.library.load.registration.SubtypeRegistration.registerSubtypeInterpreter(SubtypeRegistration.java:33)
	at TRANSFORMER/jei@29.6.2.31/mezz.jei.api.registration.ISubtypeRegistration.registerSubtypeInterpreter(ISubtypeRegistration.java:45)
	at TRANSFORMER/anisum@0.0.1/dev.anvilcraft.resource.anisum.integration.jei.AnisumJeiPlugin.registerItemSubtypes(AnisumJeiPlugin.java:29)
	at TRANSFORMER/jei@29.6.2.31/mezz.jei.library.load.PluginLoader.lambda$registerSubtypes$0(PluginLoader.java:72)
	at TRANSFORMER/jei@29.6.2.31/mezz.jei.library.load.PluginCaller.callOnPlugins(PluginCaller.java:26)
	at TRANSFORMER/jei@29.6.2.31/mezz.jei.library.load.PluginLoader.registerSubtypes(PluginLoader.java:72)
	at TRANSFORMER/jei@29.6.2.31/mezz.jei.library.startup.JeiStarter.start(JeiStarter.java:119)
	at TRANSFORMER/jei@29.6.2.31/mezz.jei.neoforge.startup.StartEventObserver.transitionState(StartEventObserver.java:176)
	at TRANSFORMER/jei@29.6.2.31/mezz.jei.neoforge.startup.StartEventObserver.onEvent(StartEventObserver.java:121)
	at net.neoforged.bus.ConsumerEventHandler.invoke(ConsumerEventHandler.java:27)
	at net.neoforged.bus.EventBus.post(EventBus.java:360)
	at net.neoforged.bus.EventBus.post(EventBus.java:328)
	at TRANSFORMER/neoforge@26.1.2.75/net.neoforged.neoforge.client.network.ClientPayloadHandler.handle(ClientPayloadHandler.java:187)
	at TRANSFORMER/neoforge@26.1.2.75/net.neoforged.neoforge.network.handling.MainThreadPayloadHandler.lambda$handle$0(MainThreadPayloadHandler.java:16)
	at java.base/java.util.concurrent.CompletableFuture$AsyncRun.run(CompletableFuture.java:1825)
	at TRANSFORMER/neoforge@26.1.2.75/net.neoforged.neoforge.network.handling.QueuedPacket$CustomPayload.handle(QueuedPacket.java:17)
	at TRANSFORMER/minecraft@26.1.2/net.minecraft.network.PacketProcessor.processQueuedPackets(PacketProcessor.java:50)
	at TRANSFORMER/minecraft@26.1.2/net.minecraft.client.Minecraft.runTick(Minecraft.java:1291)
	at TRANSFORMER/minecraft@26.1.2/net.minecraft.client.Minecraft.run(Minecraft.java:937)
	at TRANSFORMER/minecraft@26.1.2/net.minecraft.client.main.Main.main(Main.java:246)
	at net.neoforged.fml.startup.Client.main(Client.java:19)
	at java.base/jdk.internal.reflect.DirectMethodHandleAccessor.invoke(DirectMethodHandleAccessor.java:104)
	at java.base/java.lang.reflect.Method.invoke(Method.java:565)
	at io.github.zekerzhayard.forgewrapper.installer.Main.main(Main.java:67)
	at java.base/jdk.internal.reflect.DirectMethodHandleAccessor.invoke(DirectMethodHandleAccessor.java:104)
	at java.base/java.lang.reflect.Method.invoke(Method.java:565)
	at org.jackhuang.hmcl.HMCLMultiMCBootstrap.launch(HMCLMultiMCBootstrap.java:80)
	at org.jackhuang.hmcl.HMCLMultiMCBootstrap.launchV1(HMCLMultiMCBootstrap.java:54)
	at org.jackhuang.hmcl.HMCLMultiMCBootstrap.main(HMCLMultiMCBootstrap.java:46)
[19:27:33] [Render thread/ERROR]: An interpreter is already registered for this: harvestheritage:seed_packet
java.lang.IllegalArgumentException
	at TRANSFORMER/jei@29.6.2.31/mezz.jei.library.load.registration.SubtypeRegistration.registerSubtypeInterpreter(SubtypeRegistration.java:33)
	at TRANSFORMER/jei@29.6.2.31/mezz.jei.api.registration.ISubtypeRegistration.registerSubtypeInterpreter(ISubtypeRegistration.java:45)
	at TRANSFORMER/anisum@0.0.1/dev.anvilcraft.resource.anisum.integration.jei.AnisumJeiPlugin.registerItemSubtypes(AnisumJeiPlugin.java:29)
	at TRANSFORMER/jei@29.6.2.31/mezz.jei.library.load.PluginLoader.lambda$registerSubtypes$0(PluginLoader.java:72)
	at TRANSFORMER/jei@29.6.2.31/mezz.jei.library.load.PluginCaller.callOnPlugins(PluginCaller.java:26)
	at TRANSFORMER/jei@29.6.2.31/mezz.jei.library.load.PluginLoader.registerSubtypes(PluginLoader.java:72)
	at TRANSFORMER/jei@29.6.2.31/mezz.jei.library.startup.JeiStarter.start(JeiStarter.java:119)
	at TRANSFORMER/jei@29.6.2.31/mezz.jei.neoforge.startup.StartEventObserver.transitionState(StartEventObserver.java:176)
	at TRANSFORMER/jei@29.6.2.31/mezz.jei.neoforge.startup.StartEventObserver.onEvent(StartEventObserver.java:121)
	at net.neoforged.bus.ConsumerEventHandler.invoke(ConsumerEventHandler.java:27)
	at net.neoforged.bus.EventBus.post(EventBus.java:360)
	at net.neoforged.bus.EventBus.post(EventBus.java:328)
	at TRANSFORMER/neoforge@26.1.2.75/net.neoforged.neoforge.client.network.ClientPayloadHandler.handle(ClientPayloadHandler.java:187)
	at TRANSFORMER/neoforge@26.1.2.75/net.neoforged.neoforge.network.handling.MainThreadPayloadHandler.lambda$handle$0(MainThreadPayloadHandler.java:16)
	at java.base/java.util.concurrent.CompletableFuture$AsyncRun.run(CompletableFuture.java:1825)
	at TRANSFORMER/neoforge@26.1.2.75/net.neoforged.neoforge.network.handling.QueuedPacket$CustomPayload.handle(QueuedPacket.java:17)
	at TRANSFORMER/minecraft@26.1.2/net.minecraft.network.PacketProcessor.processQueuedPackets(PacketProcessor.java:50)
	at TRANSFORMER/minecraft@26.1.2/net.minecraft.client.Minecraft.runTick(Minecraft.java:1291)
	at TRANSFORMER/minecraft@26.1.2/net.minecraft.client.Minecraft.run(Minecraft.java:937)
	at TRANSFORMER/minecraft@26.1.2/net.minecraft.client.main.Main.main(Main.java:246)
	at net.neoforged.fml.startup.Client.main(Client.java:19)
	at java.base/jdk.internal.reflect.DirectMethodHandleAccessor.invoke(DirectMethodHandleAccessor.java:104)
	at java.base/java.lang.reflect.Method.invoke(Method.java:565)
	at io.github.zekerzhayard.forgewrapper.installer.Main.main(Main.java:67)
	at java.base/jdk.internal.reflect.DirectMethodHandleAccessor.invoke(DirectMethodHandleAccessor.java:104)
	at java.base/java.lang.reflect.Method.invoke(Method.java:565)
	at org.jackhuang.hmcl.HMCLMultiMCBootstrap.launch(HMCLMultiMCBootstrap.java:80)
	at org.jackhuang.hmcl.HMCLMultiMCBootstrap.launchV1(HMCLMultiMCBootstrap.java:54)
	at org.jackhuang.hmcl.HMCLMultiMCBootstrap.main(HMCLMultiMCBootstrap.java:46)
[19:27:33] [Render thread/ERROR]: An interpreter is already registered for this: caupona:gravy_boat
java.lang.IllegalArgumentException
	at TRANSFORMER/jei@29.6.2.31/mezz.jei.library.load.registration.SubtypeRegistration.registerSubtypeInterpreter(SubtypeRegistration.java:33)
	at TRANSFORMER/jei@29.6.2.31/mezz.jei.api.registration.ISubtypeRegistration.registerSubtypeInterpreter(ISubtypeRegistration.java:45)
	at TRANSFORMER/caupona@26.1.2-6.0.1/com.teammoeg.caupona.compat.jei.JEICompat.registerItemSubtypes(JEICompat.java:164)
	at TRANSFORMER/jei@29.6.2.31/mezz.jei.library.load.PluginLoader.lambda$registerSubtypes$0(PluginLoader.java:72)
	at TRANSFORMER/jei@29.6.2.31/mezz.jei.library.load.PluginCaller.callOnPlugins(PluginCaller.java:26)
	at TRANSFORMER/jei@29.6.2.31/mezz.jei.library.load.PluginLoader.registerSubtypes(PluginLoader.java:72)
	at TRANSFORMER/jei@29.6.2.31/mezz.jei.library.startup.JeiStarter.start(JeiStarter.java:119)
	at TRANSFORMER/jei@29.6.2.31/mezz.jei.neoforge.startup.StartEventObserver.transitionState(StartEventObserver.java:176)
	at TRANSFORMER/jei@29.6.2.31/mezz.jei.neoforge.startup.StartEventObserver.onEvent(StartEventObserver.java:121)
	at net.neoforged.bus.ConsumerEventHandler.invoke(ConsumerEventHandler.java:27)
	at net.neoforged.bus.EventBus.post(EventBus.java:360)
	at net.neoforged.bus.EventBus.post(EventBus.java:328)
	at TRANSFORMER/neoforge@26.1.2.75/net.neoforged.neoforge.client.network.ClientPayloadHandler.handle(ClientPayloadHandler.java:187)
	at TRANSFORMER/neoforge@26.1.2.75/net.neoforged.neoforge.network.handling.MainThreadPayloadHandler.lambda$handle$0(MainThreadPayloadHandler.java:16)
	at java.base/java.util.concurrent.CompletableFuture$AsyncRun.run(CompletableFuture.java:1825)
	at TRANSFORMER/neoforge@26.1.2.75/net.neoforged.neoforge.network.handling.QueuedPacket$CustomPayload.handle(QueuedPacket.java:17)
	at TRANSFORMER/minecraft@26.1.2/net.minecraft.network.PacketProcessor.processQueuedPackets(PacketProcessor.java:50)
	at TRANSFORMER/minecraft@26.1.2/net.minecraft.client.Minecraft.runTick(Minecraft.java:1291)
	at TRANSFORMER/minecraft@26.1.2/net.minecraft.client.Minecraft.run(Minecraft.java:937)
	at TRANSFORMER/minecraft@26.1.2/net.minecraft.client.main.Main.main(Main.java:246)
	at net.neoforged.fml.startup.Client.main(Client.java:19)
	at java.base/jdk.internal.reflect.DirectMethodHandleAccessor.invoke(DirectMethodHandleAccessor.java:104)
	at java.base/java.lang.reflect.Method.invoke(Method.java:565)
	at io.github.zekerzhayard.forgewrapper.installer.Main.main(Main.java:67)
	at java.base/jdk.internal.reflect.DirectMethodHandleAccessor.invoke(DirectMethodHandleAccessor.java:104)
	at java.base/java.lang.reflect.Method.invoke(Method.java:565)
	at org.jackhuang.hmcl.HMCLMultiMCBootstrap.launch(HMCLMultiMCBootstrap.java:80)
	at org.jackhuang.hmcl.HMCLMultiMCBootstrap.launchV1(HMCLMultiMCBootstrap.java:54)
	at org.jackhuang.hmcl.HMCLMultiMCBootstrap.main(HMCLMultiMCBootstrap.java:46)
[19:27:33] [Render thread/ERROR]: An interpreter is already registered for this: mekanism:robit
java.lang.IllegalArgumentException
	at TRANSFORMER/jei@29.6.2.31/mezz.jei.library.load.registration.SubtypeRegistration.registerSubtypeInterpreter(SubtypeRegistration.java:33)
	at TRANSFORMER/jei@29.6.2.31/mezz.jei.api.registration.ISubtypeRegistration.registerSubtypeInterpreter(ISubtypeRegistration.java:45)
	at TRANSFORMER/mekanism@10.8.0/mekanism.client.recipe_viewer.jei.MekanismJEI.registerItemSubtypes(MekanismJEI.java:143)
	at TRANSFORMER/mekanism@10.8.0/mekanism.client.recipe_viewer.jei.MekanismJEI.registerItemSubtypes(MekanismJEI.java:151)
	at TRANSFORMER/jei@29.6.2.31/mezz.jei.library.load.PluginLoader.lambda$registerSubtypes$0(PluginLoader.java:72)
	at TRANSFORMER/jei@29.6.2.31/mezz.jei.library.load.PluginCaller.callOnPlugins(PluginCaller.java:26)
	at TRANSFORMER/jei@29.6.2.31/mezz.jei.library.load.PluginLoader.registerSubtypes(PluginLoader.java:72)
	at TRANSFORMER/jei@29.6.2.31/mezz.jei.library.startup.JeiStarter.start(JeiStarter.java:119)
	at TRANSFORMER/jei@29.6.2.31/mezz.jei.neoforge.startup.StartEventObserver.transitionState(StartEventObserver.java:176)
	at TRANSFORMER/jei@29.6.2.31/mezz.jei.neoforge.startup.StartEventObserver.onEvent(StartEventObserver.java:121)
	at net.neoforged.bus.ConsumerEventHandler.invoke(ConsumerEventHandler.java:27)
	at net.neoforged.bus.EventBus.post(EventBus.java:360)
	at net.neoforged.bus.EventBus.post(EventBus.java:328)
	at TRANSFORMER/neoforge@26.1.2.75/net.neoforged.neoforge.client.network.ClientPayloadHandler.handle(ClientPayloadHandler.java:187)
	at TRANSFORMER/neoforge@26.1.2.75/net.neoforged.neoforge.network.handling.MainThreadPayloadHandler.lambda$handle$0(MainThreadPayloadHandler.java:16)
	at java.base/java.util.concurrent.CompletableFuture$AsyncRun.run(CompletableFuture.java:1825)
	at TRANSFORMER/neoforge@26.1.2.75/net.neoforged.neoforge.network.handling.QueuedPacket$CustomPayload.handle(QueuedPacket.java:17)
	at TRANSFORMER/minecraft@26.1.2/net.minecraft.network.PacketProcessor.processQueuedPackets(PacketProcessor.java:50)
	at TRANSFORMER/minecraft@26.1.2/net.minecraft.client.Minecraft.runTick(Minecraft.java:1291)
	at TRANSFORMER/minecraft@26.1.2/net.minecraft.client.Minecraft.run(Minecraft.java:937)
	at TRANSFORMER/minecraft@26.1.2/net.minecraft.client.main.Main.main(Main.java:246)
	at net.neoforged.fml.startup.Client.main(Client.java:19)
	at java.base/jdk.internal.reflect.DirectMethodHandleAccessor.invoke(DirectMethodHandleAccessor.java:104)
	at java.base/java.lang.reflect.Method.invoke(Method.java:565)
	at io.github.zekerzhayard.forgewrapper.installer.Main.main(Main.java:67)
	at java.base/jdk.internal.reflect.DirectMethodHandleAccessor.invoke(DirectMethodHandleAccessor.java:104)
	at java.base/java.lang.reflect.Method.invoke(Method.java:565)
	at org.jackhuang.hmcl.HMCLMultiMCBootstrap.launch(HMCLMultiMCBootstrap.java:80)
	at org.jackhuang.hmcl.HMCLMultiMCBootstrap.launchV1(HMCLMultiMCBootstrap.java:54)
	at org.jackhuang.hmcl.HMCLMultiMCBootstrap.main(HMCLMultiMCBootstrap.java:46)
[19:27:33] [Render thread/ERROR]: An interpreter is already registered for this: mekanism:energy_tablet
java.lang.IllegalArgumentException
	at TRANSFORMER/jei@29.6.2.31/mezz.jei.library.load.registration.SubtypeRegistration.registerSubtypeInterpreter(SubtypeRegistration.java:33)
	at TRANSFORMER/jei@29.6.2.31/mezz.jei.api.registration.ISubtypeRegistration.registerSubtypeInterpreter(ISubtypeRegistration.java:45)
	at TRANSFORMER/mekanism@10.8.0/mekanism.client.recipe_viewer.jei.MekanismJEI.registerItemSubtypes(MekanismJEI.java:143)
	at TRANSFORMER/mekanism@10.8.0/mekanism.client.recipe_viewer.jei.MekanismJEI.registerItemSubtypes(MekanismJEI.java:151)
	at TRANSFORMER/jei@29.6.2.31/mezz.jei.library.load.PluginLoader.lambda$registerSubtypes$0(PluginLoader.java:72)
	at TRANSFORMER/jei@29.6.2.31/mezz.jei.library.load.PluginCaller.callOnPlugins(PluginCaller.java:26)
	at TRANSFORMER/jei@29.6.2.31/mezz.jei.library.load.PluginLoader.registerSubtypes(PluginLoader.java:72)
	at TRANSFORMER/jei@29.6.2.31/mezz.jei.library.startup.JeiStarter.start(JeiStarter.java:119)
	at TRANSFORMER/jei@29.6.2.31/mezz.jei.neoforge.startup.StartEventObserver.transitionState(StartEventObserver.java:176)
	at TRANSFORMER/jei@29.6.2.31/mezz.jei.neoforge.startup.StartEventObserver.onEvent(StartEventObserver.java:121)
	at net.neoforged.bus.ConsumerEventHandler.invoke(ConsumerEventHandler.java:27)
	at net.neoforged.bus.EventBus.post(EventBus.java:360)
	at net.neoforged.bus.EventBus.post(EventBus.java:328)
	at TRANSFORMER/neoforge@26.1.2.75/net.neoforged.neoforge.client.network.ClientPayloadHandler.handle(ClientPayloadHandler.java:187)
	at TRANSFORMER/neoforge@26.1.2.75/net.neoforged.neoforge.network.handling.MainThreadPayloadHandler.lambda$handle$0(MainThreadPayloadHandler.java:16)
	at java.base/java.util.concurrent.CompletableFuture$AsyncRun.run(CompletableFuture.java:1825)
	at TRANSFORMER/neoforge@26.1.2.75/net.neoforged.neoforge.network.handling.QueuedPacket$CustomPayload.handle(QueuedPacket.java:17)
	at TRANSFORMER/minecraft@26.1.2/net.minecraft.network.PacketProcessor.processQueuedPackets(PacketProcessor.java:50)
	at TRANSFORMER/minecraft@26.1.2/net.minecraft.client.Minecraft.runTick(Minecraft.java:1291)
	at TRANSFORMER/minecraft@26.1.2/net.minecraft.client.Minecraft.run(Minecraft.java:937)
	at TRANSFORMER/minecraft@26.1.2/net.minecraft.client.main.Main.main(Main.java:246)
	at net.neoforged.fml.startup.Client.main(Client.java:19)
	at java.base/jdk.internal.reflect.DirectMethodHandleAccessor.invoke(DirectMethodHandleAccessor.java:104)
	at java.base/java.lang.reflect.Method.invoke(Method.java:565)
	at io.github.zekerzhayard.forgewrapper.installer.Main.main(Main.java:67)
	at java.base/jdk.internal.reflect.DirectMethodHandleAccessor.invoke(DirectMethodHandleAccessor.java:104)
	at java.base/java.lang.reflect.Method.invoke(Method.java:565)
	at org.jackhuang.hmcl.HMCLMultiMCBootstrap.launch(HMCLMultiMCBootstrap.java:80)
	at org.jackhuang.hmcl.HMCLMultiMCBootstrap.launchV1(HMCLMultiMCBootstrap.java:54)
	at org.jackhuang.hmcl.HMCLMultiMCBootstrap.main(HMCLMultiMCBootstrap.java:46)
[19:27:33] [Render thread/ERROR]: An interpreter is already registered for this: mekanism:network_reader
java.lang.IllegalArgumentException
	at TRANSFORMER/jei@29.6.2.31/mezz.jei.library.load.registration.SubtypeRegistration.registerSubtypeInterpreter(SubtypeRegistration.java:33)
	at TRANSFORMER/jei@29.6.2.31/mezz.jei.api.registration.ISubtypeRegistration.registerSubtypeInterpreter(ISubtypeRegistration.java:45)
	at TRANSFORMER/mekanism@10.8.0/mekanism.client.recipe_viewer.jei.MekanismJEI.registerItemSubtypes(MekanismJEI.java:143)
	at TRANSFORMER/mekanism@10.8.0/mekanism.client.recipe_viewer.jei.MekanismJEI.registerItemSubtypes(MekanismJEI.java:151)
	at TRANSFORMER/jei@29.6.2.31/mezz.jei.library.load.PluginLoader.lambda$registerSubtypes$0(PluginLoader.java:72)
	at TRANSFORMER/jei@29.6.2.31/mezz.jei.library.load.PluginCaller.callOnPlugins(PluginCaller.java:26)
	at TRANSFORMER/jei@29.6.2.31/mezz.jei.library.load.PluginLoader.registerSubtypes(PluginLoader.java:72)
	at TRANSFORMER/jei@29.6.2.31/mezz.jei.library.startup.JeiStarter.start(JeiStarter.java:119)
	at TRANSFORMER/jei@29.6.2.31/mezz.jei.neoforge.startup.StartEventObserver.transitionState(StartEventObserver.java:176)
	at TRANSFORMER/jei@29.6.2.31/mezz.jei.neoforge.startup.StartEventObserver.onEvent(StartEventObserver.java:121)
	at net.neoforged.bus.ConsumerEventHandler.invoke(ConsumerEventHandler.java:27)
	at net.neoforged.bus.EventBus.post(EventBus.java:360)
	at net.neoforged.bus.EventBus.post(EventBus.java:328)
	at TRANSFORMER/neoforge@26.1.2.75/net.neoforged.neoforge.client.network.ClientPayloadHandler.handle(ClientPayloadHandler.java:187)
	at TRANSFORMER/neoforge@26.1.2.75/net.neoforged.neoforge.network.handling.MainThreadPayloadHandler.lambda$handle$0(MainThreadPayloadHandler.java:16)
	at java.base/java.util.concurrent.CompletableFuture$AsyncRun.run(CompletableFuture.java:1825)
	at TRANSFORMER/neoforge@26.1.2.75/net.neoforged.neoforge.network.handling.QueuedPacket$CustomPayload.handle(QueuedPacket.java:17)
	at TRANSFORMER/minecraft@26.1.2/net.minecraft.network.PacketProcessor.processQueuedPackets(PacketProcessor.java:50)
	at TRANSFORMER/minecraft@26.1.2/net.minecraft.client.Minecraft.runTick(Minecraft.java:1291)
	at TRANSFORMER/minecraft@26.1.2/net.minecraft.client.Minecraft.run(Minecraft.java:937)
	at TRANSFORMER/minecraft@26.1.2/net.minecraft.client.main.Main.main(Main.java:246)
	at net.neoforged.fml.startup.Client.main(Client.java:19)
	at java.base/jdk.internal.reflect.DirectMethodHandleAccessor.invoke(DirectMethodHandleAccessor.java:104)
	at java.base/java.lang.reflect.Method.invoke(Method.java:565)
	at io.github.zekerzhayard.forgewrapper.installer.Main.main(Main.java:67)
	at java.base/jdk.internal.reflect.DirectMethodHandleAccessor.invoke(DirectMethodHandleAccessor.java:104)
	at java.base/java.lang.reflect.Method.invoke(Method.java:565)
	at org.jackhuang.hmcl.HMCLMultiMCBootstrap.launch(HMCLMultiMCBootstrap.java:80)
	at org.jackhuang.hmcl.HMCLMultiMCBootstrap.launchV1(HMCLMultiMCBootstrap.java:54)
	at org.jackhuang.hmcl.HMCLMultiMCBootstrap.main(HMCLMultiMCBootstrap.java:46)
[19:27:33] [Render thread/ERROR]: An interpreter is already registered for this: mekanism:portable_teleporter
java.lang.IllegalArgumentException
	at TRANSFORMER/jei@29.6.2.31/mezz.jei.library.load.registration.SubtypeRegistration.registerSubtypeInterpreter(SubtypeRegistration.java:33)
	at TRANSFORMER/jei@29.6.2.31/mezz.jei.api.registration.ISubtypeRegistration.registerSubtypeInterpreter(ISubtypeRegistration.java:45)
	at TRANSFORMER/mekanism@10.8.0/mekanism.client.recipe_viewer.jei.MekanismJEI.registerItemSubtypes(MekanismJEI.java:143)
	at TRANSFORMER/mekanism@10.8.0/mekanism.client.recipe_viewer.jei.MekanismJEI.registerItemSubtypes(MekanismJEI.java:151)
	at TRANSFORMER/jei@29.6.2.31/mezz.jei.library.load.PluginLoader.lambda$registerSubtypes$0(PluginLoader.java:72)
	at TRANSFORMER/jei@29.6.2.31/mezz.jei.library.load.PluginCaller.callOnPlugins(PluginCaller.java:26)
	at TRANSFORMER/jei@29.6.2.31/mezz.jei.library.load.PluginLoader.registerSubtypes(PluginLoader.java:72)
	at TRANSFORMER/jei@29.6.2.31/mezz.jei.library.startup.JeiStarter.start(JeiStarter.java:119)
	at TRANSFORMER/jei@29.6.2.31/mezz.jei.neoforge.startup.StartEventObserver.transitionState(StartEventObserver.java:176)
	at TRANSFORMER/jei@29.6.2.31/mezz.jei.neoforge.startup.StartEventObserver.onEvent(StartEventObserver.java:121)
	at net.neoforged.bus.ConsumerEventHandler.invoke(ConsumerEventHandler.java:27)
	at net.neoforged.bus.EventBus.post(EventBus.java:360)
	at net.neoforged.bus.EventBus.post(EventBus.java:328)
	at TRANSFORMER/neoforge@26.1.2.75/net.neoforged.neoforge.client.network.ClientPayloadHandler.handle(ClientPayloadHandler.java:187)
	at TRANSFORMER/neoforge@26.1.2.75/net.neoforged.neoforge.network.handling.MainThreadPayloadHandler.lambda$handle$0(MainThreadPayloadHandler.java:16)
	at java.base/java.util.concurrent.CompletableFuture$AsyncRun.run(CompletableFuture.java:1825)
	at TRANSFORMER/neoforge@26.1.2.75/net.neoforged.neoforge.network.handling.QueuedPacket$CustomPayload.handle(QueuedPacket.java:17)
	at TRANSFORMER/minecraft@26.1.2/net.minecraft.network.PacketProcessor.processQueuedPackets(PacketProcessor.java:50)
	at TRANSFORMER/minecraft@26.1.2/net.minecraft.client.Minecraft.runTick(Minecraft.java:1291)
	at TRANSFORMER/minecraft@26.1.2/net.minecraft.client.Minecraft.run(Minecraft.java:937)
	at TRANSFORMER/minecraft@26.1.2/net.minecraft.client.main.Main.main(Main.java:246)
	at net.neoforged.fml.startup.Client.main(Client.java:19)
	at java.base/jdk.internal.reflect.DirectMethodHandleAccessor.invoke(DirectMethodHandleAccessor.java:104)
	at java.base/java.lang.reflect.Method.invoke(Method.java:565)
	at io.github.zekerzhayard.forgewrapper.installer.Main.main(Main.java:67)
	at java.base/jdk.internal.reflect.DirectMethodHandleAccessor.invoke(DirectMethodHandleAccessor.java:104)
	at java.base/java.lang.reflect.Method.invoke(Method.java:565)
	at org.jackhuang.hmcl.HMCLMultiMCBootstrap.launch(HMCLMultiMCBootstrap.java:80)
	at org.jackhuang.hmcl.HMCLMultiMCBootstrap.launchV1(HMCLMultiMCBootstrap.java:54)
	at org.jackhuang.hmcl.HMCLMultiMCBootstrap.main(HMCLMultiMCBootstrap.java:46)
[19:27:33] [Render thread/ERROR]: An interpreter is already registered for this: mekanism:seismic_reader
java.lang.IllegalArgumentException
	at TRANSFORMER/jei@29.6.2.31/mezz.jei.library.load.registration.SubtypeRegistration.registerSubtypeInterpreter(SubtypeRegistration.java:33)
	at TRANSFORMER/jei@29.6.2.31/mezz.jei.api.registration.ISubtypeRegistration.registerSubtypeInterpreter(ISubtypeRegistration.java:45)
	at TRANSFORMER/mekanism@10.8.0/mekanism.client.recipe_viewer.jei.MekanismJEI.registerItemSubtypes(MekanismJEI.java:143)
	at TRANSFORMER/mekanism@10.8.0/mekanism.client.recipe_viewer.jei.MekanismJEI.registerItemSubtypes(MekanismJEI.java:151)
	at TRANSFORMER/jei@29.6.2.31/mezz.jei.library.load.PluginLoader.lambda$registerSubtypes$0(PluginLoader.java:72)
	at TRANSFORMER/jei@29.6.2.31/mezz.jei.library.load.PluginCaller.callOnPlugins(PluginCaller.java:26)
	at TRANSFORMER/jei@29.6.2.31/mezz.jei.library.load.PluginLoader.registerSubtypes(PluginLoader.java:72)
	at TRANSFORMER/jei@29.6.2.31/mezz.jei.library.startup.JeiStarter.start(JeiStarter.java:119)
	at TRANSFORMER/jei@29.6.2.31/mezz.jei.neoforge.startup.StartEventObserver.transitionState(StartEventObserver.java:176)
	at TRANSFORMER/jei@29.6.2.31/mezz.jei.neoforge.startup.StartEventObserver.onEvent(StartEventObserver.java:121)
	at net.neoforged.bus.ConsumerEventHandler.invoke(ConsumerEventHandler.java:27)
	at net.neoforged.bus.EventBus.post(EventBus.java:360)
	at net.neoforged.bus.EventBus.post(EventBus.java:328)
	at TRANSFORMER/neoforge@26.1.2.75/net.neoforged.neoforge.client.network.ClientPayloadHandler.handle(ClientPayloadHandler.java:187)
	at TRANSFORMER/neoforge@26.1.2.75/net.neoforged.neoforge.network.handling.MainThreadPayloadHandler.lambda$handle$0(MainThreadPayloadHandler.java:16)
	at java.base/java.util.concurrent.CompletableFuture$AsyncRun.run(CompletableFuture.java:1825)
	at TRANSFORMER/neoforge@26.1.2.75/net.neoforged.neoforge.network.handling.QueuedPacket$CustomPayload.handle(QueuedPacket.java:17)
	at TRANSFORMER/minecraft@26.1.2/net.minecraft.network.PacketProcessor.processQueuedPackets(PacketProcessor.java:50)
	at TRANSFORMER/minecraft@26.1.2/net.minecraft.client.Minecraft.runTick(Minecraft.java:1291)
	at TRANSFORMER/minecraft@26.1.2/net.minecraft.client.Minecraft.run(Minecraft.java:937)
	at TRANSFORMER/minecraft@26.1.2/net.minecraft.client.main.Main.main(Main.java:246)
	at net.neoforged.fml.startup.Client.main(Client.java:19)
	at java.base/jdk.internal.reflect.DirectMethodHandleAccessor.invoke(DirectMethodHandleAccessor.java:104)
	at java.base/java.lang.reflect.Method.invoke(Method.java:565)
	at io.github.zekerzhayard.forgewrapper.installer.Main.main(Main.java:67)
	at java.base/jdk.internal.reflect.DirectMethodHandleAccessor.invoke(DirectMethodHandleAccessor.java:104)
	at java.base/java.lang.reflect.Method.invoke(Method.java:565)
	at org.jackhuang.hmcl.HMCLMultiMCBootstrap.launch(HMCLMultiMCBootstrap.java:80)
	at org.jackhuang.hmcl.HMCLMultiMCBootstrap.launchV1(HMCLMultiMCBootstrap.java:54)
	at org.jackhuang.hmcl.HMCLMultiMCBootstrap.main(HMCLMultiMCBootstrap.java:46)
[19:27:33] [Render thread/ERROR]: An interpreter is already registered for this: mekanism:gauge_dropper
java.lang.IllegalArgumentException
	at TRANSFORMER/jei@29.6.2.31/mezz.jei.library.load.registration.SubtypeRegistration.registerSubtypeInterpreter(SubtypeRegistration.java:33)
	at TRANSFORMER/jei@29.6.2.31/mezz.jei.api.registration.ISubtypeRegistration.registerSubtypeInterpreter(ISubtypeRegistration.java:45)
	at TRANSFORMER/mekanism@10.8.0/mekanism.client.recipe_viewer.jei.MekanismJEI.registerItemSubtypes(MekanismJEI.java:143)
	at TRANSFORMER/mekanism@10.8.0/mekanism.client.recipe_viewer.jei.MekanismJEI.registerItemSubtypes(MekanismJEI.java:151)
	at TRANSFORMER/jei@29.6.2.31/mezz.jei.library.load.PluginLoader.lambda$registerSubtypes$0(PluginLoader.java:72)
	at TRANSFORMER/jei@29.6.2.31/mezz.jei.library.load.PluginCaller.callOnPlugins(PluginCaller.java:26)
	at TRANSFORMER/jei@29.6.2.31/mezz.jei.library.load.PluginLoader.registerSubtypes(PluginLoader.java:72)
	at TRANSFORMER/jei@29.6.2.31/mezz.jei.library.startup.JeiStarter.start(JeiStarter.java:119)
	at TRANSFORMER/jei@29.6.2.31/mezz.jei.neoforge.startup.StartEventObserver.transitionState(StartEventObserver.java:176)
	at TRANSFORMER/jei@29.6.2.31/mezz.jei.neoforge.startup.StartEventObserver.onEvent(StartEventObserver.java:121)
	at net.neoforged.bus.ConsumerEventHandler.invoke(ConsumerEventHandler.java:27)
	at net.neoforged.bus.EventBus.post(EventBus.java:360)
	at net.neoforged.bus.EventBus.post(EventBus.java:328)
	at TRANSFORMER/neoforge@26.1.2.75/net.neoforged.neoforge.client.network.ClientPayloadHandler.handle(ClientPayloadHandler.java:187)
	at TRANSFORMER/neoforge@26.1.2.75/net.neoforged.neoforge.network.handling.MainThreadPayloadHandler.lambda$handle$0(MainThreadPayloadHandler.java:16)
	at java.base/java.util.concurrent.CompletableFuture$AsyncRun.run(CompletableFuture.java:1825)
	at TRANSFORMER/neoforge@26.1.2.75/net.neoforged.neoforge.network.handling.QueuedPacket$CustomPayload.handle(QueuedPacket.java:17)
	at TRANSFORMER/minecraft@26.1.2/net.minecraft.network.PacketProcessor.processQueuedPackets(PacketProcessor.java:50)
	at TRANSFORMER/minecraft@26.1.2/net.minecraft.client.Minecraft.runTick(Minecraft.java:1291)
	at TRANSFORMER/minecraft@26.1.2/net.minecraft.client.Minecraft.run(Minecraft.java:937)
	at TRANSFORMER/minecraft@26.1.2/net.minecraft.client.main.Main.main(Main.java:246)
	at net.neoforged.fml.startup.Client.main(Client.java:19)
	at java.base/jdk.internal.reflect.DirectMethodHandleAccessor.invoke(DirectMethodHandleAccessor.java:104)
	at java.base/java.lang.reflect.Method.invoke(Method.java:565)
	at io.github.zekerzhayard.forgewrapper.installer.Main.main(Main.java:67)
	at java.base/jdk.internal.reflect.DirectMethodHandleAccessor.invoke(DirectMethodHandleAccessor.java:104)
	at java.base/java.lang.reflect.Method.invoke(Method.java:565)
	at org.jackhuang.hmcl.HMCLMultiMCBootstrap.launch(HMCLMultiMCBootstrap.java:80)
	at org.jackhuang.hmcl.HMCLMultiMCBootstrap.launchV1(HMCLMultiMCBootstrap.java:54)
	at org.jackhuang.hmcl.HMCLMultiMCBootstrap.main(HMCLMultiMCBootstrap.java:46)
[19:27:33] [Render thread/ERROR]: An interpreter is already registered for this: mekanism:canteen
java.lang.IllegalArgumentException
	at TRANSFORMER/jei@29.6.2.31/mezz.jei.library.load.registration.SubtypeRegistration.registerSubtypeInterpreter(SubtypeRegistration.java:33)
	at TRANSFORMER/jei@29.6.2.31/mezz.jei.api.registration.ISubtypeRegistration.registerSubtypeInterpreter(ISubtypeRegistration.java:45)
	at TRANSFORMER/mekanism@10.8.0/mekanism.client.recipe_viewer.jei.MekanismJEI.registerItemSubtypes(MekanismJEI.java:143)
	at TRANSFORMER/mekanism@10.8.0/mekanism.client.recipe_viewer.jei.MekanismJEI.registerItemSubtypes(MekanismJEI.java:151)
	at TRANSFORMER/jei@29.6.2.31/mezz.jei.library.load.PluginLoader.lambda$registerSubtypes$0(PluginLoader.java:72)
	at TRANSFORMER/jei@29.6.2.31/mezz.jei.library.load.PluginCaller.callOnPlugins(PluginCaller.java:26)
	at TRANSFORMER/jei@29.6.2.31/mezz.jei.library.load.PluginLoader.registerSubtypes(PluginLoader.java:72)
	at TRANSFORMER/jei@29.6.2.31/mezz.jei.library.startup.JeiStarter.start(JeiStarter.java:119)
	at TRANSFORMER/jei@29.6.2.31/mezz.jei.neoforge.startup.StartEventObserver.transitionState(StartEventObserver.java:176)
	at TRANSFORMER/jei@29.6.2.31/mezz.jei.neoforge.startup.StartEventObserver.onEvent(StartEventObserver.java:121)
	at net.neoforged.bus.ConsumerEventHandler.invoke(ConsumerEventHandler.java:27)
	at net.neoforged.bus.EventBus.post(EventBus.java:360)
	at net.neoforged.bus.EventBus.post(EventBus.java:328)
	at TRANSFORMER/neoforge@26.1.2.75/net.neoforged.neoforge.client.network.ClientPayloadHandler.handle(ClientPayloadHandler.java:187)
	at TRANSFORMER/neoforge@26.1.2.75/net.neoforged.neoforge.network.handling.MainThreadPayloadHandler.lambda$handle$0(MainThreadPayloadHandler.java:16)
	at java.base/java.util.concurrent.CompletableFuture$AsyncRun.run(CompletableFuture.java:1825)
	at TRANSFORMER/neoforge@26.1.2.75/net.neoforged.neoforge.network.handling.QueuedPacket$CustomPayload.handle(QueuedPacket.java:17)
	at TRANSFORMER/minecraft@26.1.2/net.minecraft.network.PacketProcessor.processQueuedPackets(PacketProcessor.java:50)
	at TRANSFORMER/minecraft@26.1.2/net.minecraft.client.Minecraft.runTick(Minecraft.java:1291)
	at TRANSFORMER/minecraft@26.1.2/net.minecraft.client.Minecraft.run(Minecraft.java:937)
	at TRANSFORMER/minecraft@26.1.2/net.minecraft.client.main.Main.main(Main.java:246)
	at net.neoforged.fml.startup.Client.main(Client.java:19)
	at java.base/jdk.internal.reflect.DirectMethodHandleAccessor.invoke(DirectMethodHandleAccessor.java:104)
	at java.base/java.lang.reflect.Method.invoke(Method.java:565)
	at io.github.zekerzhayard.forgewrapper.installer.Main.main(Main.java:67)
	at java.base/jdk.internal.reflect.DirectMethodHandleAccessor.invoke(DirectMethodHandleAccessor.java:104)
	at java.base/java.lang.reflect.Method.invoke(Method.java:565)
	at org.jackhuang.hmcl.HMCLMultiMCBootstrap.launch(HMCLMultiMCBootstrap.java:80)
	at org.jackhuang.hmcl.HMCLMultiMCBootstrap.launchV1(HMCLMultiMCBootstrap.java:54)
	at org.jackhuang.hmcl.HMCLMultiMCBootstrap.main(HMCLMultiMCBootstrap.java:46)
[19:27:33] [Render thread/ERROR]: An interpreter is already registered for this: mekanism:mekasuit_helmet
java.lang.IllegalArgumentException
	at TRANSFORMER/jei@29.6.2.31/mezz.jei.library.load.registration.SubtypeRegistration.registerSubtypeInterpreter(SubtypeRegistration.java:33)
	at TRANSFORMER/jei@29.6.2.31/mezz.jei.api.registration.ISubtypeRegistration.registerSubtypeInterpreter(ISubtypeRegistration.java:45)
	at TRANSFORMER/mekanism@10.8.0/mekanism.client.recipe_viewer.jei.MekanismJEI.registerItemSubtypes(MekanismJEI.java:143)
	at TRANSFORMER/mekanism@10.8.0/mekanism.client.recipe_viewer.jei.MekanismJEI.registerItemSubtypes(MekanismJEI.java:151)
	at TRANSFORMER/jei@29.6.2.31/mezz.jei.library.load.PluginLoader.lambda$registerSubtypes$0(PluginLoader.java:72)
	at TRANSFORMER/jei@29.6.2.31/mezz.jei.library.load.PluginCaller.callOnPlugins(PluginCaller.java:26)
	at TRANSFORMER/jei@29.6.2.31/mezz.jei.library.load.PluginLoader.registerSubtypes(PluginLoader.java:72)
	at TRANSFORMER/jei@29.6.2.31/mezz.jei.library.startup.JeiStarter.start(JeiStarter.java:119)
	at TRANSFORMER/jei@29.6.2.31/mezz.jei.neoforge.startup.StartEventObserver.transitionState(StartEventObserver.java:176)
	at TRANSFORMER/jei@29.6.2.31/mezz.jei.neoforge.startup.StartEventObserver.onEvent(StartEventObserver.java:121)
	at net.neoforged.bus.ConsumerEventHandler.invoke(ConsumerEventHandler.java:27)
	at net.neoforged.bus.EventBus.post(EventBus.java:360)
	at net.neoforged.bus.EventBus.post(EventBus.java:328)
	at TRANSFORMER/neoforge@26.1.2.75/net.neoforged.neoforge.client.network.ClientPayloadHandler.handle(ClientPayloadHandler.java:187)
	at TRANSFORMER/neoforge@26.1.2.75/net.neoforged.neoforge.network.handling.MainThreadPayloadHandler.lambda$handle$0(MainThreadPayloadHandler.java:16)
	at java.base/java.util.concurrent.CompletableFuture$AsyncRun.run(CompletableFuture.java:1825)
	at TRANSFORMER/neoforge@26.1.2.75/net.neoforged.neoforge.network.handling.QueuedPacket$CustomPayload.handle(QueuedPacket.java:17)
	at TRANSFORMER/minecraft@26.1.2/net.minecraft.network.PacketProcessor.processQueuedPackets(PacketProcessor.java:50)
	at TRANSFORMER/minecraft@26.1.2/net.minecraft.client.Minecraft.runTick(Minecraft.java:1291)
	at TRANSFORMER/minecraft@26.1.2/net.minecraft.client.Minecraft.run(Minecraft.java:937)
	at TRANSFORMER/minecraft@26.1.2/net.minecraft.client.main.Main.main(Main.java:246)
	at net.neoforged.fml.startup.Client.main(Client.java:19)
	at java.base/jdk.internal.reflect.DirectMethodHandleAccessor.invoke(DirectMethodHandleAccessor.java:104)
	at java.base/java.lang.reflect.Method.invoke(Method.java:565)
	at io.github.zekerzhayard.forgewrapper.installer.Main.main(Main.java:67)
	at java.base/jdk.internal.reflect.DirectMethodHandleAccessor.invoke(DirectMethodHandleAccessor.java:104)
	at java.base/java.lang.reflect.Method.invoke(Method.java:565)
	at org.jackhuang.hmcl.HMCLMultiMCBootstrap.launch(HMCLMultiMCBootstrap.java:80)
	at org.jackhuang.hmcl.HMCLMultiMCBootstrap.launchV1(HMCLMultiMCBootstrap.java:54)
	at org.jackhuang.hmcl.HMCLMultiMCBootstrap.main(HMCLMultiMCBootstrap.java:46)
[19:27:33] [Render thread/ERROR]: An interpreter is already registered for this: mekanism:mekasuit_bodyarmor
java.lang.IllegalArgumentException
	at TRANSFORMER/jei@29.6.2.31/mezz.jei.library.load.registration.SubtypeRegistration.registerSubtypeInterpreter(SubtypeRegistration.java:33)
	at TRANSFORMER/jei@29.6.2.31/mezz.jei.api.registration.ISubtypeRegistration.registerSubtypeInterpreter(ISubtypeRegistration.java:45)
	at TRANSFORMER/mekanism@10.8.0/mekanism.client.recipe_viewer.jei.MekanismJEI.registerItemSubtypes(MekanismJEI.java:143)
	at TRANSFORMER/mekanism@10.8.0/mekanism.client.recipe_viewer.jei.MekanismJEI.registerItemSubtypes(MekanismJEI.java:151)
	at TRANSFORMER/jei@29.6.2.31/mezz.jei.library.load.PluginLoader.lambda$registerSubtypes$0(PluginLoader.java:72)
	at TRANSFORMER/jei@29.6.2.31/mezz.jei.library.load.PluginCaller.callOnPlugins(PluginCaller.java:26)
	at TRANSFORMER/jei@29.6.2.31/mezz.jei.library.load.PluginLoader.registerSubtypes(PluginLoader.java:72)
	at TRANSFORMER/jei@29.6.2.31/mezz.jei.library.startup.JeiStarter.start(JeiStarter.java:119)
	at TRANSFORMER/jei@29.6.2.31/mezz.jei.neoforge.startup.StartEventObserver.transitionState(StartEventObserver.java:176)
	at TRANSFORMER/jei@29.6.2.31/mezz.jei.neoforge.startup.StartEventObserver.onEvent(StartEventObserver.java:121)
	at net.neoforged.bus.ConsumerEventHandler.invoke(ConsumerEventHandler.java:27)
	at net.neoforged.bus.EventBus.post(EventBus.java:360)
	at net.neoforged.bus.EventBus.post(EventBus.java:328)
	at TRANSFORMER/neoforge@26.1.2.75/net.neoforged.neoforge.client.network.ClientPayloadHandler.handle(ClientPayloadHandler.java:187)
	at TRANSFORMER/neoforge@26.1.2.75/net.neoforged.neoforge.network.handling.MainThreadPayloadHandler.lambda$handle$0(MainThreadPayloadHandler.java:16)
	at java.base/java.util.concurrent.CompletableFuture$AsyncRun.run(CompletableFuture.java:1825)
	at TRANSFORMER/neoforge@26.1.2.75/net.neoforged.neoforge.network.handling.QueuedPacket$CustomPayload.handle(QueuedPacket.java:17)
	at TRANSFORMER/minecraft@26.1.2/net.minecraft.network.PacketProcessor.processQueuedPackets(PacketProcessor.java:50)
	at TRANSFORMER/minecraft@26.1.2/net.minecraft.client.Minecraft.runTick(Minecraft.java:1291)
	at TRANSFORMER/minecraft@26.1.2/net.minecraft.client.Minecraft.run(Minecraft.java:937)
	at TRANSFORMER/minecraft@26.1.2/net.minecraft.client.main.Main.main(Main.java:246)
	at net.neoforged.fml.startup.Client.main(Client.java:19)
	at java.base/jdk.internal.reflect.DirectMethodHandleAccessor.invoke(DirectMethodHandleAccessor.java:104)
	at java.base/java.lang.reflect.Method.invoke(Method.java:565)
	at io.github.zekerzhayard.forgewrapper.installer.Main.main(Main.java:67)
	at java.base/jdk.internal.reflect.DirectMethodHandleAccessor.invoke(DirectMethodHandleAccessor.java:104)
	at java.base/java.lang.reflect.Method.invoke(Method.java:565)
	at org.jackhuang.hmcl.HMCLMultiMCBootstrap.launch(HMCLMultiMCBootstrap.java:80)
	at org.jackhuang.hmcl.HMCLMultiMCBootstrap.launchV1(HMCLMultiMCBootstrap.java:54)
	at org.jackhuang.hmcl.HMCLMultiMCBootstrap.main(HMCLMultiMCBootstrap.java:46)
[19:27:33] [Render thread/ERROR]: An interpreter is already registered for this: mekanism:mekasuit_pants
java.lang.IllegalArgumentException
	at TRANSFORMER/jei@29.6.2.31/mezz.jei.library.load.registration.SubtypeRegistration.registerSubtypeInterpreter(SubtypeRegistration.java:33)
	at TRANSFORMER/jei@29.6.2.31/mezz.jei.api.registration.ISubtypeRegistration.registerSubtypeInterpreter(ISubtypeRegistration.java:45)
	at TRANSFORMER/mekanism@10.8.0/mekanism.client.recipe_viewer.jei.MekanismJEI.registerItemSubtypes(MekanismJEI.java:143)
	at TRANSFORMER/mekanism@10.8.0/mekanism.client.recipe_viewer.jei.MekanismJEI.registerItemSubtypes(MekanismJEI.java:151)
	at TRANSFORMER/jei@29.6.2.31/mezz.jei.library.load.PluginLoader.lambda$registerSubtypes$0(PluginLoader.java:72)
	at TRANSFORMER/jei@29.6.2.31/mezz.jei.library.load.PluginCaller.callOnPlugins(PluginCaller.java:26)
	at TRANSFORMER/jei@29.6.2.31/mezz.jei.library.load.PluginLoader.registerSubtypes(PluginLoader.java:72)
	at TRANSFORMER/jei@29.6.2.31/mezz.jei.library.startup.JeiStarter.start(JeiStarter.java:119)
	at TRANSFORMER/jei@29.6.2.31/mezz.jei.neoforge.startup.StartEventObserver.transitionState(StartEventObserver.java:176)
	at TRANSFORMER/jei@29.6.2.31/mezz.jei.neoforge.startup.StartEventObserver.onEvent(StartEventObserver.java:121)
	at net.neoforged.bus.ConsumerEventHandler.invoke(ConsumerEventHandler.java:27)
	at net.neoforged.bus.EventBus.post(EventBus.java:360)
	at net.neoforged.bus.EventBus.post(EventBus.java:328)
	at TRANSFORMER/neoforge@26.1.2.75/net.neoforged.neoforge.client.network.ClientPayloadHandler.handle(ClientPayloadHandler.java:187)
	at TRANSFORMER/neoforge@26.1.2.75/net.neoforged.neoforge.network.handling.MainThreadPayloadHandler.lambda$handle$0(MainThreadPayloadHandler.java:16)
	at java.base/java.util.concurrent.CompletableFuture$AsyncRun.run(CompletableFuture.java:1825)
	at TRANSFORMER/neoforge@26.1.2.75/net.neoforged.neoforge.network.handling.QueuedPacket$CustomPayload.handle(QueuedPacket.java:17)
	at TRANSFORMER/minecraft@26.1.2/net.minecraft.network.PacketProcessor.processQueuedPackets(PacketProcessor.java:50)
	at TRANSFORMER/minecraft@26.1.2/net.minecraft.client.Minecraft.runTick(Minecraft.java:1291)
	at TRANSFORMER/minecraft@26.1.2/net.minecraft.client.Minecraft.run(Minecraft.java:937)
	at TRANSFORMER/minecraft@26.1.2/net.minecraft.client.main.Main.main(Main.java:246)
	at net.neoforged.fml.startup.Client.main(Client.java:19)
	at java.base/jdk.internal.reflect.DirectMethodHandleAccessor.invoke(DirectMethodHandleAccessor.java:104)
	at java.base/java.lang.reflect.Method.invoke(Method.java:565)
	at io.github.zekerzhayard.forgewrapper.installer.Main.main(Main.java:67)
	at java.base/jdk.internal.reflect.DirectMethodHandleAccessor.invoke(DirectMethodHandleAccessor.java:104)
	at java.base/java.lang.reflect.Method.invoke(Method.java:565)
	at org.jackhuang.hmcl.HMCLMultiMCBootstrap.launch(HMCLMultiMCBootstrap.java:80)
	at org.jackhuang.hmcl.HMCLMultiMCBootstrap.launchV1(HMCLMultiMCBootstrap.java:54)
	at org.jackhuang.hmcl.HMCLMultiMCBootstrap.main(HMCLMultiMCBootstrap.java:46)
[19:27:33] [Render thread/ERROR]: An interpreter is already registered for this: mekanism:mekasuit_boots
java.lang.IllegalArgumentException
	at TRANSFORMER/jei@29.6.2.31/mezz.jei.library.load.registration.SubtypeRegistration.registerSubtypeInterpreter(SubtypeRegistration.java:33)
	at TRANSFORMER/jei@29.6.2.31/mezz.jei.api.registration.ISubtypeRegistration.registerSubtypeInterpreter(ISubtypeRegistration.java:45)
	at TRANSFORMER/mekanism@10.8.0/mekanism.client.recipe_viewer.jei.MekanismJEI.registerItemSubtypes(MekanismJEI.java:143)
	at TRANSFORMER/mekanism@10.8.0/mekanism.client.recipe_viewer.jei.MekanismJEI.registerItemSubtypes(MekanismJEI.java:151)
	at TRANSFORMER/jei@29.6.2.31/mezz.jei.library.load.PluginLoader.lambda$registerSubtypes$0(PluginLoader.java:72)
	at TRANSFORMER/jei@29.6.2.31/mezz.jei.library.load.PluginCaller.callOnPlugins(PluginCaller.java:26)
	at TRANSFORMER/jei@29.6.2.31/mezz.jei.library.load.PluginLoader.registerSubtypes(PluginLoader.java:72)
	at TRANSFORMER/jei@29.6.2.31/mezz.jei.library.startup.JeiStarter.start(JeiStarter.java:119)
	at TRANSFORMER/jei@29.6.2.31/mezz.jei.neoforge.startup.StartEventObserver.transitionState(StartEventObserver.java:176)
	at TRANSFORMER/jei@29.6.2.31/mezz.jei.neoforge.startup.StartEventObserver.onEvent(StartEventObserver.java:121)
	at net.neoforged.bus.ConsumerEventHandler.invoke(ConsumerEventHandler.java:27)
	at net.neoforged.bus.EventBus.post(EventBus.java:360)
	at net.neoforged.bus.EventBus.post(EventBus.java:328)
	at TRANSFORMER/neoforge@26.1.2.75/net.neoforged.neoforge.client.network.ClientPayloadHandler.handle(ClientPayloadHandler.java:187)
	at TRANSFORMER/neoforge@26.1.2.75/net.neoforged.neoforge.network.handling.MainThreadPayloadHandler.lambda$handle$0(MainThreadPayloadHandler.java:16)
	at java.base/java.util.concurrent.CompletableFuture$AsyncRun.run(CompletableFuture.java:1825)
	at TRANSFORMER/neoforge@26.1.2.75/net.neoforged.neoforge.network.handling.QueuedPacket$CustomPayload.handle(QueuedPacket.java:17)
	at TRANSFORMER/minecraft@26.1.2/net.minecraft.network.PacketProcessor.processQueuedPackets(PacketProcessor.java:50)
	at TRANSFORMER/minecraft@26.1.2/net.minecraft.client.Minecraft.runTick(Minecraft.java:1291)
	at TRANSFORMER/minecraft@26.1.2/net.minecraft.client.Minecraft.run(Minecraft.java:937)
	at TRANSFORMER/minecraft@26.1.2/net.minecraft.client.main.Main.main(Main.java:246)
	at net.neoforged.fml.startup.Client.main(Client.java:19)
	at java.base/jdk.internal.reflect.DirectMethodHandleAccessor.invoke(DirectMethodHandleAccessor.java:104)
	at java.base/java.lang.reflect.Method.invoke(Method.java:565)
	at io.github.zekerzhayard.forgewrapper.installer.Main.main(Main.java:67)
	at java.base/jdk.internal.reflect.DirectMethodHandleAccessor.invoke(DirectMethodHandleAccessor.java:104)
	at java.base/java.lang.reflect.Method.invoke(Method.java:565)
	at org.jackhuang.hmcl.HMCLMultiMCBootstrap.launch(HMCLMultiMCBootstrap.java:80)
	at org.jackhuang.hmcl.HMCLMultiMCBootstrap.launchV1(HMCLMultiMCBootstrap.java:54)
	at org.jackhuang.hmcl.HMCLMultiMCBootstrap.main(HMCLMultiMCBootstrap.java:46)
[19:27:33] [Render thread/ERROR]: An interpreter is already registered for this: mekanism:atomic_disassembler
java.lang.IllegalArgumentException
	at TRANSFORMER/jei@29.6.2.31/mezz.jei.library.load.registration.SubtypeRegistration.registerSubtypeInterpreter(SubtypeRegistration.java:33)
	at TRANSFORMER/jei@29.6.2.31/mezz.jei.api.registration.ISubtypeRegistration.registerSubtypeInterpreter(ISubtypeRegistration.java:45)
	at TRANSFORMER/mekanism@10.8.0/mekanism.client.recipe_viewer.jei.MekanismJEI.registerItemSubtypes(MekanismJEI.java:143)
	at TRANSFORMER/mekanism@10.8.0/mekanism.client.recipe_viewer.jei.MekanismJEI.registerItemSubtypes(MekanismJEI.java:151)
	at TRANSFORMER/jei@29.6.2.31/mezz.jei.library.load.PluginLoader.lambda$registerSubtypes$0(PluginLoader.java:72)
	at TRANSFORMER/jei@29.6.2.31/mezz.jei.library.load.PluginCaller.callOnPlugins(PluginCaller.java:26)
	at TRANSFORMER/jei@29.6.2.31/mezz.jei.library.load.PluginLoader.registerSubtypes(PluginLoader.java:72)
	at TRANSFORMER/jei@29.6.2.31/mezz.jei.library.startup.JeiStarter.start(JeiStarter.java:119)
	at TRANSFORMER/jei@29.6.2.31/mezz.jei.neoforge.startup.StartEventObserver.transitionState(StartEventObserver.java:176)
	at TRANSFORMER/jei@29.6.2.31/mezz.jei.neoforge.startup.StartEventObserver.onEvent(StartEventObserver.java:121)
	at net.neoforged.bus.ConsumerEventHandler.invoke(ConsumerEventHandler.java:27)
	at net.neoforged.bus.EventBus.post(EventBus.java:360)
	at net.neoforged.bus.EventBus.post(EventBus.java:328)
	at TRANSFORMER/neoforge@26.1.2.75/net.neoforged.neoforge.client.network.ClientPayloadHandler.handle(ClientPayloadHandler.java:187)
	at TRANSFORMER/neoforge@26.1.2.75/net.neoforged.neoforge.network.handling.MainThreadPayloadHandler.lambda$handle$0(MainThreadPayloadHandler.java:16)
	at java.base/java.util.concurrent.CompletableFuture$AsyncRun.run(CompletableFuture.java:1825)
	at TRANSFORMER/neoforge@26.1.2.75/net.neoforged.neoforge.network.handling.QueuedPacket$CustomPayload.handle(QueuedPacket.java:17)
	at TRANSFORMER/minecraft@26.1.2/net.minecraft.network.PacketProcessor.processQueuedPackets(PacketProcessor.java:50)
	at TRANSFORMER/minecraft@26.1.2/net.minecraft.client.Minecraft.runTick(Minecraft.java:1291)
	at TRANSFORMER/minecraft@26.1.2/net.minecraft.client.Minecraft.run(Minecraft.java:937)
	at TRANSFORMER/minecraft@26.1.2/net.minecraft.client.main.Main.main(Main.java:246)
	at net.neoforged.fml.startup.Client.main(Client.java:19)
	at java.base/jdk.internal.reflect.DirectMethodHandleAccessor.invoke(DirectMethodHandleAccessor.java:104)
	at java.base/java.lang.reflect.Method.invoke(Method.java:565)
	at io.github.zekerzhayard.forgewrapper.installer.Main.main(Main.java:67)
	at java.base/jdk.internal.reflect.DirectMethodHandleAccessor.invoke(DirectMethodHandleAccessor.java:104)
	at java.base/java.lang.reflect.Method.invoke(Method.java:565)
	at org.jackhuang.hmcl.HMCLMultiMCBootstrap.launch(HMCLMultiMCBootstrap.java:80)
	at org.jackhuang.hmcl.HMCLMultiMCBootstrap.launchV1(HMCLMultiMCBootstrap.java:54)
	at org.jackhuang.hmcl.HMCLMultiMCBootstrap.main(HMCLMultiMCBootstrap.java:46)
[19:27:33] [Render thread/ERROR]: An interpreter is already registered for this: mekanism:electric_bow
java.lang.IllegalArgumentException
	at TRANSFORMER/jei@29.6.2.31/mezz.jei.library.load.registration.SubtypeRegistration.registerSubtypeInterpreter(SubtypeRegistration.java:33)
	at TRANSFORMER/jei@29.6.2.31/mezz.jei.api.registration.ISubtypeRegistration.registerSubtypeInterpreter(ISubtypeRegistration.java:45)
	at TRANSFORMER/mekanism@10.8.0/mekanism.client.recipe_viewer.jei.MekanismJEI.registerItemSubtypes(MekanismJEI.java:143)
	at TRANSFORMER/mekanism@10.8.0/mekanism.client.recipe_viewer.jei.MekanismJEI.registerItemSubtypes(MekanismJEI.java:151)
	at TRANSFORMER/jei@29.6.2.31/mezz.jei.library.load.PluginLoader.lambda$registerSubtypes$0(PluginLoader.java:72)
	at TRANSFORMER/jei@29.6.2.31/mezz.jei.library.load.PluginCaller.callOnPlugins(PluginCaller.java:26)
	at TRANSFORMER/jei@29.6.2.31/mezz.jei.library.load.PluginLoader.registerSubtypes(PluginLoader.java:72)
	at TRANSFORMER/jei@29.6.2.31/mezz.jei.library.startup.JeiStarter.start(JeiStarter.java:119)
	at TRANSFORMER/jei@29.6.2.31/mezz.jei.neoforge.startup.StartEventObserver.transitionState(StartEventObserver.java:176)
	at TRANSFORMER/jei@29.6.2.31/mezz.jei.neoforge.startup.StartEventObserver.onEvent(StartEventObserver.java:121)
	at net.neoforged.bus.ConsumerEventHandler.invoke(ConsumerEventHandler.java:27)
	at net.neoforged.bus.EventBus.post(EventBus.java:360)
	at net.neoforged.bus.EventBus.post(EventBus.java:328)
	at TRANSFORMER/neoforge@26.1.2.75/net.neoforged.neoforge.client.network.ClientPayloadHandler.handle(ClientPayloadHandler.java:187)
	at TRANSFORMER/neoforge@26.1.2.75/net.neoforged.neoforge.network.handling.MainThreadPayloadHandler.lambda$handle$0(MainThreadPayloadHandler.java:16)
	at java.base/java.util.concurrent.CompletableFuture$AsyncRun.run(CompletableFuture.java:1825)
	at TRANSFORMER/neoforge@26.1.2.75/net.neoforged.neoforge.network.handling.QueuedPacket$CustomPayload.handle(QueuedPacket.java:17)
	at TRANSFORMER/minecraft@26.1.2/net.minecraft.network.PacketProcessor.processQueuedPackets(PacketProcessor.java:50)
	at TRANSFORMER/minecraft@26.1.2/net.minecraft.client.Minecraft.runTick(Minecraft.java:1291)
	at TRANSFORMER/minecraft@26.1.2/net.minecraft.client.Minecraft.run(Minecraft.java:937)
	at TRANSFORMER/minecraft@26.1.2/net.minecraft.client.main.Main.main(Main.java:246)
	at net.neoforged.fml.startup.Client.main(Client.java:19)
	at java.base/jdk.internal.reflect.DirectMethodHandleAccessor.invoke(DirectMethodHandleAccessor.java:104)
	at java.base/java.lang.reflect.Method.invoke(Method.java:565)
	at io.github.zekerzhayard.forgewrapper.installer.Main.main(Main.java:67)
	at java.base/jdk.internal.reflect.DirectMethodHandleAccessor.invoke(DirectMethodHandleAccessor.java:104)
	at java.base/java.lang.reflect.Method.invoke(Method.java:565)
	at org.jackhuang.hmcl.HMCLMultiMCBootstrap.launch(HMCLMultiMCBootstrap.java:80)
	at org.jackhuang.hmcl.HMCLMultiMCBootstrap.launchV1(HMCLMultiMCBootstrap.java:54)
	at org.jackhuang.hmcl.HMCLMultiMCBootstrap.main(HMCLMultiMCBootstrap.java:46)
[19:27:33] [Render thread/ERROR]: An interpreter is already registered for this: mekanism:flamethrower
java.lang.IllegalArgumentException
	at TRANSFORMER/jei@29.6.2.31/mezz.jei.library.load.registration.SubtypeRegistration.registerSubtypeInterpreter(SubtypeRegistration.java:33)
	at TRANSFORMER/jei@29.6.2.31/mezz.jei.api.registration.ISubtypeRegistration.registerSubtypeInterpreter(ISubtypeRegistration.java:45)
	at TRANSFORMER/mekanism@10.8.0/mekanism.client.recipe_viewer.jei.MekanismJEI.registerItemSubtypes(MekanismJEI.java:143)
	at TRANSFORMER/mekanism@10.8.0/mekanism.client.recipe_viewer.jei.MekanismJEI.registerItemSubtypes(MekanismJEI.java:151)
	at TRANSFORMER/jei@29.6.2.31/mezz.jei.library.load.PluginLoader.lambda$registerSubtypes$0(PluginLoader.java:72)
	at TRANSFORMER/jei@29.6.2.31/mezz.jei.library.load.PluginCaller.callOnPlugins(PluginCaller.java:26)
	at TRANSFORMER/jei@29.6.2.31/mezz.jei.library.load.PluginLoader.registerSubtypes(PluginLoader.java:72)
	at TRANSFORMER/jei@29.6.2.31/mezz.jei.library.startup.JeiStarter.start(JeiStarter.java:119)
	at TRANSFORMER/jei@29.6.2.31/mezz.jei.neoforge.startup.StartEventObserver.transitionState(StartEventObserver.java:176)
	at TRANSFORMER/jei@29.6.2.31/mezz.jei.neoforge.startup.StartEventObserver.onEvent(StartEventObserver.java:121)
	at net.neoforged.bus.ConsumerEventHandler.invoke(ConsumerEventHandler.java:27)
	at net.neoforged.bus.EventBus.post(EventBus.java:360)
	at net.neoforged.bus.EventBus.post(EventBus.java:328)
	at TRANSFORMER/neoforge@26.1.2.75/net.neoforged.neoforge.client.network.ClientPayloadHandler.handle(ClientPayloadHandler.java:187)
	at TRANSFORMER/neoforge@26.1.2.75/net.neoforged.neoforge.network.handling.MainThreadPayloadHandler.lambda$handle$0(MainThreadPayloadHandler.java:16)
	at java.base/java.util.concurrent.CompletableFuture$AsyncRun.run(CompletableFuture.java:1825)
	at TRANSFORMER/neoforge@26.1.2.75/net.neoforged.neoforge.network.handling.QueuedPacket$CustomPayload.handle(QueuedPacket.java:17)
	at TRANSFORMER/minecraft@26.1.2/net.minecraft.network.PacketProcessor.processQueuedPackets(PacketProcessor.java:50)
	at TRANSFORMER/minecraft@26.1.2/net.minecraft.client.Minecraft.runTick(Minecraft.java:1291)
	at TRANSFORMER/minecraft@26.1.2/net.minecraft.client.Minecraft.run(Minecraft.java:937)
	at TRANSFORMER/minecraft@26.1.2/net.minecraft.client.main.Main.main(Main.java:246)
	at net.neoforged.fml.startup.Client.main(Client.java:19)
	at java.base/jdk.internal.reflect.DirectMethodHandleAccessor.invoke(DirectMethodHandleAccessor.java:104)
	at java.base/java.lang.reflect.Method.invoke(Method.java:565)
	at io.github.zekerzhayard.forgewrapper.installer.Main.main(Main.java:67)
	at java.base/jdk.internal.reflect.DirectMethodHandleAccessor.invoke(DirectMethodHandleAccessor.java:104)
	at java.base/java.lang.reflect.Method.invoke(Method.java:565)
	at org.jackhuang.hmcl.HMCLMultiMCBootstrap.launch(HMCLMultiMCBootstrap.java:80)
	at org.jackhuang.hmcl.HMCLMultiMCBootstrap.launchV1(HMCLMultiMCBootstrap.java:54)
	at org.jackhuang.hmcl.HMCLMultiMCBootstrap.main(HMCLMultiMCBootstrap.java:46)
[19:27:33] [Render thread/ERROR]: An interpreter is already registered for this: mekanism:meka_tool
java.lang.IllegalArgumentException
	at TRANSFORMER/jei@29.6.2.31/mezz.jei.library.load.registration.SubtypeRegistration.registerSubtypeInterpreter(SubtypeRegistration.java:33)
	at TRANSFORMER/jei@29.6.2.31/mezz.jei.api.registration.ISubtypeRegistration.registerSubtypeInterpreter(ISubtypeRegistration.java:45)
	at TRANSFORMER/mekanism@10.8.0/mekanism.client.recipe_viewer.jei.MekanismJEI.registerItemSubtypes(MekanismJEI.java:143)
	at TRANSFORMER/mekanism@10.8.0/mekanism.client.recipe_viewer.jei.MekanismJEI.registerItemSubtypes(MekanismJEI.java:151)
	at TRANSFORMER/jei@29.6.2.31/mezz.jei.library.load.PluginLoader.lambda$registerSubtypes$0(PluginLoader.java:72)
	at TRANSFORMER/jei@29.6.2.31/mezz.jei.library.load.PluginCaller.callOnPlugins(PluginCaller.java:26)
	at TRANSFORMER/jei@29.6.2.31/mezz.jei.library.load.PluginLoader.registerSubtypes(PluginLoader.java:72)
	at TRANSFORMER/jei@29.6.2.31/mezz.jei.library.startup.JeiStarter.start(JeiStarter.java:119)
	at TRANSFORMER/jei@29.6.2.31/mezz.jei.neoforge.startup.StartEventObserver.transitionState(StartEventObserver.java:176)
	at TRANSFORMER/jei@29.6.2.31/mezz.jei.neoforge.startup.StartEventObserver.onEvent(StartEventObserver.java:121)
	at net.neoforged.bus.ConsumerEventHandler.invoke(ConsumerEventHandler.java:27)
	at net.neoforged.bus.EventBus.post(EventBus.java:360)
	at net.neoforged.bus.EventBus.post(EventBus.java:328)
	at TRANSFORMER/neoforge@26.1.2.75/net.neoforged.neoforge.client.network.ClientPayloadHandler.handle(ClientPayloadHandler.java:187)
	at TRANSFORMER/neoforge@26.1.2.75/net.neoforged.neoforge.network.handling.MainThreadPayloadHandler.lambda$handle$0(MainThreadPayloadHandler.java:16)
	at java.base/java.util.concurrent.CompletableFuture$AsyncRun.run(CompletableFuture.java:1825)
	at TRANSFORMER/neoforge@26.1.2.75/net.neoforged.neoforge.network.handling.QueuedPacket$CustomPayload.handle(QueuedPacket.java:17)
	at TRANSFORMER/minecraft@26.1.2/net.minecraft.network.PacketProcessor.processQueuedPackets(PacketProcessor.java:50)
	at TRANSFORMER/minecraft@26.1.2/net.minecraft.client.Minecraft.runTick(Minecraft.java:1291)
	at TRANSFORMER/minecraft@26.1.2/net.minecraft.client.Minecraft.run(Minecraft.java:937)
	at TRANSFORMER/minecraft@26.1.2/net.minecraft.client.main.Main.main(Main.java:246)
	at net.neoforged.fml.startup.Client.main(Client.java:19)
	at java.base/jdk.internal.reflect.DirectMethodHandleAccessor.invoke(DirectMethodHandleAccessor.java:104)
	at java.base/java.lang.reflect.Method.invoke(Method.java:565)
	at io.github.zekerzhayard.forgewrapper.installer.Main.main(Main.java:67)
	at java.base/jdk.internal.reflect.DirectMethodHandleAccessor.invoke(DirectMethodHandleAccessor.java:104)
	at java.base/java.lang.reflect.Method.invoke(Method.java:565)
	at org.jackhuang.hmcl.HMCLMultiMCBootstrap.launch(HMCLMultiMCBootstrap.java:80)
	at org.jackhuang.hmcl.HMCLMultiMCBootstrap.launchV1(HMCLMultiMCBootstrap.java:54)
	at org.jackhuang.hmcl.HMCLMultiMCBootstrap.main(HMCLMultiMCBootstrap.java:46)
[19:27:33] [Render thread/ERROR]: An interpreter is already registered for this: mekanism:free_runners
java.lang.IllegalArgumentException
	at TRANSFORMER/jei@29.6.2.31/mezz.jei.library.load.registration.SubtypeRegistration.registerSubtypeInterpreter(SubtypeRegistration.java:33)
	at TRANSFORMER/jei@29.6.2.31/mezz.jei.api.registration.ISubtypeRegistration.registerSubtypeInterpreter(ISubtypeRegistration.java:45)
	at TRANSFORMER/mekanism@10.8.0/mekanism.client.recipe_viewer.jei.MekanismJEI.registerItemSubtypes(MekanismJEI.java:143)
	at TRANSFORMER/mekanism@10.8.0/mekanism.client.recipe_viewer.jei.MekanismJEI.registerItemSubtypes(MekanismJEI.java:151)
	at TRANSFORMER/jei@29.6.2.31/mezz.jei.library.load.PluginLoader.lambda$registerSubtypes$0(PluginLoader.java:72)
	at TRANSFORMER/jei@29.6.2.31/mezz.jei.library.load.PluginCaller.callOnPlugins(PluginCaller.java:26)
	at TRANSFORMER/jei@29.6.2.31/mezz.jei.library.load.PluginLoader.registerSubtypes(PluginLoader.java:72)
	at TRANSFORMER/jei@29.6.2.31/mezz.jei.library.startup.JeiStarter.start(JeiStarter.java:119)
	at TRANSFORMER/jei@29.6.2.31/mezz.jei.neoforge.startup.StartEventObserver.transitionState(StartEventObserver.java:176)
	at TRANSFORMER/jei@29.6.2.31/mezz.jei.neoforge.startup.StartEventObserver.onEvent(StartEventObserver.java:121)
	at net.neoforged.bus.ConsumerEventHandler.invoke(ConsumerEventHandler.java:27)
	at net.neoforged.bus.EventBus.post(EventBus.java:360)
	at net.neoforged.bus.EventBus.post(EventBus.java:328)
	at TRANSFORMER/neoforge@26.1.2.75/net.neoforged.neoforge.client.network.ClientPayloadHandler.handle(ClientPayloadHandler.java:187)
	at TRANSFORMER/neoforge@26.1.2.75/net.neoforged.neoforge.network.handling.MainThreadPayloadHandler.lambda$handle$0(MainThreadPayloadHandler.java:16)
	at java.base/java.util.concurrent.CompletableFuture$AsyncRun.run(CompletableFuture.java:1825)
	at TRANSFORMER/neoforge@26.1.2.75/net.neoforged.neoforge.network.handling.QueuedPacket$CustomPayload.handle(QueuedPacket.java:17)
	at TRANSFORMER/minecraft@26.1.2/net.minecraft.network.PacketProcessor.processQueuedPackets(PacketProcessor.java:50)
	at TRANSFORMER/minecraft@26.1.2/net.minecraft.client.Minecraft.runTick(Minecraft.java:1291)
	at TRANSFORMER/minecraft@26.1.2/net.minecraft.client.Minecraft.run(Minecraft.java:937)
	at TRANSFORMER/minecraft@26.1.2/net.minecraft.client.main.Main.main(Main.java:246)
	at net.neoforged.fml.startup.Client.main(Client.java:19)
	at java.base/jdk.internal.reflect.DirectMethodHandleAccessor.invoke(DirectMethodHandleAccessor.java:104)
	at java.base/java.lang.reflect.Method.invoke(Method.java:565)
	at io.github.zekerzhayard.forgewrapper.installer.Main.main(Main.java:67)
	at java.base/jdk.internal.reflect.DirectMethodHandleAccessor.invoke(DirectMethodHandleAccessor.java:104)
	at java.base/java.lang.reflect.Method.invoke(Method.java:565)
	at org.jackhuang.hmcl.HMCLMultiMCBootstrap.launch(HMCLMultiMCBootstrap.java:80)
	at org.jackhuang.hmcl.HMCLMultiMCBootstrap.launchV1(HMCLMultiMCBootstrap.java:54)
	at org.jackhuang.hmcl.HMCLMultiMCBootstrap.main(HMCLMultiMCBootstrap.java:46)
[19:27:33] [Render thread/ERROR]: An interpreter is already registered for this: mekanism:free_runners_armored
java.lang.IllegalArgumentException
	at TRANSFORMER/jei@29.6.2.31/mezz.jei.library.load.registration.SubtypeRegistration.registerSubtypeInterpreter(SubtypeRegistration.java:33)
	at TRANSFORMER/jei@29.6.2.31/mezz.jei.api.registration.ISubtypeRegistration.registerSubtypeInterpreter(ISubtypeRegistration.java:45)
	at TRANSFORMER/mekanism@10.8.0/mekanism.client.recipe_viewer.jei.MekanismJEI.registerItemSubtypes(MekanismJEI.java:143)
	at TRANSFORMER/mekanism@10.8.0/mekanism.client.recipe_viewer.jei.MekanismJEI.registerItemSubtypes(MekanismJEI.java:151)
	at TRANSFORMER/jei@29.6.2.31/mezz.jei.library.load.PluginLoader.lambda$registerSubtypes$0(PluginLoader.java:72)
	at TRANSFORMER/jei@29.6.2.31/mezz.jei.library.load.PluginCaller.callOnPlugins(PluginCaller.java:26)
	at TRANSFORMER/jei@29.6.2.31/mezz.jei.library.load.PluginLoader.registerSubtypes(PluginLoader.java:72)
	at TRANSFORMER/jei@29.6.2.31/mezz.jei.library.startup.JeiStarter.start(JeiStarter.java:119)
	at TRANSFORMER/jei@29.6.2.31/mezz.jei.neoforge.startup.StartEventObserver.transitionState(StartEventObserver.java:176)
	at TRANSFORMER/jei@29.6.2.31/mezz.jei.neoforge.startup.StartEventObserver.onEvent(StartEventObserver.java:121)
	at net.neoforged.bus.ConsumerEventHandler.invoke(ConsumerEventHandler.java:27)
	at net.neoforged.bus.EventBus.post(EventBus.java:360)
	at net.neoforged.bus.EventBus.post(EventBus.java:328)
	at TRANSFORMER/neoforge@26.1.2.75/net.neoforged.neoforge.client.network.ClientPayloadHandler.handle(ClientPayloadHandler.java:187)
	at TRANSFORMER/neoforge@26.1.2.75/net.neoforged.neoforge.network.handling.MainThreadPayloadHandler.lambda$handle$0(MainThreadPayloadHandler.java:16)
	at java.base/java.util.concurrent.CompletableFuture$AsyncRun.run(CompletableFuture.java:1825)
	at TRANSFORMER/neoforge@26.1.2.75/net.neoforged.neoforge.network.handling.QueuedPacket$CustomPayload.handle(QueuedPacket.java:17)
	at TRANSFORMER/minecraft@26.1.2/net.minecraft.network.PacketProcessor.processQueuedPackets(PacketProcessor.java:50)
	at TRANSFORMER/minecraft@26.1.2/net.minecraft.client.Minecraft.runTick(Minecraft.java:1291)
	at TRANSFORMER/minecraft@26.1.2/net.minecraft.client.Minecraft.run(Minecraft.java:937)
	at TRANSFORMER/minecraft@26.1.2/net.minecraft.client.main.Main.main(Main.java:246)
	at net.neoforged.fml.startup.Client.main(Client.java:19)
	at java.base/jdk.internal.reflect.DirectMethodHandleAccessor.invoke(DirectMethodHandleAccessor.java:104)
	at java.base/java.lang.reflect.Method.invoke(Method.java:565)
	at io.github.zekerzhayard.forgewrapper.installer.Main.main(Main.java:67)
	at java.base/jdk.internal.reflect.DirectMethodHandleAccessor.invoke(DirectMethodHandleAccessor.java:104)
	at java.base/java.lang.reflect.Method.invoke(Method.java:565)
	at org.jackhuang.hmcl.HMCLMultiMCBootstrap.launch(HMCLMultiMCBootstrap.java:80)
	at org.jackhuang.hmcl.HMCLMultiMCBootstrap.launchV1(HMCLMultiMCBootstrap.java:54)
	at org.jackhuang.hmcl.HMCLMultiMCBootstrap.main(HMCLMultiMCBootstrap.java:46)
[19:27:33] [Render thread/ERROR]: An interpreter is already registered for this: mekanism:scuba_tank
java.lang.IllegalArgumentException
	at TRANSFORMER/jei@29.6.2.31/mezz.jei.library.load.registration.SubtypeRegistration.registerSubtypeInterpreter(SubtypeRegistration.java:33)
	at TRANSFORMER/jei@29.6.2.31/mezz.jei.api.registration.ISubtypeRegistration.registerSubtypeInterpreter(ISubtypeRegistration.java:45)
	at TRANSFORMER/mekanism@10.8.0/mekanism.client.recipe_viewer.jei.MekanismJEI.registerItemSubtypes(MekanismJEI.java:143)
	at TRANSFORMER/mekanism@10.8.0/mekanism.client.recipe_viewer.jei.MekanismJEI.registerItemSubtypes(MekanismJEI.java:151)
	at TRANSFORMER/jei@29.6.2.31/mezz.jei.library.load.PluginLoader.lambda$registerSubtypes$0(PluginLoader.java:72)
	at TRANSFORMER/jei@29.6.2.31/mezz.jei.library.load.PluginCaller.callOnPlugins(PluginCaller.java:26)
	at TRANSFORMER/jei@29.6.2.31/mezz.jei.library.load.PluginLoader.registerSubtypes(PluginLoader.java:72)
	at TRANSFORMER/jei@29.6.2.31/mezz.jei.library.startup.JeiStarter.start(JeiStarter.java:119)
	at TRANSFORMER/jei@29.6.2.31/mezz.jei.neoforge.startup.StartEventObserver.transitionState(StartEventObserver.java:176)
	at TRANSFORMER/jei@29.6.2.31/mezz.jei.neoforge.startup.StartEventObserver.onEvent(StartEventObserver.java:121)
	at net.neoforged.bus.ConsumerEventHandler.invoke(ConsumerEventHandler.java:27)
	at net.neoforged.bus.EventBus.post(EventBus.java:360)
	at net.neoforged.bus.EventBus.post(EventBus.java:328)
	at TRANSFORMER/neoforge@26.1.2.75/net.neoforged.neoforge.client.network.ClientPayloadHandler.handle(ClientPayloadHandler.java:187)
	at TRANSFORMER/neoforge@26.1.2.75/net.neoforged.neoforge.network.handling.MainThreadPayloadHandler.lambda$handle$0(MainThreadPayloadHandler.java:16)
	at java.base/java.util.concurrent.CompletableFuture$AsyncRun.run(CompletableFuture.java:1825)
	at TRANSFORMER/neoforge@26.1.2.75/net.neoforged.neoforge.network.handling.QueuedPacket$CustomPayload.handle(QueuedPacket.java:17)
	at TRANSFORMER/minecraft@26.1.2/net.minecraft.network.PacketProcessor.processQueuedPackets(PacketProcessor.java:50)
	at TRANSFORMER/minecraft@26.1.2/net.minecraft.client.Minecraft.runTick(Minecraft.java:1291)
	at TRANSFORMER/minecraft@26.1.2/net.minecraft.client.Minecraft.run(Minecraft.java:937)
	at TRANSFORMER/minecraft@26.1.2/net.minecraft.client.main.Main.main(Main.java:246)
	at net.neoforged.fml.startup.Client.main(Client.java:19)
	at java.base/jdk.internal.reflect.DirectMethodHandleAccessor.invoke(DirectMethodHandleAccessor.java:104)
	at java.base/java.lang.reflect.Method.invoke(Method.java:565)
	at io.github.zekerzhayard.forgewrapper.installer.Main.main(Main.java:67)
	at java.base/jdk.internal.reflect.DirectMethodHandleAccessor.invoke(DirectMethodHandleAccessor.java:104)
	at java.base/java.lang.reflect.Method.invoke(Method.java:565)
	at org.jackhuang.hmcl.HMCLMultiMCBootstrap.launch(HMCLMultiMCBootstrap.java:80)
	at org.jackhuang.hmcl.HMCLMultiMCBootstrap.launchV1(HMCLMultiMCBootstrap.java:54)
	at org.jackhuang.hmcl.HMCLMultiMCBootstrap.main(HMCLMultiMCBootstrap.java:46)
[19:27:33] [Render thread/ERROR]: An interpreter is already registered for this: mekanism:jetpack
java.lang.IllegalArgumentException
	at TRANSFORMER/jei@29.6.2.31/mezz.jei.library.load.registration.SubtypeRegistration.registerSubtypeInterpreter(SubtypeRegistration.java:33)
	at TRANSFORMER/jei@29.6.2.31/mezz.jei.api.registration.ISubtypeRegistration.registerSubtypeInterpreter(ISubtypeRegistration.java:45)
	at TRANSFORMER/mekanism@10.8.0/mekanism.client.recipe_viewer.jei.MekanismJEI.registerItemSubtypes(MekanismJEI.java:143)
	at TRANSFORMER/mekanism@10.8.0/mekanism.client.recipe_viewer.jei.MekanismJEI.registerItemSubtypes(MekanismJEI.java:151)
	at TRANSFORMER/jei@29.6.2.31/mezz.jei.library.load.PluginLoader.lambda$registerSubtypes$0(PluginLoader.java:72)
	at TRANSFORMER/jei@29.6.2.31/mezz.jei.library.load.PluginCaller.callOnPlugins(PluginCaller.java:26)
	at TRANSFORMER/jei@29.6.2.31/mezz.jei.library.load.PluginLoader.registerSubtypes(PluginLoader.java:72)
	at TRANSFORMER/jei@29.6.2.31/mezz.jei.library.startup.JeiStarter.start(JeiStarter.java:119)
	at TRANSFORMER/jei@29.6.2.31/mezz.jei.neoforge.startup.StartEventObserver.transitionState(StartEventObserver.java:176)
	at TRANSFORMER/jei@29.6.2.31/mezz.jei.neoforge.startup.StartEventObserver.onEvent(StartEventObserver.java:121)
	at net.neoforged.bus.ConsumerEventHandler.invoke(ConsumerEventHandler.java:27)
	at net.neoforged.bus.EventBus.post(EventBus.java:360)
	at net.neoforged.bus.EventBus.post(EventBus.java:328)
	at TRANSFORMER/neoforge@26.1.2.75/net.neoforged.neoforge.client.network.ClientPayloadHandler.handle(ClientPayloadHandler.java:187)
	at TRANSFORMER/neoforge@26.1.2.75/net.neoforged.neoforge.network.handling.MainThreadPayloadHandler.lambda$handle$0(MainThreadPayloadHandler.java:16)
	at java.base/java.util.concurrent.CompletableFuture$AsyncRun.run(CompletableFuture.java:1825)
	at TRANSFORMER/neoforge@26.1.2.75/net.neoforged.neoforge.network.handling.QueuedPacket$CustomPayload.handle(QueuedPacket.java:17)
	at TRANSFORMER/minecraft@26.1.2/net.minecraft.network.PacketProcessor.processQueuedPackets(PacketProcessor.java:50)
	at TRANSFORMER/minecraft@26.1.2/net.minecraft.client.Minecraft.runTick(Minecraft.java:1291)
	at TRANSFORMER/minecraft@26.1.2/net.minecraft.client.Minecraft.run(Minecraft.java:937)
	at TRANSFORMER/minecraft@26.1.2/net.minecraft.client.main.Main.main(Main.java:246)
	at net.neoforged.fml.startup.Client.main(Client.java:19)
	at java.base/jdk.internal.reflect.DirectMethodHandleAccessor.invoke(DirectMethodHandleAccessor.java:104)
	at java.base/java.lang.reflect.Method.invoke(Method.java:565)
	at io.github.zekerzhayard.forgewrapper.installer.Main.main(Main.java:67)
	at java.base/jdk.internal.reflect.DirectMethodHandleAccessor.invoke(DirectMethodHandleAccessor.java:104)
	at java.base/java.lang.reflect.Method.invoke(Method.java:565)
	at org.jackhuang.hmcl.HMCLMultiMCBootstrap.launch(HMCLMultiMCBootstrap.java:80)
	at org.jackhuang.hmcl.HMCLMultiMCBootstrap.launchV1(HMCLMultiMCBootstrap.java:54)
	at org.jackhuang.hmcl.HMCLMultiMCBootstrap.main(HMCLMultiMCBootstrap.java:46)
[19:27:33] [Render thread/ERROR]: An interpreter is already registered for this: mekanism:jetpack_armored
java.lang.IllegalArgumentException
	at TRANSFORMER/jei@29.6.2.31/mezz.jei.library.load.registration.SubtypeRegistration.registerSubtypeInterpreter(SubtypeRegistration.java:33)
	at TRANSFORMER/jei@29.6.2.31/mezz.jei.api.registration.ISubtypeRegistration.registerSubtypeInterpreter(ISubtypeRegistration.java:45)
	at TRANSFORMER/mekanism@10.8.0/mekanism.client.recipe_viewer.jei.MekanismJEI.registerItemSubtypes(MekanismJEI.java:143)
	at TRANSFORMER/mekanism@10.8.0/mekanism.client.recipe_viewer.jei.MekanismJEI.registerItemSubtypes(MekanismJEI.java:151)
	at TRANSFORMER/jei@29.6.2.31/mezz.jei.library.load.PluginLoader.lambda$registerSubtypes$0(PluginLoader.java:72)
	at TRANSFORMER/jei@29.6.2.31/mezz.jei.library.load.PluginCaller.callOnPlugins(PluginCaller.java:26)
	at TRANSFORMER/jei@29.6.2.31/mezz.jei.library.load.PluginLoader.registerSubtypes(PluginLoader.java:72)
	at TRANSFORMER/jei@29.6.2.31/mezz.jei.library.startup.JeiStarter.start(JeiStarter.java:119)
	at TRANSFORMER/jei@29.6.2.31/mezz.jei.neoforge.startup.StartEventObserver.transitionState(StartEventObserver.java:176)
	at TRANSFORMER/jei@29.6.2.31/mezz.jei.neoforge.startup.StartEventObserver.onEvent(StartEventObserver.java:121)
	at net.neoforged.bus.ConsumerEventHandler.invoke(ConsumerEventHandler.java:27)
	at net.neoforged.bus.EventBus.post(EventBus.java:360)
	at net.neoforged.bus.EventBus.post(EventBus.java:328)
	at TRANSFORMER/neoforge@26.1.2.75/net.neoforged.neoforge.client.network.ClientPayloadHandler.handle(ClientPayloadHandler.java:187)
	at TRANSFORMER/neoforge@26.1.2.75/net.neoforged.neoforge.network.handling.MainThreadPayloadHandler.lambda$handle$0(MainThreadPayloadHandler.java:16)
	at java.base/java.util.concurrent.CompletableFuture$AsyncRun.run(CompletableFuture.java:1825)
	at TRANSFORMER/neoforge@26.1.2.75/net.neoforged.neoforge.network.handling.QueuedPacket$CustomPayload.handle(QueuedPacket.java:17)
	at TRANSFORMER/minecraft@26.1.2/net.minecraft.network.PacketProcessor.processQueuedPackets(PacketProcessor.java:50)
	at TRANSFORMER/minecraft@26.1.2/net.minecraft.client.Minecraft.runTick(Minecraft.java:1291)
	at TRANSFORMER/minecraft@26.1.2/net.minecraft.client.Minecraft.run(Minecraft.java:937)
	at TRANSFORMER/minecraft@26.1.2/net.minecraft.client.main.Main.main(Main.java:246)
	at net.neoforged.fml.startup.Client.main(Client.java:19)
	at java.base/jdk.internal.reflect.DirectMethodHandleAccessor.invoke(DirectMethodHandleAccessor.java:104)
	at java.base/java.lang.reflect.Method.invoke(Method.java:565)
	at io.github.zekerzhayard.forgewrapper.installer.Main.main(Main.java:67)
	at java.base/jdk.internal.reflect.DirectMethodHandleAccessor.invoke(DirectMethodHandleAccessor.java:104)
	at java.base/java.lang.reflect.Method.invoke(Method.java:565)
	at org.jackhuang.hmcl.HMCLMultiMCBootstrap.launch(HMCLMultiMCBootstrap.java:80)
	at org.jackhuang.hmcl.HMCLMultiMCBootstrap.launchV1(HMCLMultiMCBootstrap.java:54)
	at org.jackhuang.hmcl.HMCLMultiMCBootstrap.main(HMCLMultiMCBootstrap.java:46)
[19:27:33] [Render thread/ERROR]: An interpreter is already registered for this: mekanism:basic_smelting_factory
java.lang.IllegalArgumentException
	at TRANSFORMER/jei@29.6.2.31/mezz.jei.library.load.registration.SubtypeRegistration.registerSubtypeInterpreter(SubtypeRegistration.java:33)
	at TRANSFORMER/jei@29.6.2.31/mezz.jei.api.registration.ISubtypeRegistration.registerSubtypeInterpreter(ISubtypeRegistration.java:45)
	at TRANSFORMER/mekanism@10.8.0/mekanism.client.recipe_viewer.jei.MekanismJEI.registerItemSubtypes(MekanismJEI.java:143)
	at TRANSFORMER/mekanism@10.8.0/mekanism.client.recipe_viewer.jei.MekanismJEI.registerItemSubtypes(MekanismJEI.java:152)
	at TRANSFORMER/jei@29.6.2.31/mezz.jei.library.load.PluginLoader.lambda$registerSubtypes$0(PluginLoader.java:72)
	at TRANSFORMER/jei@29.6.2.31/mezz.jei.library.load.PluginCaller.callOnPlugins(PluginCaller.java:26)
	at TRANSFORMER/jei@29.6.2.31/mezz.jei.library.load.PluginLoader.registerSubtypes(PluginLoader.java:72)
	at TRANSFORMER/jei@29.6.2.31/mezz.jei.library.startup.JeiStarter.start(JeiStarter.java:119)
	at TRANSFORMER/jei@29.6.2.31/mezz.jei.neoforge.startup.StartEventObserver.transitionState(StartEventObserver.java:176)
	at TRANSFORMER/jei@29.6.2.31/mezz.jei.neoforge.startup.StartEventObserver.onEvent(StartEventObserver.java:121)
	at net.neoforged.bus.ConsumerEventHandler.invoke(ConsumerEventHandler.java:27)
	at net.neoforged.bus.EventBus.post(EventBus.java:360)
	at net.neoforged.bus.EventBus.post(EventBus.java:328)
	at TRANSFORMER/neoforge@26.1.2.75/net.neoforged.neoforge.client.network.ClientPayloadHandler.handle(ClientPayloadHandler.java:187)
	at TRANSFORMER/neoforge@26.1.2.75/net.neoforged.neoforge.network.handling.MainThreadPayloadHandler.lambda$handle$0(MainThreadPayloadHandler.java:16)
	at java.base/java.util.concurrent.CompletableFuture$AsyncRun.run(CompletableFuture.java:1825)
	at TRANSFORMER/neoforge@26.1.2.75/net.neoforged.neoforge.network.handling.QueuedPacket$CustomPayload.handle(QueuedPacket.java:17)
	at TRANSFORMER/minecraft@26.1.2/net.minecraft.network.PacketProcessor.processQueuedPackets(PacketProcessor.java:50)
	at TRANSFORMER/minecraft@26.1.2/net.minecraft.client.Minecraft.runTick(Minecraft.java:1291)
	at TRANSFORMER/minecraft@26.1.2/net.minecraft.client.Minecraft.run(Minecraft.java:937)
	at TRANSFORMER/minecraft@26.1.2/net.minecraft.client.main.Main.main(Main.java:246)
	at net.neoforged.fml.startup.Client.main(Client.java:19)
	at java.base/jdk.internal.reflect.DirectMethodHandleAccessor.invoke(DirectMethodHandleAccessor.java:104)
	at java.base/java.lang.reflect.Method.invoke(Method.java:565)
	at io.github.zekerzhayard.forgewrapper.installer.Main.main(Main.java:67)
	at java.base/jdk.internal.reflect.DirectMethodHandleAccessor.invoke(DirectMethodHandleAccessor.java:104)
	at java.base/java.lang.reflect.Method.invoke(Method.java:565)
	at org.jackhuang.hmcl.HMCLMultiMCBootstrap.launch(HMCLMultiMCBootstrap.java:80)
	at org.jackhuang.hmcl.HMCLMultiMCBootstrap.launchV1(HMCLMultiMCBootstrap.java:54)
	at org.jackhuang.hmcl.HMCLMultiMCBootstrap.main(HMCLMultiMCBootstrap.java:46)
[19:27:33] [Render thread/ERROR]: An interpreter is already registered for this: mekanism:basic_enriching_factory
java.lang.IllegalArgumentException
	at TRANSFORMER/jei@29.6.2.31/mezz.jei.library.load.registration.SubtypeRegistration.registerSubtypeInterpreter(SubtypeRegistration.java:33)
	at TRANSFORMER/jei@29.6.2.31/mezz.jei.api.registration.ISubtypeRegistration.registerSubtypeInterpreter(ISubtypeRegistration.java:45)
	at TRANSFORMER/mekanism@10.8.0/mekanism.client.recipe_viewer.jei.MekanismJEI.registerItemSubtypes(MekanismJEI.java:143)
	at TRANSFORMER/mekanism@10.8.0/mekanism.client.recipe_viewer.jei.MekanismJEI.registerItemSubtypes(MekanismJEI.java:152)
	at TRANSFORMER/jei@29.6.2.31/mezz.jei.library.load.PluginLoader.lambda$registerSubtypes$0(PluginLoader.java:72)
	at TRANSFORMER/jei@29.6.2.31/mezz.jei.library.load.PluginCaller.callOnPlugins(PluginCaller.java:26)
	at TRANSFORMER/jei@29.6.2.31/mezz.jei.library.load.PluginLoader.registerSubtypes(PluginLoader.java:72)
	at TRANSFORMER/jei@29.6.2.31/mezz.jei.library.startup.JeiStarter.start(JeiStarter.java:119)
	at TRANSFORMER/jei@29.6.2.31/mezz.jei.neoforge.startup.StartEventObserver.transitionState(StartEventObserver.java:176)
	at TRANSFORMER/jei@29.6.2.31/mezz.jei.neoforge.startup.StartEventObserver.onEvent(StartEventObserver.java:121)
	at net.neoforged.bus.ConsumerEventHandler.invoke(ConsumerEventHandler.java:27)
	at net.neoforged.bus.EventBus.post(EventBus.java:360)
	at net.neoforged.bus.EventBus.post(EventBus.java:328)
	at TRANSFORMER/neoforge@26.1.2.75/net.neoforged.neoforge.client.network.ClientPayloadHandler.handle(ClientPayloadHandler.java:187)
	at TRANSFORMER/neoforge@26.1.2.75/net.neoforged.neoforge.network.handling.MainThreadPayloadHandler.lambda$handle$0(MainThreadPayloadHandler.java:16)
	at java.base/java.util.concurrent.CompletableFuture$AsyncRun.run(CompletableFuture.java:1825)
	at TRANSFORMER/neoforge@26.1.2.75/net.neoforged.neoforge.network.handling.QueuedPacket$CustomPayload.handle(QueuedPacket.java:17)
	at TRANSFORMER/minecraft@26.1.2/net.minecraft.network.PacketProcessor.processQueuedPackets(PacketProcessor.java:50)
	at TRANSFORMER/minecraft@26.1.2/net.minecraft.client.Minecraft.runTick(Minecraft.java:1291)
	at TRANSFORMER/minecraft@26.1.2/net.minecraft.client.Minecraft.run(Minecraft.java:937)
	at TRANSFORMER/minecraft@26.1.2/net.minecraft.client.main.Main.main(Main.java:246)
	at net.neoforged.fml.startup.Client.main(Client.java:19)
	at java.base/jdk.internal.reflect.DirectMethodHandleAccessor.invoke(DirectMethodHandleAccessor.java:104)
	at java.base/java.lang.reflect.Method.invoke(Method.java:565)
	at io.github.zekerzhayard.forgewrapper.installer.Main.main(Main.java:67)
	at java.base/jdk.internal.reflect.DirectMethodHandleAccessor.invoke(DirectMethodHandleAccessor.java:104)
	at java.base/java.lang.reflect.Method.invoke(Method.java:565)
	at org.jackhuang.hmcl.HMCLMultiMCBootstrap.launch(HMCLMultiMCBootstrap.java:80)
	at org.jackhuang.hmcl.HMCLMultiMCBootstrap.launchV1(HMCLMultiMCBootstrap.java:54)
	at org.jackhuang.hmcl.HMCLMultiMCBootstrap.main(HMCLMultiMCBootstrap.java:46)
[19:27:33] [Render thread/ERROR]: An interpreter is already registered for this: mekanism:basic_crushing_factory
java.lang.IllegalArgumentException
	at TRANSFORMER/jei@29.6.2.31/mezz.jei.library.load.registration.SubtypeRegistration.registerSubtypeInterpreter(SubtypeRegistration.java:33)
	at TRANSFORMER/jei@29.6.2.31/mezz.jei.api.registration.ISubtypeRegistration.registerSubtypeInterpreter(ISubtypeRegistration.java:45)
	at TRANSFORMER/mekanism@10.8.0/mekanism.client.recipe_viewer.jei.MekanismJEI.registerItemSubtypes(MekanismJEI.java:143)
	at TRANSFORMER/mekanism@10.8.0/mekanism.client.recipe_viewer.jei.MekanismJEI.registerItemSubtypes(MekanismJEI.java:152)
	at TRANSFORMER/jei@29.6.2.31/mezz.jei.library.load.PluginLoader.lambda$registerSubtypes$0(PluginLoader.java:72)
	at TRANSFORMER/jei@29.6.2.31/mezz.jei.library.load.PluginCaller.callOnPlugins(PluginCaller.java:26)
	at TRANSFORMER/jei@29.6.2.31/mezz.jei.library.load.PluginLoader.registerSubtypes(PluginLoader.java:72)
	at TRANSFORMER/jei@29.6.2.31/mezz.jei.library.startup.JeiStarter.start(JeiStarter.java:119)
	at TRANSFORMER/jei@29.6.2.31/mezz.jei.neoforge.startup.StartEventObserver.transitionState(StartEventObserver.java:176)
	at TRANSFORMER/jei@29.6.2.31/mezz.jei.neoforge.startup.StartEventObserver.onEvent(StartEventObserver.java:121)
	at net.neoforged.bus.ConsumerEventHandler.invoke(ConsumerEventHandler.java:27)
	at net.neoforged.bus.EventBus.post(EventBus.java:360)
	at net.neoforged.bus.EventBus.post(EventBus.java:328)
	at TRANSFORMER/neoforge@26.1.2.75/net.neoforged.neoforge.client.network.ClientPayloadHandler.handle(ClientPayloadHandler.java:187)
	at TRANSFORMER/neoforge@26.1.2.75/net.neoforged.neoforge.network.handling.MainThreadPayloadHandler.lambda$handle$0(MainThreadPayloadHandler.java:16)
	at java.base/java.util.concurrent.CompletableFuture$AsyncRun.run(CompletableFuture.java:1825)
	at TRANSFORMER/neoforge@26.1.2.75/net.neoforged.neoforge.network.handling.QueuedPacket$CustomPayload.handle(QueuedPacket.java:17)
	at TRANSFORMER/minecraft@26.1.2/net.minecraft.network.PacketProcessor.processQueuedPackets(PacketProcessor.java:50)
	at TRANSFORMER/minecraft@26.1.2/net.minecraft.client.Minecraft.runTick(Minecraft.java:1291)
	at TRANSFORMER/minecraft@26.1.2/net.minecraft.client.Minecraft.run(Minecraft.java:937)
	at TRANSFORMER/minecraft@26.1.2/net.minecraft.client.main.Main.main(Main.java:246)
	at net.neoforged.fml.startup.Client.main(Client.java:19)
	at java.base/jdk.internal.reflect.DirectMethodHandleAccessor.invoke(DirectMethodHandleAccessor.java:104)
	at java.base/java.lang.reflect.Method.invoke(Method.java:565)
	at io.github.zekerzhayard.forgewrapper.installer.Main.main(Main.java:67)
	at java.base/jdk.internal.reflect.DirectMethodHandleAccessor.invoke(DirectMethodHandleAccessor.java:104)
	at java.base/java.lang.reflect.Method.invoke(Method.java:565)
	at org.jackhuang.hmcl.HMCLMultiMCBootstrap.launch(HMCLMultiMCBootstrap.java:80)
	at org.jackhuang.hmcl.HMCLMultiMCBootstrap.launchV1(HMCLMultiMCBootstrap.java:54)
	at org.jackhuang.hmcl.HMCLMultiMCBootstrap.main(HMCLMultiMCBootstrap.java:46)
[19:27:33] [Render thread/ERROR]: An interpreter is already registered for this: mekanism:basic_compressing_factory
java.lang.IllegalArgumentException
	at TRANSFORMER/jei@29.6.2.31/mezz.jei.library.load.registration.SubtypeRegistration.registerSubtypeInterpreter(SubtypeRegistration.java:33)
	at TRANSFORMER/jei@29.6.2.31/mezz.jei.api.registration.ISubtypeRegistration.registerSubtypeInterpreter(ISubtypeRegistration.java:45)
	at TRANSFORMER/mekanism@10.8.0/mekanism.client.recipe_viewer.jei.MekanismJEI.registerItemSubtypes(MekanismJEI.java:143)
	at TRANSFORMER/mekanism@10.8.0/mekanism.client.recipe_viewer.jei.MekanismJEI.registerItemSubtypes(MekanismJEI.java:152)
	at TRANSFORMER/jei@29.6.2.31/mezz.jei.library.load.PluginLoader.lambda$registerSubtypes$0(PluginLoader.java:72)
	at TRANSFORMER/jei@29.6.2.31/mezz.jei.library.load.PluginCaller.callOnPlugins(PluginCaller.java:26)
	at TRANSFORMER/jei@29.6.2.31/mezz.jei.library.load.PluginLoader.registerSubtypes(PluginLoader.java:72)
	at TRANSFORMER/jei@29.6.2.31/mezz.jei.library.startup.JeiStarter.start(JeiStarter.java:119)
	at TRANSFORMER/jei@29.6.2.31/mezz.jei.neoforge.startup.StartEventObserver.transitionState(StartEventObserver.java:176)
	at TRANSFORMER/jei@29.6.2.31/mezz.jei.neoforge.startup.StartEventObserver.onEvent(StartEventObserver.java:121)
	at net.neoforged.bus.ConsumerEventHandler.invoke(ConsumerEventHandler.java:27)
	at net.neoforged.bus.EventBus.post(EventBus.java:360)
	at net.neoforged.bus.EventBus.post(EventBus.java:328)
	at TRANSFORMER/neoforge@26.1.2.75/net.neoforged.neoforge.client.network.ClientPayloadHandler.handle(ClientPayloadHandler.java:187)
	at TRANSFORMER/neoforge@26.1.2.75/net.neoforged.neoforge.network.handling.MainThreadPayloadHandler.lambda$handle$0(MainThreadPayloadHandler.java:16)
	at java.base/java.util.concurrent.CompletableFuture$AsyncRun.run(CompletableFuture.java:1825)
	at TRANSFORMER/neoforge@26.1.2.75/net.neoforged.neoforge.network.handling.QueuedPacket$CustomPayload.handle(QueuedPacket.java:17)
	at TRANSFORMER/minecraft@26.1.2/net.minecraft.network.PacketProcessor.processQueuedPackets(PacketProcessor.java:50)
	at TRANSFORMER/minecraft@26.1.2/net.minecraft.client.Minecraft.runTick(Minecraft.java:1291)
	at TRANSFORMER/minecraft@26.1.2/net.minecraft.client.Minecraft.run(Minecraft.java:937)
	at TRANSFORMER/minecraft@26.1.2/net.minecraft.client.main.Main.main(Main.java:246)
	at net.neoforged.fml.startup.Client.main(Client.java:19)
	at java.base/jdk.internal.reflect.DirectMethodHandleAccessor.invoke(DirectMethodHandleAccessor.java:104)
	at java.base/java.lang.reflect.Method.invoke(Method.java:565)
	at io.github.zekerzhayard.forgewrapper.installer.Main.main(Main.java:67)
	at java.base/jdk.internal.reflect.DirectMethodHandleAccessor.invoke(DirectMethodHandleAccessor.java:104)
	at java.base/java.lang.reflect.Method.invoke(Method.java:565)
	at org.jackhuang.hmcl.HMCLMultiMCBootstrap.launch(HMCLMultiMCBootstrap.java:80)
	at org.jackhuang.hmcl.HMCLMultiMCBootstrap.launchV1(HMCLMultiMCBootstrap.java:54)
	at org.jackhuang.hmcl.HMCLMultiMCBootstrap.main(HMCLMultiMCBootstrap.java:46)
[19:27:33] [Render thread/ERROR]: An interpreter is already registered for this: mekanism:basic_combining_factory
java.lang.IllegalArgumentException
	at TRANSFORMER/jei@29.6.2.31/mezz.jei.library.load.registration.SubtypeRegistration.registerSubtypeInterpreter(SubtypeRegistration.java:33)
	at TRANSFORMER/jei@29.6.2.31/mezz.jei.api.registration.ISubtypeRegistration.registerSubtypeInterpreter(ISubtypeRegistration.java:45)
	at TRANSFORMER/mekanism@10.8.0/mekanism.client.recipe_viewer.jei.MekanismJEI.registerItemSubtypes(MekanismJEI.java:143)
	at TRANSFORMER/mekanism@10.8.0/mekanism.client.recipe_viewer.jei.MekanismJEI.registerItemSubtypes(MekanismJEI.java:152)
	at TRANSFORMER/jei@29.6.2.31/mezz.jei.library.load.PluginLoader.lambda$registerSubtypes$0(PluginLoader.java:72)
	at TRANSFORMER/jei@29.6.2.31/mezz.jei.library.load.PluginCaller.callOnPlugins(PluginCaller.java:26)
	at TRANSFORMER/jei@29.6.2.31/mezz.jei.library.load.PluginLoader.registerSubtypes(PluginLoader.java:72)
	at TRANSFORMER/jei@29.6.2.31/mezz.jei.library.startup.JeiStarter.start(JeiStarter.java:119)
	at TRANSFORMER/jei@29.6.2.31/mezz.jei.neoforge.startup.StartEventObserver.transitionState(StartEventObserver.java:176)
	at TRANSFORMER/jei@29.6.2.31/mezz.jei.neoforge.startup.StartEventObserver.onEvent(StartEventObserver.java:121)
	at net.neoforged.bus.ConsumerEventHandler.invoke(ConsumerEventHandler.java:27)
	at net.neoforged.bus.EventBus.post(EventBus.java:360)
	at net.neoforged.bus.EventBus.post(EventBus.java:328)
	at TRANSFORMER/neoforge@26.1.2.75/net.neoforged.neoforge.client.network.ClientPayloadHandler.handle(ClientPayloadHandler.java:187)
	at TRANSFORMER/neoforge@26.1.2.75/net.neoforged.neoforge.network.handling.MainThreadPayloadHandler.lambda$handle$0(MainThreadPayloadHandler.java:16)
	at java.base/java.util.concurrent.CompletableFuture$AsyncRun.run(CompletableFuture.java:1825)
	at TRANSFORMER/neoforge@26.1.2.75/net.neoforged.neoforge.network.handling.QueuedPacket$CustomPayload.handle(QueuedPacket.java:17)
	at TRANSFORMER/minecraft@26.1.2/net.minecraft.network.PacketProcessor.processQueuedPackets(PacketProcessor.java:50)
	at TRANSFORMER/minecraft@26.1.2/net.minecraft.client.Minecraft.runTick(Minecraft.java:1291)
	at TRANSFORMER/minecraft@26.1.2/net.minecraft.client.Minecraft.run(Minecraft.java:937)
	at TRANSFORMER/minecraft@26.1.2/net.minecraft.client.main.Main.main(Main.java:246)
	at net.neoforged.fml.startup.Client.main(Client.java:19)
	at java.base/jdk.internal.reflect.DirectMethodHandleAccessor.invoke(DirectMethodHandleAccessor.java:104)
	at java.base/java.lang.reflect.Method.invoke(Method.java:565)
	at io.github.zekerzhayard.forgewrapper.installer.Main.main(Main.java:67)
	at java.base/jdk.internal.reflect.DirectMethodHandleAccessor.invoke(DirectMethodHandleAccessor.java:104)
	at java.base/java.lang.reflect.Method.invoke(Method.java:565)
	at org.jackhuang.hmcl.HMCLMultiMCBootstrap.launch(HMCLMultiMCBootstrap.java:80)
	at org.jackhuang.hmcl.HMCLMultiMCBootstrap.launchV1(HMCLMultiMCBootstrap.java:54)
	at org.jackhuang.hmcl.HMCLMultiMCBootstrap.main(HMCLMultiMCBootstrap.java:46)
[19:27:33] [Render thread/ERROR]: An interpreter is already registered for this: mekanism:basic_purifying_factory
java.lang.IllegalArgumentException
	at TRANSFORMER/jei@29.6.2.31/mezz.jei.library.load.registration.SubtypeRegistration.registerSubtypeInterpreter(SubtypeRegistration.java:33)
	at TRANSFORMER/jei@29.6.2.31/mezz.jei.api.registration.ISubtypeRegistration.registerSubtypeInterpreter(ISubtypeRegistration.java:45)
	at TRANSFORMER/mekanism@10.8.0/mekanism.client.recipe_viewer.jei.MekanismJEI.registerItemSubtypes(MekanismJEI.java:143)
	at TRANSFORMER/mekanism@10.8.0/mekanism.client.recipe_viewer.jei.MekanismJEI.registerItemSubtypes(MekanismJEI.java:152)
	at TRANSFORMER/jei@29.6.2.31/mezz.jei.library.load.PluginLoader.lambda$registerSubtypes$0(PluginLoader.java:72)
	at TRANSFORMER/jei@29.6.2.31/mezz.jei.library.load.PluginCaller.callOnPlugins(PluginCaller.java:26)
	at TRANSFORMER/jei@29.6.2.31/mezz.jei.library.load.PluginLoader.registerSubtypes(PluginLoader.java:72)
	at TRANSFORMER/jei@29.6.2.31/mezz.jei.library.startup.JeiStarter.start(JeiStarter.java:119)
	at TRANSFORMER/jei@29.6.2.31/mezz.jei.neoforge.startup.StartEventObserver.transitionState(StartEventObserver.java:176)
	at TRANSFORMER/jei@29.6.2.31/mezz.jei.neoforge.startup.StartEventObserver.onEvent(StartEventObserver.java:121)
	at net.neoforged.bus.ConsumerEventHandler.invoke(ConsumerEventHandler.java:27)
	at net.neoforged.bus.EventBus.post(EventBus.java:360)
	at net.neoforged.bus.EventBus.post(EventBus.java:328)
	at TRANSFORMER/neoforge@26.1.2.75/net.neoforged.neoforge.client.network.ClientPayloadHandler.handle(ClientPayloadHandler.java:187)
	at TRANSFORMER/neoforge@26.1.2.75/net.neoforged.neoforge.network.handling.MainThreadPayloadHandler.lambda$handle$0(MainThreadPayloadHandler.java:16)
	at java.base/java.util.concurrent.CompletableFuture$AsyncRun.run(CompletableFuture.java:1825)
	at TRANSFORMER/neoforge@26.1.2.75/net.neoforged.neoforge.network.handling.QueuedPacket$CustomPayload.handle(QueuedPacket.java:17)
	at TRANSFORMER/minecraft@26.1.2/net.minecraft.network.PacketProcessor.processQueuedPackets(PacketProcessor.java:50)
	at TRANSFORMER/minecraft@26.1.2/net.minecraft.client.Minecraft.runTick(Minecraft.java:1291)
	at TRANSFORMER/minecraft@26.1.2/net.minecraft.client.Minecraft.run(Minecraft.java:937)
	at TRANSFORMER/minecraft@26.1.2/net.minecraft.client.main.Main.main(Main.java:246)
	at net.neoforged.fml.startup.Client.main(Client.java:19)
	at java.base/jdk.internal.reflect.DirectMethodHandleAccessor.invoke(DirectMethodHandleAccessor.java:104)
	at java.base/java.lang.reflect.Method.invoke(Method.java:565)
	at io.github.zekerzhayard.forgewrapper.installer.Main.main(Main.java:67)
	at java.base/jdk.internal.reflect.DirectMethodHandleAccessor.invoke(DirectMethodHandleAccessor.java:104)
	at java.base/java.lang.reflect.Method.invoke(Method.java:565)
	at org.jackhuang.hmcl.HMCLMultiMCBootstrap.launch(HMCLMultiMCBootstrap.java:80)
	at org.jackhuang.hmcl.HMCLMultiMCBootstrap.launchV1(HMCLMultiMCBootstrap.java:54)
	at org.jackhuang.hmcl.HMCLMultiMCBootstrap.main(HMCLMultiMCBootstrap.java:46)
[19:27:33] [Render thread/ERROR]: An interpreter is already registered for this: mekanism:basic_injecting_factory
java.lang.IllegalArgumentException
	at TRANSFORMER/jei@29.6.2.31/mezz.jei.library.load.registration.SubtypeRegistration.registerSubtypeInterpreter(SubtypeRegistration.java:33)
	at TRANSFORMER/jei@29.6.2.31/mezz.jei.api.registration.ISubtypeRegistration.registerSubtypeInterpreter(ISubtypeRegistration.java:45)
	at TRANSFORMER/mekanism@10.8.0/mekanism.client.recipe_viewer.jei.MekanismJEI.registerItemSubtypes(MekanismJEI.java:143)
	at TRANSFORMER/mekanism@10.8.0/mekanism.client.recipe_viewer.jei.MekanismJEI.registerItemSubtypes(MekanismJEI.java:152)
	at TRANSFORMER/jei@29.6.2.31/mezz.jei.library.load.PluginLoader.lambda$registerSubtypes$0(PluginLoader.java:72)
	at TRANSFORMER/jei@29.6.2.31/mezz.jei.library.load.PluginCaller.callOnPlugins(PluginCaller.java:26)
	at TRANSFORMER/jei@29.6.2.31/mezz.jei.library.load.PluginLoader.registerSubtypes(PluginLoader.java:72)
	at TRANSFORMER/jei@29.6.2.31/mezz.jei.library.startup.JeiStarter.start(JeiStarter.java:119)
	at TRANSFORMER/jei@29.6.2.31/mezz.jei.neoforge.startup.StartEventObserver.transitionState(StartEventObserver.java:176)
	at TRANSFORMER/jei@29.6.2.31/mezz.jei.neoforge.startup.StartEventObserver.onEvent(StartEventObserver.java:121)
	at net.neoforged.bus.ConsumerEventHandler.invoke(ConsumerEventHandler.java:27)
	at net.neoforged.bus.EventBus.post(EventBus.java:360)
	at net.neoforged.bus.EventBus.post(EventBus.java:328)
	at TRANSFORMER/neoforge@26.1.2.75/net.neoforged.neoforge.client.network.ClientPayloadHandler.handle(ClientPayloadHandler.java:187)
	at TRANSFORMER/neoforge@26.1.2.75/net.neoforged.neoforge.network.handling.MainThreadPayloadHandler.lambda$handle$0(MainThreadPayloadHandler.java:16)
	at java.base/java.util.concurrent.CompletableFuture$AsyncRun.run(CompletableFuture.java:1825)
	at TRANSFORMER/neoforge@26.1.2.75/net.neoforged.neoforge.network.handling.QueuedPacket$CustomPayload.handle(QueuedPacket.java:17)
	at TRANSFORMER/minecraft@26.1.2/net.minecraft.network.PacketProcessor.processQueuedPackets(PacketProcessor.java:50)
	at TRANSFORMER/minecraft@26.1.2/net.minecraft.client.Minecraft.runTick(Minecraft.java:1291)
	at TRANSFORMER/minecraft@26.1.2/net.minecraft.client.Minecraft.run(Minecraft.java:937)
	at TRANSFORMER/minecraft@26.1.2/net.minecraft.client.main.Main.main(Main.java:246)
	at net.neoforged.fml.startup.Client.main(Client.java:19)
	at java.base/jdk.internal.reflect.DirectMethodHandleAccessor.invoke(DirectMethodHandleAccessor.java:104)
	at java.base/java.lang.reflect.Method.invoke(Method.java:565)
	at io.github.zekerzhayard.forgewrapper.installer.Main.main(Main.java:67)
	at java.base/jdk.internal.reflect.DirectMethodHandleAccessor.invoke(DirectMethodHandleAccessor.java:104)
	at java.base/java.lang.reflect.Method.invoke(Method.java:565)
	at org.jackhuang.hmcl.HMCLMultiMCBootstrap.launch(HMCLMultiMCBootstrap.java:80)
	at org.jackhuang.hmcl.HMCLMultiMCBootstrap.launchV1(HMCLMultiMCBootstrap.java:54)
	at org.jackhuang.hmcl.HMCLMultiMCBootstrap.main(HMCLMultiMCBootstrap.java:46)
[19:27:33] [Render thread/ERROR]: An interpreter is already registered for this: mekanism:basic_infusing_factory
java.lang.IllegalArgumentException
	at TRANSFORMER/jei@29.6.2.31/mezz.jei.library.load.registration.SubtypeRegistration.registerSubtypeInterpreter(SubtypeRegistration.java:33)
	at TRANSFORMER/jei@29.6.2.31/mezz.jei.api.registration.ISubtypeRegistration.registerSubtypeInterpreter(ISubtypeRegistration.java:45)
	at TRANSFORMER/mekanism@10.8.0/mekanism.client.recipe_viewer.jei.MekanismJEI.registerItemSubtypes(MekanismJEI.java:143)
	at TRANSFORMER/mekanism@10.8.0/mekanism.client.recipe_viewer.jei.MekanismJEI.registerItemSubtypes(MekanismJEI.java:152)
	at TRANSFORMER/jei@29.6.2.31/mezz.jei.library.load.PluginLoader.lambda$registerSubtypes$0(PluginLoader.java:72)
	at TRANSFORMER/jei@29.6.2.31/mezz.jei.library.load.PluginCaller.callOnPlugins(PluginCaller.java:26)
	at TRANSFORMER/jei@29.6.2.31/mezz.jei.library.load.PluginLoader.registerSubtypes(PluginLoader.java:72)
	at TRANSFORMER/jei@29.6.2.31/mezz.jei.library.startup.JeiStarter.start(JeiStarter.java:119)
	at TRANSFORMER/jei@29.6.2.31/mezz.jei.neoforge.startup.StartEventObserver.transitionState(StartEventObserver.java:176)
	at TRANSFORMER/jei@29.6.2.31/mezz.jei.neoforge.startup.StartEventObserver.onEvent(StartEventObserver.java:121)
	at net.neoforged.bus.ConsumerEventHandler.invoke(ConsumerEventHandler.java:27)
	at net.neoforged.bus.EventBus.post(EventBus.java:360)
	at net.neoforged.bus.EventBus.post(EventBus.java:328)
	at TRANSFORMER/neoforge@26.1.2.75/net.neoforged.neoforge.client.network.ClientPayloadHandler.handle(ClientPayloadHandler.java:187)
	at TRANSFORMER/neoforge@26.1.2.75/net.neoforged.neoforge.network.handling.MainThreadPayloadHandler.lambda$handle$0(MainThreadPayloadHandler.java:16)
	at java.base/java.util.concurrent.CompletableFuture$AsyncRun.run(CompletableFuture.java:1825)
	at TRANSFORMER/neoforge@26.1.2.75/net.neoforged.neoforge.network.handling.QueuedPacket$CustomPayload.handle(QueuedPacket.java:17)
	at TRANSFORMER/minecraft@26.1.2/net.minecraft.network.PacketProcessor.processQueuedPackets(PacketProcessor.java:50)
	at TRANSFORMER/minecraft@26.1.2/net.minecraft.client.Minecraft.runTick(Minecraft.java:1291)
	at TRANSFORMER/minecraft@26.1.2/net.minecraft.client.Minecraft.run(Minecraft.java:937)
	at TRANSFORMER/minecraft@26.1.2/net.minecraft.client.main.Main.main(Main.java:246)
	at net.neoforged.fml.startup.Client.main(Client.java:19)
	at java.base/jdk.internal.reflect.DirectMethodHandleAccessor.invoke(DirectMethodHandleAccessor.java:104)
	at java.base/java.lang.reflect.Method.invoke(Method.java:565)
	at io.github.zekerzhayard.forgewrapper.installer.Main.main(Main.java:67)
	at java.base/jdk.internal.reflect.DirectMethodHandleAccessor.invoke(DirectMethodHandleAccessor.java:104)
	at java.base/java.lang.reflect.Method.invoke(Method.java:565)
	at org.jackhuang.hmcl.HMCLMultiMCBootstrap.launch(HMCLMultiMCBootstrap.java:80)
	at org.jackhuang.hmcl.HMCLMultiMCBootstrap.launchV1(HMCLMultiMCBootstrap.java:54)
	at org.jackhuang.hmcl.HMCLMultiMCBootstrap.main(HMCLMultiMCBootstrap.java:46)
[19:27:33] [Render thread/ERROR]: An interpreter is already registered for this: mekanism:basic_sawing_factory
java.lang.IllegalArgumentException
	at TRANSFORMER/jei@29.6.2.31/mezz.jei.library.load.registration.SubtypeRegistration.registerSubtypeInterpreter(SubtypeRegistration.java:33)
	at TRANSFORMER/jei@29.6.2.31/mezz.jei.api.registration.ISubtypeRegistration.registerSubtypeInterpreter(ISubtypeRegistration.java:45)
	at TRANSFORMER/mekanism@10.8.0/mekanism.client.recipe_viewer.jei.MekanismJEI.registerItemSubtypes(MekanismJEI.java:143)
	at TRANSFORMER/mekanism@10.8.0/mekanism.client.recipe_viewer.jei.MekanismJEI.registerItemSubtypes(MekanismJEI.java:152)
	at TRANSFORMER/jei@29.6.2.31/mezz.jei.library.load.PluginLoader.lambda$registerSubtypes$0(PluginLoader.java:72)
	at TRANSFORMER/jei@29.6.2.31/mezz.jei.library.load.PluginCaller.callOnPlugins(PluginCaller.java:26)
	at TRANSFORMER/jei@29.6.2.31/mezz.jei.library.load.PluginLoader.registerSubtypes(PluginLoader.java:72)
	at TRANSFORMER/jei@29.6.2.31/mezz.jei.library.startup.JeiStarter.start(JeiStarter.java:119)
	at TRANSFORMER/jei@29.6.2.31/mezz.jei.neoforge.startup.StartEventObserver.transitionState(StartEventObserver.java:176)
	at TRANSFORMER/jei@29.6.2.31/mezz.jei.neoforge.startup.StartEventObserver.onEvent(StartEventObserver.java:121)
	at net.neoforged.bus.ConsumerEventHandler.invoke(ConsumerEventHandler.java:27)
	at net.neoforged.bus.EventBus.post(EventBus.java:360)
	at net.neoforged.bus.EventBus.post(EventBus.java:328)
	at TRANSFORMER/neoforge@26.1.2.75/net.neoforged.neoforge.client.network.ClientPayloadHandler.handle(ClientPayloadHandler.java:187)
	at TRANSFORMER/neoforge@26.1.2.75/net.neoforged.neoforge.network.handling.MainThreadPayloadHandler.lambda$handle$0(MainThreadPayloadHandler.java:16)
	at java.base/java.util.concurrent.CompletableFuture$AsyncRun.run(CompletableFuture.java:1825)
	at TRANSFORMER/neoforge@26.1.2.75/net.neoforged.neoforge.network.handling.QueuedPacket$CustomPayload.handle(QueuedPacket.java:17)
	at TRANSFORMER/minecraft@26.1.2/net.minecraft.network.PacketProcessor.processQueuedPackets(PacketProcessor.java:50)
	at TRANSFORMER/minecraft@26.1.2/net.minecraft.client.Minecraft.runTick(Minecraft.java:1291)
	at TRANSFORMER/minecraft@26.1.2/net.minecraft.client.Minecraft.run(Minecraft.java:937)
	at TRANSFORMER/minecraft@26.1.2/net.minecraft.client.main.Main.main(Main.java:246)
	at net.neoforged.fml.startup.Client.main(Client.java:19)
	at java.base/jdk.internal.reflect.DirectMethodHandleAccessor.invoke(DirectMethodHandleAccessor.java:104)
	at java.base/java.lang.reflect.Method.invoke(Method.java:565)
	at io.github.zekerzhayard.forgewrapper.installer.Main.main(Main.java:67)
	at java.base/jdk.internal.reflect.DirectMethodHandleAccessor.invoke(DirectMethodHandleAccessor.java:104)
	at java.base/java.lang.reflect.Method.invoke(Method.java:565)
	at org.jackhuang.hmcl.HMCLMultiMCBootstrap.launch(HMCLMultiMCBootstrap.java:80)
	at org.jackhuang.hmcl.HMCLMultiMCBootstrap.launchV1(HMCLMultiMCBootstrap.java:54)
	at org.jackhuang.hmcl.HMCLMultiMCBootstrap.main(HMCLMultiMCBootstrap.java:46)
[19:27:33] [Render thread/ERROR]: An interpreter is already registered for this: mekanism:advanced_smelting_factory
java.lang.IllegalArgumentException
	at TRANSFORMER/jei@29.6.2.31/mezz.jei.library.load.registration.SubtypeRegistration.registerSubtypeInterpreter(SubtypeRegistration.java:33)
	at TRANSFORMER/jei@29.6.2.31/mezz.jei.api.registration.ISubtypeRegistration.registerSubtypeInterpreter(ISubtypeRegistration.java:45)
	at TRANSFORMER/mekanism@10.8.0/mekanism.client.recipe_viewer.jei.MekanismJEI.registerItemSubtypes(MekanismJEI.java:143)
	at TRANSFORMER/mekanism@10.8.0/mekanism.client.recipe_viewer.jei.MekanismJEI.registerItemSubtypes(MekanismJEI.java:152)
	at TRANSFORMER/jei@29.6.2.31/mezz.jei.library.load.PluginLoader.lambda$registerSubtypes$0(PluginLoader.java:72)
	at TRANSFORMER/jei@29.6.2.31/mezz.jei.library.load.PluginCaller.callOnPlugins(PluginCaller.java:26)
	at TRANSFORMER/jei@29.6.2.31/mezz.jei.library.load.PluginLoader.registerSubtypes(PluginLoader.java:72)
	at TRANSFORMER/jei@29.6.2.31/mezz.jei.library.startup.JeiStarter.start(JeiStarter.java:119)
	at TRANSFORMER/jei@29.6.2.31/mezz.jei.neoforge.startup.StartEventObserver.transitionState(StartEventObserver.java:176)
	at TRANSFORMER/jei@29.6.2.31/mezz.jei.neoforge.startup.StartEventObserver.onEvent(StartEventObserver.java:121)
	at net.neoforged.bus.ConsumerEventHandler.invoke(ConsumerEventHandler.java:27)
	at net.neoforged.bus.EventBus.post(EventBus.java:360)
	at net.neoforged.bus.EventBus.post(EventBus.java:328)
	at TRANSFORMER/neoforge@26.1.2.75/net.neoforged.neoforge.client.network.ClientPayloadHandler.handle(ClientPayloadHandler.java:187)
	at TRANSFORMER/neoforge@26.1.2.75/net.neoforged.neoforge.network.handling.MainThreadPayloadHandler.lambda$handle$0(MainThreadPayloadHandler.java:16)
	at java.base/java.util.concurrent.CompletableFuture$AsyncRun.run(CompletableFuture.java:1825)
	at TRANSFORMER/neoforge@26.1.2.75/net.neoforged.neoforge.network.handling.QueuedPacket$CustomPayload.handle(QueuedPacket.java:17)
	at TRANSFORMER/minecraft@26.1.2/net.minecraft.network.PacketProcessor.processQueuedPackets(PacketProcessor.java:50)
	at TRANSFORMER/minecraft@26.1.2/net.minecraft.client.Minecraft.runTick(Minecraft.java:1291)
	at TRANSFORMER/minecraft@26.1.2/net.minecraft.client.Minecraft.run(Minecraft.java:937)
	at TRANSFORMER/minecraft@26.1.2/net.minecraft.client.main.Main.main(Main.java:246)
	at net.neoforged.fml.startup.Client.main(Client.java:19)
	at java.base/jdk.internal.reflect.DirectMethodHandleAccessor.invoke(DirectMethodHandleAccessor.java:104)
	at java.base/java.lang.reflect.Method.invoke(Method.java:565)
	at io.github.zekerzhayard.forgewrapper.installer.Main.main(Main.java:67)
	at java.base/jdk.internal.reflect.DirectMethodHandleAccessor.invoke(DirectMethodHandleAccessor.java:104)
	at java.base/java.lang.reflect.Method.invoke(Method.java:565)
	at org.jackhuang.hmcl.HMCLMultiMCBootstrap.launch(HMCLMultiMCBootstrap.java:80)
	at org.jackhuang.hmcl.HMCLMultiMCBootstrap.launchV1(HMCLMultiMCBootstrap.java:54)
	at org.jackhuang.hmcl.HMCLMultiMCBootstrap.main(HMCLMultiMCBootstrap.java:46)
[19:27:33] [Render thread/ERROR]: An interpreter is already registered for this: mekanism:advanced_enriching_factory
java.lang.IllegalArgumentException
	at TRANSFORMER/jei@29.6.2.31/mezz.jei.library.load.registration.SubtypeRegistration.registerSubtypeInterpreter(SubtypeRegistration.java:33)
	at TRANSFORMER/jei@29.6.2.31/mezz.jei.api.registration.ISubtypeRegistration.registerSubtypeInterpreter(ISubtypeRegistration.java:45)
	at TRANSFORMER/mekanism@10.8.0/mekanism.client.recipe_viewer.jei.MekanismJEI.registerItemSubtypes(MekanismJEI.java:143)
	at TRANSFORMER/mekanism@10.8.0/mekanism.client.recipe_viewer.jei.MekanismJEI.registerItemSubtypes(MekanismJEI.java:152)
	at TRANSFORMER/jei@29.6.2.31/mezz.jei.library.load.PluginLoader.lambda$registerSubtypes$0(PluginLoader.java:72)
	at TRANSFORMER/jei@29.6.2.31/mezz.jei.library.load.PluginCaller.callOnPlugins(PluginCaller.java:26)
	at TRANSFORMER/jei@29.6.2.31/mezz.jei.library.load.PluginLoader.registerSubtypes(PluginLoader.java:72)
	at TRANSFORMER/jei@29.6.2.31/mezz.jei.library.startup.JeiStarter.start(JeiStarter.java:119)
	at TRANSFORMER/jei@29.6.2.31/mezz.jei.neoforge.startup.StartEventObserver.transitionState(StartEventObserver.java:176)
	at TRANSFORMER/jei@29.6.2.31/mezz.jei.neoforge.startup.StartEventObserver.onEvent(StartEventObserver.java:121)
	at net.neoforged.bus.ConsumerEventHandler.invoke(ConsumerEventHandler.java:27)
	at net.neoforged.bus.EventBus.post(EventBus.java:360)
	at net.neoforged.bus.EventBus.post(EventBus.java:328)
	at TRANSFORMER/neoforge@26.1.2.75/net.neoforged.neoforge.client.network.ClientPayloadHandler.handle(ClientPayloadHandler.java:187)
	at TRANSFORMER/neoforge@26.1.2.75/net.neoforged.neoforge.network.handling.MainThreadPayloadHandler.lambda$handle$0(MainThreadPayloadHandler.java:16)
	at java.base/java.util.concurrent.CompletableFuture$AsyncRun.run(CompletableFuture.java:1825)
	at TRANSFORMER/neoforge@26.1.2.75/net.neoforged.neoforge.network.handling.QueuedPacket$CustomPayload.handle(QueuedPacket.java:17)
	at TRANSFORMER/minecraft@26.1.2/net.minecraft.network.PacketProcessor.processQueuedPackets(PacketProcessor.java:50)
	at TRANSFORMER/minecraft@26.1.2/net.minecraft.client.Minecraft.runTick(Minecraft.java:1291)
	at TRANSFORMER/minecraft@26.1.2/net.minecraft.client.Minecraft.run(Minecraft.java:937)
	at TRANSFORMER/minecraft@26.1.2/net.minecraft.client.main.Main.main(Main.java:246)
	at net.neoforged.fml.startup.Client.main(Client.java:19)
	at java.base/jdk.internal.reflect.DirectMethodHandleAccessor.invoke(DirectMethodHandleAccessor.java:104)
	at java.base/java.lang.reflect.Method.invoke(Method.java:565)
	at io.github.zekerzhayard.forgewrapper.installer.Main.main(Main.java:67)
	at java.base/jdk.internal.reflect.DirectMethodHandleAccessor.invoke(DirectMethodHandleAccessor.java:104)
	at java.base/java.lang.reflect.Method.invoke(Method.java:565)
	at org.jackhuang.hmcl.HMCLMultiMCBootstrap.launch(HMCLMultiMCBootstrap.java:80)
	at org.jackhuang.hmcl.HMCLMultiMCBootstrap.launchV1(HMCLMultiMCBootstrap.java:54)
	at org.jackhuang.hmcl.HMCLMultiMCBootstrap.main(HMCLMultiMCBootstrap.java:46)
[19:27:33] [Render thread/ERROR]: An interpreter is already registered for this: mekanism:advanced_crushing_factory
java.lang.IllegalArgumentException
	at TRANSFORMER/jei@29.6.2.31/mezz.jei.library.load.registration.SubtypeRegistration.registerSubtypeInterpreter(SubtypeRegistration.java:33)
	at TRANSFORMER/jei@29.6.2.31/mezz.jei.api.registration.ISubtypeRegistration.registerSubtypeInterpreter(ISubtypeRegistration.java:45)
	at TRANSFORMER/mekanism@10.8.0/mekanism.client.recipe_viewer.jei.MekanismJEI.registerItemSubtypes(MekanismJEI.java:143)
	at TRANSFORMER/mekanism@10.8.0/mekanism.client.recipe_viewer.jei.MekanismJEI.registerItemSubtypes(MekanismJEI.java:152)
	at TRANSFORMER/jei@29.6.2.31/mezz.jei.library.load.PluginLoader.lambda$registerSubtypes$0(PluginLoader.java:72)
	at TRANSFORMER/jei@29.6.2.31/mezz.jei.library.load.PluginCaller.callOnPlugins(PluginCaller.java:26)
	at TRANSFORMER/jei@29.6.2.31/mezz.jei.library.load.PluginLoader.registerSubtypes(PluginLoader.java:72)
	at TRANSFORMER/jei@29.6.2.31/mezz.jei.library.startup.JeiStarter.start(JeiStarter.java:119)
	at TRANSFORMER/jei@29.6.2.31/mezz.jei.neoforge.startup.StartEventObserver.transitionState(StartEventObserver.java:176)
	at TRANSFORMER/jei@29.6.2.31/mezz.jei.neoforge.startup.StartEventObserver.onEvent(StartEventObserver.java:121)
	at net.neoforged.bus.ConsumerEventHandler.invoke(ConsumerEventHandler.java:27)
	at net.neoforged.bus.EventBus.post(EventBus.java:360)
	at net.neoforged.bus.EventBus.post(EventBus.java:328)
	at TRANSFORMER/neoforge@26.1.2.75/net.neoforged.neoforge.client.network.ClientPayloadHandler.handle(ClientPayloadHandler.java:187)
	at TRANSFORMER/neoforge@26.1.2.75/net.neoforged.neoforge.network.handling.MainThreadPayloadHandler.lambda$handle$0(MainThreadPayloadHandler.java:16)
	at java.base/java.util.concurrent.CompletableFuture$AsyncRun.run(CompletableFuture.java:1825)
	at TRANSFORMER/neoforge@26.1.2.75/net.neoforged.neoforge.network.handling.QueuedPacket$CustomPayload.handle(QueuedPacket.java:17)
	at TRANSFORMER/minecraft@26.1.2/net.minecraft.network.PacketProcessor.processQueuedPackets(PacketProcessor.java:50)
	at TRANSFORMER/minecraft@26.1.2/net.minecraft.client.Minecraft.runTick(Minecraft.java:1291)
	at TRANSFORMER/minecraft@26.1.2/net.minecraft.client.Minecraft.run(Minecraft.java:937)
	at TRANSFORMER/minecraft@26.1.2/net.minecraft.client.main.Main.main(Main.java:246)
	at net.neoforged.fml.startup.Client.main(Client.java:19)
	at java.base/jdk.internal.reflect.DirectMethodHandleAccessor.invoke(DirectMethodHandleAccessor.java:104)
	at java.base/java.lang.reflect.Method.invoke(Method.java:565)
	at io.github.zekerzhayard.forgewrapper.installer.Main.main(Main.java:67)
	at java.base/jdk.internal.reflect.DirectMethodHandleAccessor.invoke(DirectMethodHandleAccessor.java:104)
	at java.base/java.lang.reflect.Method.invoke(Method.java:565)
	at org.jackhuang.hmcl.HMCLMultiMCBootstrap.launch(HMCLMultiMCBootstrap.java:80)
	at org.jackhuang.hmcl.HMCLMultiMCBootstrap.launchV1(HMCLMultiMCBootstrap.java:54)
	at org.jackhuang.hmcl.HMCLMultiMCBootstrap.main(HMCLMultiMCBootstrap.java:46)
[19:27:33] [Render thread/ERROR]: An interpreter is already registered for this: mekanism:advanced_compressing_factory
java.lang.IllegalArgumentException
	at TRANSFORMER/jei@29.6.2.31/mezz.jei.library.load.registration.SubtypeRegistration.registerSubtypeInterpreter(SubtypeRegistration.java:33)
	at TRANSFORMER/jei@29.6.2.31/mezz.jei.api.registration.ISubtypeRegistration.registerSubtypeInterpreter(ISubtypeRegistration.java:45)
	at TRANSFORMER/mekanism@10.8.0/mekanism.client.recipe_viewer.jei.MekanismJEI.registerItemSubtypes(MekanismJEI.java:143)
	at TRANSFORMER/mekanism@10.8.0/mekanism.client.recipe_viewer.jei.MekanismJEI.registerItemSubtypes(MekanismJEI.java:152)
	at TRANSFORMER/jei@29.6.2.31/mezz.jei.library.load.PluginLoader.lambda$registerSubtypes$0(PluginLoader.java:72)
	at TRANSFORMER/jei@29.6.2.31/mezz.jei.library.load.PluginCaller.callOnPlugins(PluginCaller.java:26)
	at TRANSFORMER/jei@29.6.2.31/mezz.jei.library.load.PluginLoader.registerSubtypes(PluginLoader.java:72)
	at TRANSFORMER/jei@29.6.2.31/mezz.jei.library.startup.JeiStarter.start(JeiStarter.java:119)
	at TRANSFORMER/jei@29.6.2.31/mezz.jei.neoforge.startup.StartEventObserver.transitionState(StartEventObserver.java:176)
	at TRANSFORMER/jei@29.6.2.31/mezz.jei.neoforge.startup.StartEventObserver.onEvent(StartEventObserver.java:121)
	at net.neoforged.bus.ConsumerEventHandler.invoke(ConsumerEventHandler.java:27)
	at net.neoforged.bus.EventBus.post(EventBus.java:360)
	at net.neoforged.bus.EventBus.post(EventBus.java:328)
	at TRANSFORMER/neoforge@26.1.2.75/net.neoforged.neoforge.client.network.ClientPayloadHandler.handle(ClientPayloadHandler.java:187)
	at TRANSFORMER/neoforge@26.1.2.75/net.neoforged.neoforge.network.handling.MainThreadPayloadHandler.lambda$handle$0(MainThreadPayloadHandler.java:16)
	at java.base/java.util.concurrent.CompletableFuture$AsyncRun.run(CompletableFuture.java:1825)
	at TRANSFORMER/neoforge@26.1.2.75/net.neoforged.neoforge.network.handling.QueuedPacket$CustomPayload.handle(QueuedPacket.java:17)
	at TRANSFORMER/minecraft@26.1.2/net.minecraft.network.PacketProcessor.processQueuedPackets(PacketProcessor.java:50)
	at TRANSFORMER/minecraft@26.1.2/net.minecraft.client.Minecraft.runTick(Minecraft.java:1291)
	at TRANSFORMER/minecraft@26.1.2/net.minecraft.client.Minecraft.run(Minecraft.java:937)
	at TRANSFORMER/minecraft@26.1.2/net.minecraft.client.main.Main.main(Main.java:246)
	at net.neoforged.fml.startup.Client.main(Client.java:19)
	at java.base/jdk.internal.reflect.DirectMethodHandleAccessor.invoke(DirectMethodHandleAccessor.java:104)
	at java.base/java.lang.reflect.Method.invoke(Method.java:565)
	at io.github.zekerzhayard.forgewrapper.installer.Main.main(Main.java:67)
	at java.base/jdk.internal.reflect.DirectMethodHandleAccessor.invoke(DirectMethodHandleAccessor.java:104)
	at java.base/java.lang.reflect.Method.invoke(Method.java:565)
	at org.jackhuang.hmcl.HMCLMultiMCBootstrap.launch(HMCLMultiMCBootstrap.java:80)
	at org.jackhuang.hmcl.HMCLMultiMCBootstrap.launchV1(HMCLMultiMCBootstrap.java:54)
	at org.jackhuang.hmcl.HMCLMultiMCBootstrap.main(HMCLMultiMCBootstrap.java:46)
[19:27:33] [Render thread/ERROR]: An interpreter is already registered for this: mekanism:advanced_combining_factory
java.lang.IllegalArgumentException
	at TRANSFORMER/jei@29.6.2.31/mezz.jei.library.load.registration.SubtypeRegistration.registerSubtypeInterpreter(SubtypeRegistration.java:33)
	at TRANSFORMER/jei@29.6.2.31/mezz.jei.api.registration.ISubtypeRegistration.registerSubtypeInterpreter(ISubtypeRegistration.java:45)
	at TRANSFORMER/mekanism@10.8.0/mekanism.client.recipe_viewer.jei.MekanismJEI.registerItemSubtypes(MekanismJEI.java:143)
	at TRANSFORMER/mekanism@10.8.0/mekanism.client.recipe_viewer.jei.MekanismJEI.registerItemSubtypes(MekanismJEI.java:152)
	at TRANSFORMER/jei@29.6.2.31/mezz.jei.library.load.PluginLoader.lambda$registerSubtypes$0(PluginLoader.java:72)
	at TRANSFORMER/jei@29.6.2.31/mezz.jei.library.load.PluginCaller.callOnPlugins(PluginCaller.java:26)
	at TRANSFORMER/jei@29.6.2.31/mezz.jei.library.load.PluginLoader.registerSubtypes(PluginLoader.java:72)
	at TRANSFORMER/jei@29.6.2.31/mezz.jei.library.startup.JeiStarter.start(JeiStarter.java:119)
	at TRANSFORMER/jei@29.6.2.31/mezz.jei.neoforge.startup.StartEventObserver.transitionState(StartEventObserver.java:176)
	at TRANSFORMER/jei@29.6.2.31/mezz.jei.neoforge.startup.StartEventObserver.onEvent(StartEventObserver.java:121)
	at net.neoforged.bus.ConsumerEventHandler.invoke(ConsumerEventHandler.java:27)
	at net.neoforged.bus.EventBus.post(EventBus.java:360)
	at net.neoforged.bus.EventBus.post(EventBus.java:328)
	at TRANSFORMER/neoforge@26.1.2.75/net.neoforged.neoforge.client.network.ClientPayloadHandler.handle(ClientPayloadHandler.java:187)
	at TRANSFORMER/neoforge@26.1.2.75/net.neoforged.neoforge.network.handling.MainThreadPayloadHandler.lambda$handle$0(MainThreadPayloadHandler.java:16)
	at java.base/java.util.concurrent.CompletableFuture$AsyncRun.run(CompletableFuture.java:1825)
	at TRANSFORMER/neoforge@26.1.2.75/net.neoforged.neoforge.network.handling.QueuedPacket$CustomPayload.handle(QueuedPacket.java:17)
	at TRANSFORMER/minecraft@26.1.2/net.minecraft.network.PacketProcessor.processQueuedPackets(PacketProcessor.java:50)
	at TRANSFORMER/minecraft@26.1.2/net.minecraft.client.Minecraft.runTick(Minecraft.java:1291)
	at TRANSFORMER/minecraft@26.1.2/net.minecraft.client.Minecraft.run(Minecraft.java:937)
	at TRANSFORMER/minecraft@26.1.2/net.minecraft.client.main.Main.main(Main.java:246)
	at net.neoforged.fml.startup.Client.main(Client.java:19)
	at java.base/jdk.internal.reflect.DirectMethodHandleAccessor.invoke(DirectMethodHandleAccessor.java:104)
	at java.base/java.lang.reflect.Method.invoke(Method.java:565)
	at io.github.zekerzhayard.forgewrapper.installer.Main.main(Main.java:67)
	at java.base/jdk.internal.reflect.DirectMethodHandleAccessor.invoke(DirectMethodHandleAccessor.java:104)
	at java.base/java.lang.reflect.Method.invoke(Method.java:565)
	at org.jackhuang.hmcl.HMCLMultiMCBootstrap.launch(HMCLMultiMCBootstrap.java:80)
	at org.jackhuang.hmcl.HMCLMultiMCBootstrap.launchV1(HMCLMultiMCBootstrap.java:54)
	at org.jackhuang.hmcl.HMCLMultiMCBootstrap.main(HMCLMultiMCBootstrap.java:46)
[19:27:33] [Render thread/ERROR]: An interpreter is already registered for this: mekanism:advanced_purifying_factory
java.lang.IllegalArgumentException
	at TRANSFORMER/jei@29.6.2.31/mezz.jei.library.load.registration.SubtypeRegistration.registerSubtypeInterpreter(SubtypeRegistration.java:33)
	at TRANSFORMER/jei@29.6.2.31/mezz.jei.api.registration.ISubtypeRegistration.registerSubtypeInterpreter(ISubtypeRegistration.java:45)
	at TRANSFORMER/mekanism@10.8.0/mekanism.client.recipe_viewer.jei.MekanismJEI.registerItemSubtypes(MekanismJEI.java:143)
	at TRANSFORMER/mekanism@10.8.0/mekanism.client.recipe_viewer.jei.MekanismJEI.registerItemSubtypes(MekanismJEI.java:152)
	at TRANSFORMER/jei@29.6.2.31/mezz.jei.library.load.PluginLoader.lambda$registerSubtypes$0(PluginLoader.java:72)
	at TRANSFORMER/jei@29.6.2.31/mezz.jei.library.load.PluginCaller.callOnPlugins(PluginCaller.java:26)
	at TRANSFORMER/jei@29.6.2.31/mezz.jei.library.load.PluginLoader.registerSubtypes(PluginLoader.java:72)
	at TRANSFORMER/jei@29.6.2.31/mezz.jei.library.startup.JeiStarter.start(JeiStarter.java:119)
	at TRANSFORMER/jei@29.6.2.31/mezz.jei.neoforge.startup.StartEventObserver.transitionState(StartEventObserver.java:176)
	at TRANSFORMER/jei@29.6.2.31/mezz.jei.neoforge.startup.StartEventObserver.onEvent(StartEventObserver.java:121)
	at net.neoforged.bus.ConsumerEventHandler.invoke(ConsumerEventHandler.java:27)
	at net.neoforged.bus.EventBus.post(EventBus.java:360)
	at net.neoforged.bus.EventBus.post(EventBus.java:328)
	at TRANSFORMER/neoforge@26.1.2.75/net.neoforged.neoforge.client.network.ClientPayloadHandler.handle(ClientPayloadHandler.java:187)
	at TRANSFORMER/neoforge@26.1.2.75/net.neoforged.neoforge.network.handling.MainThreadPayloadHandler.lambda$handle$0(MainThreadPayloadHandler.java:16)
	at java.base/java.util.concurrent.CompletableFuture$AsyncRun.run(CompletableFuture.java:1825)
	at TRANSFORMER/neoforge@26.1.2.75/net.neoforged.neoforge.network.handling.QueuedPacket$CustomPayload.handle(QueuedPacket.java:17)
	at TRANSFORMER/minecraft@26.1.2/net.minecraft.network.PacketProcessor.processQueuedPackets(PacketProcessor.java:50)
	at TRANSFORMER/minecraft@26.1.2/net.minecraft.client.Minecraft.runTick(Minecraft.java:1291)
	at TRANSFORMER/minecraft@26.1.2/net.minecraft.client.Minecraft.run(Minecraft.java:937)
	at TRANSFORMER/minecraft@26.1.2/net.minecraft.client.main.Main.main(Main.java:246)
	at net.neoforged.fml.startup.Client.main(Client.java:19)
	at java.base/jdk.internal.reflect.DirectMethodHandleAccessor.invoke(DirectMethodHandleAccessor.java:104)
	at java.base/java.lang.reflect.Method.invoke(Method.java:565)
	at io.github.zekerzhayard.forgewrapper.installer.Main.main(Main.java:67)
	at java.base/jdk.internal.reflect.DirectMethodHandleAccessor.invoke(DirectMethodHandleAccessor.java:104)
	at java.base/java.lang.reflect.Method.invoke(Method.java:565)
	at org.jackhuang.hmcl.HMCLMultiMCBootstrap.launch(HMCLMultiMCBootstrap.java:80)
	at org.jackhuang.hmcl.HMCLMultiMCBootstrap.launchV1(HMCLMultiMCBootstrap.java:54)
	at org.jackhuang.hmcl.HMCLMultiMCBootstrap.main(HMCLMultiMCBootstrap.java:46)
[19:27:33] [Render thread/ERROR]: An interpreter is already registered for this: mekanism:advanced_injecting_factory
java.lang.IllegalArgumentException
	at TRANSFORMER/jei@29.6.2.31/mezz.jei.library.load.registration.SubtypeRegistration.registerSubtypeInterpreter(SubtypeRegistration.java:33)
	at TRANSFORMER/jei@29.6.2.31/mezz.jei.api.registration.ISubtypeRegistration.registerSubtypeInterpreter(ISubtypeRegistration.java:45)
	at TRANSFORMER/mekanism@10.8.0/mekanism.client.recipe_viewer.jei.MekanismJEI.registerItemSubtypes(MekanismJEI.java:143)
	at TRANSFORMER/mekanism@10.8.0/mekanism.client.recipe_viewer.jei.MekanismJEI.registerItemSubtypes(MekanismJEI.java:152)
	at TRANSFORMER/jei@29.6.2.31/mezz.jei.library.load.PluginLoader.lambda$registerSubtypes$0(PluginLoader.java:72)
	at TRANSFORMER/jei@29.6.2.31/mezz.jei.library.load.PluginCaller.callOnPlugins(PluginCaller.java:26)
	at TRANSFORMER/jei@29.6.2.31/mezz.jei.library.load.PluginLoader.registerSubtypes(PluginLoader.java:72)
	at TRANSFORMER/jei@29.6.2.31/mezz.jei.library.startup.JeiStarter.start(JeiStarter.java:119)
	at TRANSFORMER/jei@29.6.2.31/mezz.jei.neoforge.startup.StartEventObserver.transitionState(StartEventObserver.java:176)
	at TRANSFORMER/jei@29.6.2.31/mezz.jei.neoforge.startup.StartEventObserver.onEvent(StartEventObserver.java:121)
	at net.neoforged.bus.ConsumerEventHandler.invoke(ConsumerEventHandler.java:27)
	at net.neoforged.bus.EventBus.post(EventBus.java:360)
	at net.neoforged.bus.EventBus.post(EventBus.java:328)
	at TRANSFORMER/neoforge@26.1.2.75/net.neoforged.neoforge.client.network.ClientPayloadHandler.handle(ClientPayloadHandler.java:187)
	at TRANSFORMER/neoforge@26.1.2.75/net.neoforged.neoforge.network.handling.MainThreadPayloadHandler.lambda$handle$0(MainThreadPayloadHandler.java:16)
	at java.base/java.util.concurrent.CompletableFuture$AsyncRun.run(CompletableFuture.java:1825)
	at TRANSFORMER/neoforge@26.1.2.75/net.neoforged.neoforge.network.handling.QueuedPacket$CustomPayload.handle(QueuedPacket.java:17)
	at TRANSFORMER/minecraft@26.1.2/net.minecraft.network.PacketProcessor.processQueuedPackets(PacketProcessor.java:50)
	at TRANSFORMER/minecraft@26.1.2/net.minecraft.client.Minecraft.runTick(Minecraft.java:1291)
	at TRANSFORMER/minecraft@26.1.2/net.minecraft.client.Minecraft.run(Minecraft.java:937)
	at TRANSFORMER/minecraft@26.1.2/net.minecraft.client.main.Main.main(Main.java:246)
	at net.neoforged.fml.startup.Client.main(Client.java:19)
	at java.base/jdk.internal.reflect.DirectMethodHandleAccessor.invoke(DirectMethodHandleAccessor.java:104)
	at java.base/java.lang.reflect.Method.invoke(Method.java:565)
	at io.github.zekerzhayard.forgewrapper.installer.Main.main(Main.java:67)
	at java.base/jdk.internal.reflect.DirectMethodHandleAccessor.invoke(DirectMethodHandleAccessor.java:104)
	at java.base/java.lang.reflect.Method.invoke(Method.java:565)
	at org.jackhuang.hmcl.HMCLMultiMCBootstrap.launch(HMCLMultiMCBootstrap.java:80)
	at org.jackhuang.hmcl.HMCLMultiMCBootstrap.launchV1(HMCLMultiMCBootstrap.java:54)
	at org.jackhuang.hmcl.HMCLMultiMCBootstrap.main(HMCLMultiMCBootstrap.java:46)
[19:27:33] [Render thread/ERROR]: An interpreter is already registered for this: mekanism:advanced_infusing_factory
java.lang.IllegalArgumentException
	at TRANSFORMER/jei@29.6.2.31/mezz.jei.library.load.registration.SubtypeRegistration.registerSubtypeInterpreter(SubtypeRegistration.java:33)
	at TRANSFORMER/jei@29.6.2.31/mezz.jei.api.registration.ISubtypeRegistration.registerSubtypeInterpreter(ISubtypeRegistration.java:45)
	at TRANSFORMER/mekanism@10.8.0/mekanism.client.recipe_viewer.jei.MekanismJEI.registerItemSubtypes(MekanismJEI.java:143)
	at TRANSFORMER/mekanism@10.8.0/mekanism.client.recipe_viewer.jei.MekanismJEI.registerItemSubtypes(MekanismJEI.java:152)
	at TRANSFORMER/jei@29.6.2.31/mezz.jei.library.load.PluginLoader.lambda$registerSubtypes$0(PluginLoader.java:72)
	at TRANSFORMER/jei@29.6.2.31/mezz.jei.library.load.PluginCaller.callOnPlugins(PluginCaller.java:26)
	at TRANSFORMER/jei@29.6.2.31/mezz.jei.library.load.PluginLoader.registerSubtypes(PluginLoader.java:72)
	at TRANSFORMER/jei@29.6.2.31/mezz.jei.library.startup.JeiStarter.start(JeiStarter.java:119)
	at TRANSFORMER/jei@29.6.2.31/mezz.jei.neoforge.startup.StartEventObserver.transitionState(StartEventObserver.java:176)
	at TRANSFORMER/jei@29.6.2.31/mezz.jei.neoforge.startup.StartEventObserver.onEvent(StartEventObserver.java:121)
	at net.neoforged.bus.ConsumerEventHandler.invoke(ConsumerEventHandler.java:27)
	at net.neoforged.bus.EventBus.post(EventBus.java:360)
	at net.neoforged.bus.EventBus.post(EventBus.java:328)
	at TRANSFORMER/neoforge@26.1.2.75/net.neoforged.neoforge.client.network.ClientPayloadHandler.handle(ClientPayloadHandler.java:187)
	at TRANSFORMER/neoforge@26.1.2.75/net.neoforged.neoforge.network.handling.MainThreadPayloadHandler.lambda$handle$0(MainThreadPayloadHandler.java:16)
	at java.base/java.util.concurrent.CompletableFuture$AsyncRun.run(CompletableFuture.java:1825)
	at TRANSFORMER/neoforge@26.1.2.75/net.neoforged.neoforge.network.handling.QueuedPacket$CustomPayload.handle(QueuedPacket.java:17)
	at TRANSFORMER/minecraft@26.1.2/net.minecraft.network.PacketProcessor.processQueuedPackets(PacketProcessor.java:50)
	at TRANSFORMER/minecraft@26.1.2/net.minecraft.client.Minecraft.runTick(Minecraft.java:1291)
	at TRANSFORMER/minecraft@26.1.2/net.minecraft.client.Minecraft.run(Minecraft.java:937)
	at TRANSFORMER/minecraft@26.1.2/net.minecraft.client.main.Main.main(Main.java:246)
	at net.neoforged.fml.startup.Client.main(Client.java:19)
	at java.base/jdk.internal.reflect.DirectMethodHandleAccessor.invoke(DirectMethodHandleAccessor.java:104)
	at java.base/java.lang.reflect.Method.invoke(Method.java:565)
	at io.github.zekerzhayard.forgewrapper.installer.Main.main(Main.java:67)
	at java.base/jdk.internal.reflect.DirectMethodHandleAccessor.invoke(DirectMethodHandleAccessor.java:104)
	at java.base/java.lang.reflect.Method.invoke(Method.java:565)
	at org.jackhuang.hmcl.HMCLMultiMCBootstrap.launch(HMCLMultiMCBootstrap.java:80)
	at org.jackhuang.hmcl.HMCLMultiMCBootstrap.launchV1(HMCLMultiMCBootstrap.java:54)
	at org.jackhuang.hmcl.HMCLMultiMCBootstrap.main(HMCLMultiMCBootstrap.java:46)
[19:27:33] [Render thread/ERROR]: An interpreter is already registered for this: mekanism:advanced_sawing_factory
java.lang.IllegalArgumentException
	at TRANSFORMER/jei@29.6.2.31/mezz.jei.library.load.registration.SubtypeRegistration.registerSubtypeInterpreter(SubtypeRegistration.java:33)
	at TRANSFORMER/jei@29.6.2.31/mezz.jei.api.registration.ISubtypeRegistration.registerSubtypeInterpreter(ISubtypeRegistration.java:45)
	at TRANSFORMER/mekanism@10.8.0/mekanism.client.recipe_viewer.jei.MekanismJEI.registerItemSubtypes(MekanismJEI.java:143)
	at TRANSFORMER/mekanism@10.8.0/mekanism.client.recipe_viewer.jei.MekanismJEI.registerItemSubtypes(MekanismJEI.java:152)
	at TRANSFORMER/jei@29.6.2.31/mezz.jei.library.load.PluginLoader.lambda$registerSubtypes$0(PluginLoader.java:72)
	at TRANSFORMER/jei@29.6.2.31/mezz.jei.library.load.PluginCaller.callOnPlugins(PluginCaller.java:26)
	at TRANSFORMER/jei@29.6.2.31/mezz.jei.library.load.PluginLoader.registerSubtypes(PluginLoader.java:72)
	at TRANSFORMER/jei@29.6.2.31/mezz.jei.library.startup.JeiStarter.start(JeiStarter.java:119)
	at TRANSFORMER/jei@29.6.2.31/mezz.jei.neoforge.startup.StartEventObserver.transitionState(StartEventObserver.java:176)
	at TRANSFORMER/jei@29.6.2.31/mezz.jei.neoforge.startup.StartEventObserver.onEvent(StartEventObserver.java:121)
	at net.neoforged.bus.ConsumerEventHandler.invoke(ConsumerEventHandler.java:27)
	at net.neoforged.bus.EventBus.post(EventBus.java:360)
	at net.neoforged.bus.EventBus.post(EventBus.java:328)
	at TRANSFORMER/neoforge@26.1.2.75/net.neoforged.neoforge.client.network.ClientPayloadHandler.handle(ClientPayloadHandler.java:187)
	at TRANSFORMER/neoforge@26.1.2.75/net.neoforged.neoforge.network.handling.MainThreadPayloadHandler.lambda$handle$0(MainThreadPayloadHandler.java:16)
	at java.base/java.util.concurrent.CompletableFuture$AsyncRun.run(CompletableFuture.java:1825)
	at TRANSFORMER/neoforge@26.1.2.75/net.neoforged.neoforge.network.handling.QueuedPacket$CustomPayload.handle(QueuedPacket.java:17)
	at TRANSFORMER/minecraft@26.1.2/net.minecraft.network.PacketProcessor.processQueuedPackets(PacketProcessor.java:50)
	at TRANSFORMER/minecraft@26.1.2/net.minecraft.client.Minecraft.runTick(Minecraft.java:1291)
	at TRANSFORMER/minecraft@26.1.2/net.minecraft.client.Minecraft.run(Minecraft.java:937)
	at TRANSFORMER/minecraft@26.1.2/net.minecraft.client.main.Main.main(Main.java:246)
	at net.neoforged.fml.startup.Client.main(Client.java:19)
	at java.base/jdk.internal.reflect.DirectMethodHandleAccessor.invoke(DirectMethodHandleAccessor.java:104)
	at java.base/java.lang.reflect.Method.invoke(Method.java:565)
	at io.github.zekerzhayard.forgewrapper.installer.Main.main(Main.java:67)
	at java.base/jdk.internal.reflect.DirectMethodHandleAccessor.invoke(DirectMethodHandleAccessor.java:104)
	at java.base/java.lang.reflect.Method.invoke(Method.java:565)
	at org.jackhuang.hmcl.HMCLMultiMCBootstrap.launch(HMCLMultiMCBootstrap.java:80)
	at org.jackhuang.hmcl.HMCLMultiMCBootstrap.launchV1(HMCLMultiMCBootstrap.java:54)
	at org.jackhuang.hmcl.HMCLMultiMCBootstrap.main(HMCLMultiMCBootstrap.java:46)
[19:27:33] [Render thread/ERROR]: An interpreter is already registered for this: mekanism:elite_smelting_factory
java.lang.IllegalArgumentException
	at TRANSFORMER/jei@29.6.2.31/mezz.jei.library.load.registration.SubtypeRegistration.registerSubtypeInterpreter(SubtypeRegistration.java:33)
	at TRANSFORMER/jei@29.6.2.31/mezz.jei.api.registration.ISubtypeRegistration.registerSubtypeInterpreter(ISubtypeRegistration.java:45)
	at TRANSFORMER/mekanism@10.8.0/mekanism.client.recipe_viewer.jei.MekanismJEI.registerItemSubtypes(MekanismJEI.java:143)
	at TRANSFORMER/mekanism@10.8.0/mekanism.client.recipe_viewer.jei.MekanismJEI.registerItemSubtypes(MekanismJEI.java:152)
	at TRANSFORMER/jei@29.6.2.31/mezz.jei.library.load.PluginLoader.lambda$registerSubtypes$0(PluginLoader.java:72)
	at TRANSFORMER/jei@29.6.2.31/mezz.jei.library.load.PluginCaller.callOnPlugins(PluginCaller.java:26)
	at TRANSFORMER/jei@29.6.2.31/mezz.jei.library.load.PluginLoader.registerSubtypes(PluginLoader.java:72)
	at TRANSFORMER/jei@29.6.2.31/mezz.jei.library.startup.JeiStarter.start(JeiStarter.java:119)
	at TRANSFORMER/jei@29.6.2.31/mezz.jei.neoforge.startup.StartEventObserver.transitionState(StartEventObserver.java:176)
	at TRANSFORMER/jei@29.6.2.31/mezz.jei.neoforge.startup.StartEventObserver.onEvent(StartEventObserver.java:121)
	at net.neoforged.bus.ConsumerEventHandler.invoke(ConsumerEventHandler.java:27)
	at net.neoforged.bus.EventBus.post(EventBus.java:360)
	at net.neoforged.bus.EventBus.post(EventBus.java:328)
	at TRANSFORMER/neoforge@26.1.2.75/net.neoforged.neoforge.client.network.ClientPayloadHandler.handle(ClientPayloadHandler.java:187)
	at TRANSFORMER/neoforge@26.1.2.75/net.neoforged.neoforge.network.handling.MainThreadPayloadHandler.lambda$handle$0(MainThreadPayloadHandler.java:16)
	at java.base/java.util.concurrent.CompletableFuture$AsyncRun.run(CompletableFuture.java:1825)
	at TRANSFORMER/neoforge@26.1.2.75/net.neoforged.neoforge.network.handling.QueuedPacket$CustomPayload.handle(QueuedPacket.java:17)
	at TRANSFORMER/minecraft@26.1.2/net.minecraft.network.PacketProcessor.processQueuedPackets(PacketProcessor.java:50)
	at TRANSFORMER/minecraft@26.1.2/net.minecraft.client.Minecraft.runTick(Minecraft.java:1291)
	at TRANSFORMER/minecraft@26.1.2/net.minecraft.client.Minecraft.run(Minecraft.java:937)
	at TRANSFORMER/minecraft@26.1.2/net.minecraft.client.main.Main.main(Main.java:246)
	at net.neoforged.fml.startup.Client.main(Client.java:19)
	at java.base/jdk.internal.reflect.DirectMethodHandleAccessor.invoke(DirectMethodHandleAccessor.java:104)
	at java.base/java.lang.reflect.Method.invoke(Method.java:565)
	at io.github.zekerzhayard.forgewrapper.installer.Main.main(Main.java:67)
	at java.base/jdk.internal.reflect.DirectMethodHandleAccessor.invoke(DirectMethodHandleAccessor.java:104)
	at java.base/java.lang.reflect.Method.invoke(Method.java:565)
	at org.jackhuang.hmcl.HMCLMultiMCBootstrap.launch(HMCLMultiMCBootstrap.java:80)
	at org.jackhuang.hmcl.HMCLMultiMCBootstrap.launchV1(HMCLMultiMCBootstrap.java:54)
	at org.jackhuang.hmcl.HMCLMultiMCBootstrap.main(HMCLMultiMCBootstrap.java:46)
[19:27:33] [Render thread/ERROR]: An interpreter is already registered for this: mekanism:elite_enriching_factory
java.lang.IllegalArgumentException
	at TRANSFORMER/jei@29.6.2.31/mezz.jei.library.load.registration.SubtypeRegistration.registerSubtypeInterpreter(SubtypeRegistration.java:33)
	at TRANSFORMER/jei@29.6.2.31/mezz.jei.api.registration.ISubtypeRegistration.registerSubtypeInterpreter(ISubtypeRegistration.java:45)
	at TRANSFORMER/mekanism@10.8.0/mekanism.client.recipe_viewer.jei.MekanismJEI.registerItemSubtypes(MekanismJEI.java:143)
	at TRANSFORMER/mekanism@10.8.0/mekanism.client.recipe_viewer.jei.MekanismJEI.registerItemSubtypes(MekanismJEI.java:152)
	at TRANSFORMER/jei@29.6.2.31/mezz.jei.library.load.PluginLoader.lambda$registerSubtypes$0(PluginLoader.java:72)
	at TRANSFORMER/jei@29.6.2.31/mezz.jei.library.load.PluginCaller.callOnPlugins(PluginCaller.java:26)
	at TRANSFORMER/jei@29.6.2.31/mezz.jei.library.load.PluginLoader.registerSubtypes(PluginLoader.java:72)
	at TRANSFORMER/jei@29.6.2.31/mezz.jei.library.startup.JeiStarter.start(JeiStarter.java:119)
	at TRANSFORMER/jei@29.6.2.31/mezz.jei.neoforge.startup.StartEventObserver.transitionState(StartEventObserver.java:176)
	at TRANSFORMER/jei@29.6.2.31/mezz.jei.neoforge.startup.StartEventObserver.onEvent(StartEventObserver.java:121)
	at net.neoforged.bus.ConsumerEventHandler.invoke(ConsumerEventHandler.java:27)
	at net.neoforged.bus.EventBus.post(EventBus.java:360)
	at net.neoforged.bus.EventBus.post(EventBus.java:328)
	at TRANSFORMER/neoforge@26.1.2.75/net.neoforged.neoforge.client.network.ClientPayloadHandler.handle(ClientPayloadHandler.java:187)
	at TRANSFORMER/neoforge@26.1.2.75/net.neoforged.neoforge.network.handling.MainThreadPayloadHandler.lambda$handle$0(MainThreadPayloadHandler.java:16)
	at java.base/java.util.concurrent.CompletableFuture$AsyncRun.run(CompletableFuture.java:1825)
	at TRANSFORMER/neoforge@26.1.2.75/net.neoforged.neoforge.network.handling.QueuedPacket$CustomPayload.handle(QueuedPacket.java:17)
	at TRANSFORMER/minecraft@26.1.2/net.minecraft.network.PacketProcessor.processQueuedPackets(PacketProcessor.java:50)
	at TRANSFORMER/minecraft@26.1.2/net.minecraft.client.Minecraft.runTick(Minecraft.java:1291)
	at TRANSFORMER/minecraft@26.1.2/net.minecraft.client.Minecraft.run(Minecraft.java:937)
	at TRANSFORMER/minecraft@26.1.2/net.minecraft.client.main.Main.main(Main.java:246)
	at net.neoforged.fml.startup.Client.main(Client.java:19)
	at java.base/jdk.internal.reflect.DirectMethodHandleAccessor.invoke(DirectMethodHandleAccessor.java:104)
	at java.base/java.lang.reflect.Method.invoke(Method.java:565)
	at io.github.zekerzhayard.forgewrapper.installer.Main.main(Main.java:67)
	at java.base/jdk.internal.reflect.DirectMethodHandleAccessor.invoke(DirectMethodHandleAccessor.java:104)
	at java.base/java.lang.reflect.Method.invoke(Method.java:565)
	at org.jackhuang.hmcl.HMCLMultiMCBootstrap.launch(HMCLMultiMCBootstrap.java:80)
	at org.jackhuang.hmcl.HMCLMultiMCBootstrap.launchV1(HMCLMultiMCBootstrap.java:54)
	at org.jackhuang.hmcl.HMCLMultiMCBootstrap.main(HMCLMultiMCBootstrap.java:46)
[19:27:33] [Render thread/ERROR]: An interpreter is already registered for this: mekanism:elite_crushing_factory
java.lang.IllegalArgumentException
	at TRANSFORMER/jei@29.6.2.31/mezz.jei.library.load.registration.SubtypeRegistration.registerSubtypeInterpreter(SubtypeRegistration.java:33)
	at TRANSFORMER/jei@29.6.2.31/mezz.jei.api.registration.ISubtypeRegistration.registerSubtypeInterpreter(ISubtypeRegistration.java:45)
	at TRANSFORMER/mekanism@10.8.0/mekanism.client.recipe_viewer.jei.MekanismJEI.registerItemSubtypes(MekanismJEI.java:143)
	at TRANSFORMER/mekanism@10.8.0/mekanism.client.recipe_viewer.jei.MekanismJEI.registerItemSubtypes(MekanismJEI.java:152)
	at TRANSFORMER/jei@29.6.2.31/mezz.jei.library.load.PluginLoader.lambda$registerSubtypes$0(PluginLoader.java:72)
	at TRANSFORMER/jei@29.6.2.31/mezz.jei.library.load.PluginCaller.callOnPlugins(PluginCaller.java:26)
	at TRANSFORMER/jei@29.6.2.31/mezz.jei.library.load.PluginLoader.registerSubtypes(PluginLoader.java:72)
	at TRANSFORMER/jei@29.6.2.31/mezz.jei.library.startup.JeiStarter.start(JeiStarter.java:119)
	at TRANSFORMER/jei@29.6.2.31/mezz.jei.neoforge.startup.StartEventObserver.transitionState(StartEventObserver.java:176)
	at TRANSFORMER/jei@29.6.2.31/mezz.jei.neoforge.startup.StartEventObserver.onEvent(StartEventObserver.java:121)
	at net.neoforged.bus.ConsumerEventHandler.invoke(ConsumerEventHandler.java:27)
	at net.neoforged.bus.EventBus.post(EventBus.java:360)
	at net.neoforged.bus.EventBus.post(EventBus.java:328)
	at TRANSFORMER/neoforge@26.1.2.75/net.neoforged.neoforge.client.network.ClientPayloadHandler.handle(ClientPayloadHandler.java:187)
	at TRANSFORMER/neoforge@26.1.2.75/net.neoforged.neoforge.network.handling.MainThreadPayloadHandler.lambda$handle$0(MainThreadPayloadHandler.java:16)
	at java.base/java.util.concurrent.CompletableFuture$AsyncRun.run(CompletableFuture.java:1825)
	at TRANSFORMER/neoforge@26.1.2.75/net.neoforged.neoforge.network.handling.QueuedPacket$CustomPayload.handle(QueuedPacket.java:17)
	at TRANSFORMER/minecraft@26.1.2/net.minecraft.network.PacketProcessor.processQueuedPackets(PacketProcessor.java:50)
	at TRANSFORMER/minecraft@26.1.2/net.minecraft.client.Minecraft.runTick(Minecraft.java:1291)
	at TRANSFORMER/minecraft@26.1.2/net.minecraft.client.Minecraft.run(Minecraft.java:937)
	at TRANSFORMER/minecraft@26.1.2/net.minecraft.client.main.Main.main(Main.java:246)
	at net.neoforged.fml.startup.Client.main(Client.java:19)
	at java.base/jdk.internal.reflect.DirectMethodHandleAccessor.invoke(DirectMethodHandleAccessor.java:104)
	at java.base/java.lang.reflect.Method.invoke(Method.java:565)
	at io.github.zekerzhayard.forgewrapper.installer.Main.main(Main.java:67)
	at java.base/jdk.internal.reflect.DirectMethodHandleAccessor.invoke(DirectMethodHandleAccessor.java:104)
	at java.base/java.lang.reflect.Method.invoke(Method.java:565)
	at org.jackhuang.hmcl.HMCLMultiMCBootstrap.launch(HMCLMultiMCBootstrap.java:80)
	at org.jackhuang.hmcl.HMCLMultiMCBootstrap.launchV1(HMCLMultiMCBootstrap.java:54)
	at org.jackhuang.hmcl.HMCLMultiMCBootstrap.main(HMCLMultiMCBootstrap.java:46)
[19:27:33] [Render thread/ERROR]: An interpreter is already registered for this: mekanism:elite_compressing_factory
java.lang.IllegalArgumentException
	at TRANSFORMER/jei@29.6.2.31/mezz.jei.library.load.registration.SubtypeRegistration.registerSubtypeInterpreter(SubtypeRegistration.java:33)
	at TRANSFORMER/jei@29.6.2.31/mezz.jei.api.registration.ISubtypeRegistration.registerSubtypeInterpreter(ISubtypeRegistration.java:45)
	at TRANSFORMER/mekanism@10.8.0/mekanism.client.recipe_viewer.jei.MekanismJEI.registerItemSubtypes(MekanismJEI.java:143)
	at TRANSFORMER/mekanism@10.8.0/mekanism.client.recipe_viewer.jei.MekanismJEI.registerItemSubtypes(MekanismJEI.java:152)
	at TRANSFORMER/jei@29.6.2.31/mezz.jei.library.load.PluginLoader.lambda$registerSubtypes$0(PluginLoader.java:72)
	at TRANSFORMER/jei@29.6.2.31/mezz.jei.library.load.PluginCaller.callOnPlugins(PluginCaller.java:26)
	at TRANSFORMER/jei@29.6.2.31/mezz.jei.library.load.PluginLoader.registerSubtypes(PluginLoader.java:72)
	at TRANSFORMER/jei@29.6.2.31/mezz.jei.library.startup.JeiStarter.start(JeiStarter.java:119)
	at TRANSFORMER/jei@29.6.2.31/mezz.jei.neoforge.startup.StartEventObserver.transitionState(StartEventObserver.java:176)
	at TRANSFORMER/jei@29.6.2.31/mezz.jei.neoforge.startup.StartEventObserver.onEvent(StartEventObserver.java:121)
	at net.neoforged.bus.ConsumerEventHandler.invoke(ConsumerEventHandler.java:27)
	at net.neoforged.bus.EventBus.post(EventBus.java:360)
	at net.neoforged.bus.EventBus.post(EventBus.java:328)
	at TRANSFORMER/neoforge@26.1.2.75/net.neoforged.neoforge.client.network.ClientPayloadHandler.handle(ClientPayloadHandler.java:187)
	at TRANSFORMER/neoforge@26.1.2.75/net.neoforged.neoforge.network.handling.MainThreadPayloadHandler.lambda$handle$0(MainThreadPayloadHandler.java:16)
	at java.base/java.util.concurrent.CompletableFuture$AsyncRun.run(CompletableFuture.java:1825)
	at TRANSFORMER/neoforge@26.1.2.75/net.neoforged.neoforge.network.handling.QueuedPacket$CustomPayload.handle(QueuedPacket.java:17)
	at TRANSFORMER/minecraft@26.1.2/net.minecraft.network.PacketProcessor.processQueuedPackets(PacketProcessor.java:50)
	at TRANSFORMER/minecraft@26.1.2/net.minecraft.client.Minecraft.runTick(Minecraft.java:1291)
	at TRANSFORMER/minecraft@26.1.2/net.minecraft.client.Minecraft.run(Minecraft.java:937)
	at TRANSFORMER/minecraft@26.1.2/net.minecraft.client.main.Main.main(Main.java:246)
	at net.neoforged.fml.startup.Client.main(Client.java:19)
	at java.base/jdk.internal.reflect.DirectMethodHandleAccessor.invoke(DirectMethodHandleAccessor.java:104)
	at java.base/java.lang.reflect.Method.invoke(Method.java:565)
	at io.github.zekerzhayard.forgewrapper.installer.Main.main(Main.java:67)
	at java.base/jdk.internal.reflect.DirectMethodHandleAccessor.invoke(DirectMethodHandleAccessor.java:104)
	at java.base/java.lang.reflect.Method.invoke(Method.java:565)
	at org.jackhuang.hmcl.HMCLMultiMCBootstrap.launch(HMCLMultiMCBootstrap.java:80)
	at org.jackhuang.hmcl.HMCLMultiMCBootstrap.launchV1(HMCLMultiMCBootstrap.java:54)
	at org.jackhuang.hmcl.HMCLMultiMCBootstrap.main(HMCLMultiMCBootstrap.java:46)
[19:27:33] [Render thread/ERROR]: An interpreter is already registered for this: mekanism:elite_combining_factory
java.lang.IllegalArgumentException
	at TRANSFORMER/jei@29.6.2.31/mezz.jei.library.load.registration.SubtypeRegistration.registerSubtypeInterpreter(SubtypeRegistration.java:33)
	at TRANSFORMER/jei@29.6.2.31/mezz.jei.api.registration.ISubtypeRegistration.registerSubtypeInterpreter(ISubtypeRegistration.java:45)
	at TRANSFORMER/mekanism@10.8.0/mekanism.client.recipe_viewer.jei.MekanismJEI.registerItemSubtypes(MekanismJEI.java:143)
	at TRANSFORMER/mekanism@10.8.0/mekanism.client.recipe_viewer.jei.MekanismJEI.registerItemSubtypes(MekanismJEI.java:152)
	at TRANSFORMER/jei@29.6.2.31/mezz.jei.library.load.PluginLoader.lambda$registerSubtypes$0(PluginLoader.java:72)
	at TRANSFORMER/jei@29.6.2.31/mezz.jei.library.load.PluginCaller.callOnPlugins(PluginCaller.java:26)
	at TRANSFORMER/jei@29.6.2.31/mezz.jei.library.load.PluginLoader.registerSubtypes(PluginLoader.java:72)
	at TRANSFORMER/jei@29.6.2.31/mezz.jei.library.startup.JeiStarter.start(JeiStarter.java:119)
	at TRANSFORMER/jei@29.6.2.31/mezz.jei.neoforge.startup.StartEventObserver.transitionState(StartEventObserver.java:176)
	at TRANSFORMER/jei@29.6.2.31/mezz.jei.neoforge.startup.StartEventObserver.onEvent(StartEventObserver.java:121)
	at net.neoforged.bus.ConsumerEventHandler.invoke(ConsumerEventHandler.java:27)
	at net.neoforged.bus.EventBus.post(EventBus.java:360)
	at net.neoforged.bus.EventBus.post(EventBus.java:328)
	at TRANSFORMER/neoforge@26.1.2.75/net.neoforged.neoforge.client.network.ClientPayloadHandler.handle(ClientPayloadHandler.java:187)
	at TRANSFORMER/neoforge@26.1.2.75/net.neoforged.neoforge.network.handling.MainThreadPayloadHandler.lambda$handle$0(MainThreadPayloadHandler.java:16)
	at java.base/java.util.concurrent.CompletableFuture$AsyncRun.run(CompletableFuture.java:1825)
	at TRANSFORMER/neoforge@26.1.2.75/net.neoforged.neoforge.network.handling.QueuedPacket$CustomPayload.handle(QueuedPacket.java:17)
	at TRANSFORMER/minecraft@26.1.2/net.minecraft.network.PacketProcessor.processQueuedPackets(PacketProcessor.java:50)
	at TRANSFORMER/minecraft@26.1.2/net.minecraft.client.Minecraft.runTick(Minecraft.java:1291)
	at TRANSFORMER/minecraft@26.1.2/net.minecraft.client.Minecraft.run(Minecraft.java:937)
	at TRANSFORMER/minecraft@26.1.2/net.minecraft.client.main.Main.main(Main.java:246)
	at net.neoforged.fml.startup.Client.main(Client.java:19)
	at java.base/jdk.internal.reflect.DirectMethodHandleAccessor.invoke(DirectMethodHandleAccessor.java:104)
	at java.base/java.lang.reflect.Method.invoke(Method.java:565)
	at io.github.zekerzhayard.forgewrapper.installer.Main.main(Main.java:67)
	at java.base/jdk.internal.reflect.DirectMethodHandleAccessor.invoke(DirectMethodHandleAccessor.java:104)
	at java.base/java.lang.reflect.Method.invoke(Method.java:565)
	at org.jackhuang.hmcl.HMCLMultiMCBootstrap.launch(HMCLMultiMCBootstrap.java:80)
	at org.jackhuang.hmcl.HMCLMultiMCBootstrap.launchV1(HMCLMultiMCBootstrap.java:54)
	at org.jackhuang.hmcl.HMCLMultiMCBootstrap.main(HMCLMultiMCBootstrap.java:46)
[19:27:33] [Render thread/ERROR]: An interpreter is already registered for this: mekanism:elite_purifying_factory
java.lang.IllegalArgumentException
	at TRANSFORMER/jei@29.6.2.31/mezz.jei.library.load.registration.SubtypeRegistration.registerSubtypeInterpreter(SubtypeRegistration.java:33)
	at TRANSFORMER/jei@29.6.2.31/mezz.jei.api.registration.ISubtypeRegistration.registerSubtypeInterpreter(ISubtypeRegistration.java:45)
	at TRANSFORMER/mekanism@10.8.0/mekanism.client.recipe_viewer.jei.MekanismJEI.registerItemSubtypes(MekanismJEI.java:143)
	at TRANSFORMER/mekanism@10.8.0/mekanism.client.recipe_viewer.jei.MekanismJEI.registerItemSubtypes(MekanismJEI.java:152)
	at TRANSFORMER/jei@29.6.2.31/mezz.jei.library.load.PluginLoader.lambda$registerSubtypes$0(PluginLoader.java:72)
	at TRANSFORMER/jei@29.6.2.31/mezz.jei.library.load.PluginCaller.callOnPlugins(PluginCaller.java:26)
	at TRANSFORMER/jei@29.6.2.31/mezz.jei.library.load.PluginLoader.registerSubtypes(PluginLoader.java:72)
	at TRANSFORMER/jei@29.6.2.31/mezz.jei.library.startup.JeiStarter.start(JeiStarter.java:119)
	at TRANSFORMER/jei@29.6.2.31/mezz.jei.neoforge.startup.StartEventObserver.transitionState(StartEventObserver.java:176)
	at TRANSFORMER/jei@29.6.2.31/mezz.jei.neoforge.startup.StartEventObserver.onEvent(StartEventObserver.java:121)
	at net.neoforged.bus.ConsumerEventHandler.invoke(ConsumerEventHandler.java:27)
	at net.neoforged.bus.EventBus.post(EventBus.java:360)
	at net.neoforged.bus.EventBus.post(EventBus.java:328)
	at TRANSFORMER/neoforge@26.1.2.75/net.neoforged.neoforge.client.network.ClientPayloadHandler.handle(ClientPayloadHandler.java:187)
	at TRANSFORMER/neoforge@26.1.2.75/net.neoforged.neoforge.network.handling.MainThreadPayloadHandler.lambda$handle$0(MainThreadPayloadHandler.java:16)
	at java.base/java.util.concurrent.CompletableFuture$AsyncRun.run(CompletableFuture.java:1825)
	at TRANSFORMER/neoforge@26.1.2.75/net.neoforged.neoforge.network.handling.QueuedPacket$CustomPayload.handle(QueuedPacket.java:17)
	at TRANSFORMER/minecraft@26.1.2/net.minecraft.network.PacketProcessor.processQueuedPackets(PacketProcessor.java:50)
	at TRANSFORMER/minecraft@26.1.2/net.minecraft.client.Minecraft.runTick(Minecraft.java:1291)
	at TRANSFORMER/minecraft@26.1.2/net.minecraft.client.Minecraft.run(Minecraft.java:937)
	at TRANSFORMER/minecraft@26.1.2/net.minecraft.client.main.Main.main(Main.java:246)
	at net.neoforged.fml.startup.Client.main(Client.java:19)
	at java.base/jdk.internal.reflect.DirectMethodHandleAccessor.invoke(DirectMethodHandleAccessor.java:104)
	at java.base/java.lang.reflect.Method.invoke(Method.java:565)
	at io.github.zekerzhayard.forgewrapper.installer.Main.main(Main.java:67)
	at java.base/jdk.internal.reflect.DirectMethodHandleAccessor.invoke(DirectMethodHandleAccessor.java:104)
	at java.base/java.lang.reflect.Method.invoke(Method.java:565)
	at org.jackhuang.hmcl.HMCLMultiMCBootstrap.launch(HMCLMultiMCBootstrap.java:80)
	at org.jackhuang.hmcl.HMCLMultiMCBootstrap.launchV1(HMCLMultiMCBootstrap.java:54)
	at org.jackhuang.hmcl.HMCLMultiMCBootstrap.main(HMCLMultiMCBootstrap.java:46)
[19:27:33] [Render thread/ERROR]: An interpreter is already registered for this: mekanism:elite_injecting_factory
java.lang.IllegalArgumentException
	at TRANSFORMER/jei@29.6.2.31/mezz.jei.library.load.registration.SubtypeRegistration.registerSubtypeInterpreter(SubtypeRegistration.java:33)
	at TRANSFORMER/jei@29.6.2.31/mezz.jei.api.registration.ISubtypeRegistration.registerSubtypeInterpreter(ISubtypeRegistration.java:45)
	at TRANSFORMER/mekanism@10.8.0/mekanism.client.recipe_viewer.jei.MekanismJEI.registerItemSubtypes(MekanismJEI.java:143)
	at TRANSFORMER/mekanism@10.8.0/mekanism.client.recipe_viewer.jei.MekanismJEI.registerItemSubtypes(MekanismJEI.java:152)
	at TRANSFORMER/jei@29.6.2.31/mezz.jei.library.load.PluginLoader.lambda$registerSubtypes$0(PluginLoader.java:72)
	at TRANSFORMER/jei@29.6.2.31/mezz.jei.library.load.PluginCaller.callOnPlugins(PluginCaller.java:26)
	at TRANSFORMER/jei@29.6.2.31/mezz.jei.library.load.PluginLoader.registerSubtypes(PluginLoader.java:72)
	at TRANSFORMER/jei@29.6.2.31/mezz.jei.library.startup.JeiStarter.start(JeiStarter.java:119)
	at TRANSFORMER/jei@29.6.2.31/mezz.jei.neoforge.startup.StartEventObserver.transitionState(StartEventObserver.java:176)
	at TRANSFORMER/jei@29.6.2.31/mezz.jei.neoforge.startup.StartEventObserver.onEvent(StartEventObserver.java:121)
	at net.neoforged.bus.ConsumerEventHandler.invoke(ConsumerEventHandler.java:27)
	at net.neoforged.bus.EventBus.post(EventBus.java:360)
	at net.neoforged.bus.EventBus.post(EventBus.java:328)
	at TRANSFORMER/neoforge@26.1.2.75/net.neoforged.neoforge.client.network.ClientPayloadHandler.handle(ClientPayloadHandler.java:187)
	at TRANSFORMER/neoforge@26.1.2.75/net.neoforged.neoforge.network.handling.MainThreadPayloadHandler.lambda$handle$0(MainThreadPayloadHandler.java:16)
	at java.base/java.util.concurrent.CompletableFuture$AsyncRun.run(CompletableFuture.java:1825)
	at TRANSFORMER/neoforge@26.1.2.75/net.neoforged.neoforge.network.handling.QueuedPacket$CustomPayload.handle(QueuedPacket.java:17)
	at TRANSFORMER/minecraft@26.1.2/net.minecraft.network.PacketProcessor.processQueuedPackets(PacketProcessor.java:50)
	at TRANSFORMER/minecraft@26.1.2/net.minecraft.client.Minecraft.runTick(Minecraft.java:1291)
	at TRANSFORMER/minecraft@26.1.2/net.minecraft.client.Minecraft.run(Minecraft.java:937)
	at TRANSFORMER/minecraft@26.1.2/net.minecraft.client.main.Main.main(Main.java:246)
	at net.neoforged.fml.startup.Client.main(Client.java:19)
	at java.base/jdk.internal.reflect.DirectMethodHandleAccessor.invoke(DirectMethodHandleAccessor.java:104)
	at java.base/java.lang.reflect.Method.invoke(Method.java:565)
	at io.github.zekerzhayard.forgewrapper.installer.Main.main(Main.java:67)
	at java.base/jdk.internal.reflect.DirectMethodHandleAccessor.invoke(DirectMethodHandleAccessor.java:104)
	at java.base/java.lang.reflect.Method.invoke(Method.java:565)
	at org.jackhuang.hmcl.HMCLMultiMCBootstrap.launch(HMCLMultiMCBootstrap.java:80)
	at org.jackhuang.hmcl.HMCLMultiMCBootstrap.launchV1(HMCLMultiMCBootstrap.java:54)
	at org.jackhuang.hmcl.HMCLMultiMCBootstrap.main(HMCLMultiMCBootstrap.java:46)
[19:27:33] [Render thread/ERROR]: An interpreter is already registered for this: mekanism:elite_infusing_factory
java.lang.IllegalArgumentException
	at TRANSFORMER/jei@29.6.2.31/mezz.jei.library.load.registration.SubtypeRegistration.registerSubtypeInterpreter(SubtypeRegistration.java:33)
	at TRANSFORMER/jei@29.6.2.31/mezz.jei.api.registration.ISubtypeRegistration.registerSubtypeInterpreter(ISubtypeRegistration.java:45)
	at TRANSFORMER/mekanism@10.8.0/mekanism.client.recipe_viewer.jei.MekanismJEI.registerItemSubtypes(MekanismJEI.java:143)
	at TRANSFORMER/mekanism@10.8.0/mekanism.client.recipe_viewer.jei.MekanismJEI.registerItemSubtypes(MekanismJEI.java:152)
	at TRANSFORMER/jei@29.6.2.31/mezz.jei.library.load.PluginLoader.lambda$registerSubtypes$0(PluginLoader.java:72)
	at TRANSFORMER/jei@29.6.2.31/mezz.jei.library.load.PluginCaller.callOnPlugins(PluginCaller.java:26)
	at TRANSFORMER/jei@29.6.2.31/mezz.jei.library.load.PluginLoader.registerSubtypes(PluginLoader.java:72)
	at TRANSFORMER/jei@29.6.2.31/mezz.jei.library.startup.JeiStarter.start(JeiStarter.java:119)
	at TRANSFORMER/jei@29.6.2.31/mezz.jei.neoforge.startup.StartEventObserver.transitionState(StartEventObserver.java:176)
	at TRANSFORMER/jei@29.6.2.31/mezz.jei.neoforge.startup.StartEventObserver.onEvent(StartEventObserver.java:121)
	at net.neoforged.bus.ConsumerEventHandler.invoke(ConsumerEventHandler.java:27)
	at net.neoforged.bus.EventBus.post(EventBus.java:360)
	at net.neoforged.bus.EventBus.post(EventBus.java:328)
	at TRANSFORMER/neoforge@26.1.2.75/net.neoforged.neoforge.client.network.ClientPayloadHandler.handle(ClientPayloadHandler.java:187)
	at TRANSFORMER/neoforge@26.1.2.75/net.neoforged.neoforge.network.handling.MainThreadPayloadHandler.lambda$handle$0(MainThreadPayloadHandler.java:16)
	at java.base/java.util.concurrent.CompletableFuture$AsyncRun.run(CompletableFuture.java:1825)
	at TRANSFORMER/neoforge@26.1.2.75/net.neoforged.neoforge.network.handling.QueuedPacket$CustomPayload.handle(QueuedPacket.java:17)
	at TRANSFORMER/minecraft@26.1.2/net.minecraft.network.PacketProcessor.processQueuedPackets(PacketProcessor.java:50)
	at TRANSFORMER/minecraft@26.1.2/net.minecraft.client.Minecraft.runTick(Minecraft.java:1291)
	at TRANSFORMER/minecraft@26.1.2/net.minecraft.client.Minecraft.run(Minecraft.java:937)
	at TRANSFORMER/minecraft@26.1.2/net.minecraft.client.main.Main.main(Main.java:246)
	at net.neoforged.fml.startup.Client.main(Client.java:19)
	at java.base/jdk.internal.reflect.DirectMethodHandleAccessor.invoke(DirectMethodHandleAccessor.java:104)
	at java.base/java.lang.reflect.Method.invoke(Method.java:565)
	at io.github.zekerzhayard.forgewrapper.installer.Main.main(Main.java:67)
	at java.base/jdk.internal.reflect.DirectMethodHandleAccessor.invoke(DirectMethodHandleAccessor.java:104)
	at java.base/java.lang.reflect.Method.invoke(Method.java:565)
	at org.jackhuang.hmcl.HMCLMultiMCBootstrap.launch(HMCLMultiMCBootstrap.java:80)
	at org.jackhuang.hmcl.HMCLMultiMCBootstrap.launchV1(HMCLMultiMCBootstrap.java:54)
	at org.jackhuang.hmcl.HMCLMultiMCBootstrap.main(HMCLMultiMCBootstrap.java:46)
[19:27:33] [Render thread/ERROR]: An interpreter is already registered for this: mekanism:elite_sawing_factory
java.lang.IllegalArgumentException
	at TRANSFORMER/jei@29.6.2.31/mezz.jei.library.load.registration.SubtypeRegistration.registerSubtypeInterpreter(SubtypeRegistration.java:33)
	at TRANSFORMER/jei@29.6.2.31/mezz.jei.api.registration.ISubtypeRegistration.registerSubtypeInterpreter(ISubtypeRegistration.java:45)
	at TRANSFORMER/mekanism@10.8.0/mekanism.client.recipe_viewer.jei.MekanismJEI.registerItemSubtypes(MekanismJEI.java:143)
	at TRANSFORMER/mekanism@10.8.0/mekanism.client.recipe_viewer.jei.MekanismJEI.registerItemSubtypes(MekanismJEI.java:152)
	at TRANSFORMER/jei@29.6.2.31/mezz.jei.library.load.PluginLoader.lambda$registerSubtypes$0(PluginLoader.java:72)
	at TRANSFORMER/jei@29.6.2.31/mezz.jei.library.load.PluginCaller.callOnPlugins(PluginCaller.java:26)
	at TRANSFORMER/jei@29.6.2.31/mezz.jei.library.load.PluginLoader.registerSubtypes(PluginLoader.java:72)
	at TRANSFORMER/jei@29.6.2.31/mezz.jei.library.startup.JeiStarter.start(JeiStarter.java:119)
	at TRANSFORMER/jei@29.6.2.31/mezz.jei.neoforge.startup.StartEventObserver.transitionState(StartEventObserver.java:176)
	at TRANSFORMER/jei@29.6.2.31/mezz.jei.neoforge.startup.StartEventObserver.onEvent(StartEventObserver.java:121)
	at net.neoforged.bus.ConsumerEventHandler.invoke(ConsumerEventHandler.java:27)
	at net.neoforged.bus.EventBus.post(EventBus.java:360)
	at net.neoforged.bus.EventBus.post(EventBus.java:328)
	at TRANSFORMER/neoforge@26.1.2.75/net.neoforged.neoforge.client.network.ClientPayloadHandler.handle(ClientPayloadHandler.java:187)
	at TRANSFORMER/neoforge@26.1.2.75/net.neoforged.neoforge.network.handling.MainThreadPayloadHandler.lambda$handle$0(MainThreadPayloadHandler.java:16)
	at java.base/java.util.concurrent.CompletableFuture$AsyncRun.run(CompletableFuture.java:1825)
	at TRANSFORMER/neoforge@26.1.2.75/net.neoforged.neoforge.network.handling.QueuedPacket$CustomPayload.handle(QueuedPacket.java:17)
	at TRANSFORMER/minecraft@26.1.2/net.minecraft.network.PacketProcessor.processQueuedPackets(PacketProcessor.java:50)
	at TRANSFORMER/minecraft@26.1.2/net.minecraft.client.Minecraft.runTick(Minecraft.java:1291)
	at TRANSFORMER/minecraft@26.1.2/net.minecraft.client.Minecraft.run(Minecraft.java:937)
	at TRANSFORMER/minecraft@26.1.2/net.minecraft.client.main.Main.main(Main.java:246)
	at net.neoforged.fml.startup.Client.main(Client.java:19)
	at java.base/jdk.internal.reflect.DirectMethodHandleAccessor.invoke(DirectMethodHandleAccessor.java:104)
	at java.base/java.lang.reflect.Method.invoke(Method.java:565)
	at io.github.zekerzhayard.forgewrapper.installer.Main.main(Main.java:67)
	at java.base/jdk.internal.reflect.DirectMethodHandleAccessor.invoke(DirectMethodHandleAccessor.java:104)
	at java.base/java.lang.reflect.Method.invoke(Method.java:565)
	at org.jackhuang.hmcl.HMCLMultiMCBootstrap.launch(HMCLMultiMCBootstrap.java:80)
	at org.jackhuang.hmcl.HMCLMultiMCBootstrap.launchV1(HMCLMultiMCBootstrap.java:54)
	at org.jackhuang.hmcl.HMCLMultiMCBootstrap.main(HMCLMultiMCBootstrap.java:46)
[19:27:33] [Render thread/ERROR]: An interpreter is already registered for this: mekanism:ultimate_smelting_factory
java.lang.IllegalArgumentException
	at TRANSFORMER/jei@29.6.2.31/mezz.jei.library.load.registration.SubtypeRegistration.registerSubtypeInterpreter(SubtypeRegistration.java:33)
	at TRANSFORMER/jei@29.6.2.31/mezz.jei.api.registration.ISubtypeRegistration.registerSubtypeInterpreter(ISubtypeRegistration.java:45)
	at TRANSFORMER/mekanism@10.8.0/mekanism.client.recipe_viewer.jei.MekanismJEI.registerItemSubtypes(MekanismJEI.java:143)
	at TRANSFORMER/mekanism@10.8.0/mekanism.client.recipe_viewer.jei.MekanismJEI.registerItemSubtypes(MekanismJEI.java:152)
	at TRANSFORMER/jei@29.6.2.31/mezz.jei.library.load.PluginLoader.lambda$registerSubtypes$0(PluginLoader.java:72)
	at TRANSFORMER/jei@29.6.2.31/mezz.jei.library.load.PluginCaller.callOnPlugins(PluginCaller.java:26)
	at TRANSFORMER/jei@29.6.2.31/mezz.jei.library.load.PluginLoader.registerSubtypes(PluginLoader.java:72)
	at TRANSFORMER/jei@29.6.2.31/mezz.jei.library.startup.JeiStarter.start(JeiStarter.java:119)
	at TRANSFORMER/jei@29.6.2.31/mezz.jei.neoforge.startup.StartEventObserver.transitionState(StartEventObserver.java:176)
	at TRANSFORMER/jei@29.6.2.31/mezz.jei.neoforge.startup.StartEventObserver.onEvent(StartEventObserver.java:121)
	at net.neoforged.bus.ConsumerEventHandler.invoke(ConsumerEventHandler.java:27)
	at net.neoforged.bus.EventBus.post(EventBus.java:360)
	at net.neoforged.bus.EventBus.post(EventBus.java:328)
	at TRANSFORMER/neoforge@26.1.2.75/net.neoforged.neoforge.client.network.ClientPayloadHandler.handle(ClientPayloadHandler.java:187)
	at TRANSFORMER/neoforge@26.1.2.75/net.neoforged.neoforge.network.handling.MainThreadPayloadHandler.lambda$handle$0(MainThreadPayloadHandler.java:16)
	at java.base/java.util.concurrent.CompletableFuture$AsyncRun.run(CompletableFuture.java:1825)
	at TRANSFORMER/neoforge@26.1.2.75/net.neoforged.neoforge.network.handling.QueuedPacket$CustomPayload.handle(QueuedPacket.java:17)
	at TRANSFORMER/minecraft@26.1.2/net.minecraft.network.PacketProcessor.processQueuedPackets(PacketProcessor.java:50)
	at TRANSFORMER/minecraft@26.1.2/net.minecraft.client.Minecraft.runTick(Minecraft.java:1291)
	at TRANSFORMER/minecraft@26.1.2/net.minecraft.client.Minecraft.run(Minecraft.java:937)
	at TRANSFORMER/minecraft@26.1.2/net.minecraft.client.main.Main.main(Main.java:246)
	at net.neoforged.fml.startup.Client.main(Client.java:19)
	at java.base/jdk.internal.reflect.DirectMethodHandleAccessor.invoke(DirectMethodHandleAccessor.java:104)
	at java.base/java.lang.reflect.Method.invoke(Method.java:565)
	at io.github.zekerzhayard.forgewrapper.installer.Main.main(Main.java:67)
	at java.base/jdk.internal.reflect.DirectMethodHandleAccessor.invoke(DirectMethodHandleAccessor.java:104)
	at java.base/java.lang.reflect.Method.invoke(Method.java:565)
	at org.jackhuang.hmcl.HMCLMultiMCBootstrap.launch(HMCLMultiMCBootstrap.java:80)
	at org.jackhuang.hmcl.HMCLMultiMCBootstrap.launchV1(HMCLMultiMCBootstrap.java:54)
	at org.jackhuang.hmcl.HMCLMultiMCBootstrap.main(HMCLMultiMCBootstrap.java:46)
[19:27:33] [Render thread/ERROR]: An interpreter is already registered for this: mekanism:ultimate_enriching_factory
java.lang.IllegalArgumentException
	at TRANSFORMER/jei@29.6.2.31/mezz.jei.library.load.registration.SubtypeRegistration.registerSubtypeInterpreter(SubtypeRegistration.java:33)
	at TRANSFORMER/jei@29.6.2.31/mezz.jei.api.registration.ISubtypeRegistration.registerSubtypeInterpreter(ISubtypeRegistration.java:45)
	at TRANSFORMER/mekanism@10.8.0/mekanism.client.recipe_viewer.jei.MekanismJEI.registerItemSubtypes(MekanismJEI.java:143)
	at TRANSFORMER/mekanism@10.8.0/mekanism.client.recipe_viewer.jei.MekanismJEI.registerItemSubtypes(MekanismJEI.java:152)
	at TRANSFORMER/jei@29.6.2.31/mezz.jei.library.load.PluginLoader.lambda$registerSubtypes$0(PluginLoader.java:72)
	at TRANSFORMER/jei@29.6.2.31/mezz.jei.library.load.PluginCaller.callOnPlugins(PluginCaller.java:26)
	at TRANSFORMER/jei@29.6.2.31/mezz.jei.library.load.PluginLoader.registerSubtypes(PluginLoader.java:72)
	at TRANSFORMER/jei@29.6.2.31/mezz.jei.library.startup.JeiStarter.start(JeiStarter.java:119)
	at TRANSFORMER/jei@29.6.2.31/mezz.jei.neoforge.startup.StartEventObserver.transitionState(StartEventObserver.java:176)
	at TRANSFORMER/jei@29.6.2.31/mezz.jei.neoforge.startup.StartEventObserver.onEvent(StartEventObserver.java:121)
	at net.neoforged.bus.ConsumerEventHandler.invoke(ConsumerEventHandler.java:27)
	at net.neoforged.bus.EventBus.post(EventBus.java:360)
	at net.neoforged.bus.EventBus.post(EventBus.java:328)
	at TRANSFORMER/neoforge@26.1.2.75/net.neoforged.neoforge.client.network.ClientPayloadHandler.handle(ClientPayloadHandler.java:187)
	at TRANSFORMER/neoforge@26.1.2.75/net.neoforged.neoforge.network.handling.MainThreadPayloadHandler.lambda$handle$0(MainThreadPayloadHandler.java:16)
	at java.base/java.util.concurrent.CompletableFuture$AsyncRun.run(CompletableFuture.java:1825)
	at TRANSFORMER/neoforge@26.1.2.75/net.neoforged.neoforge.network.handling.QueuedPacket$CustomPayload.handle(QueuedPacket.java:17)
	at TRANSFORMER/minecraft@26.1.2/net.minecraft.network.PacketProcessor.processQueuedPackets(PacketProcessor.java:50)
	at TRANSFORMER/minecraft@26.1.2/net.minecraft.client.Minecraft.runTick(Minecraft.java:1291)
	at TRANSFORMER/minecraft@26.1.2/net.minecraft.client.Minecraft.run(Minecraft.java:937)
	at TRANSFORMER/minecraft@26.1.2/net.minecraft.client.main.Main.main(Main.java:246)
	at net.neoforged.fml.startup.Client.main(Client.java:19)
	at java.base/jdk.internal.reflect.DirectMethodHandleAccessor.invoke(DirectMethodHandleAccessor.java:104)
	at java.base/java.lang.reflect.Method.invoke(Method.java:565)
	at io.github.zekerzhayard.forgewrapper.installer.Main.main(Main.java:67)
	at java.base/jdk.internal.reflect.DirectMethodHandleAccessor.invoke(DirectMethodHandleAccessor.java:104)
	at java.base/java.lang.reflect.Method.invoke(Method.java:565)
	at org.jackhuang.hmcl.HMCLMultiMCBootstrap.launch(HMCLMultiMCBootstrap.java:80)
	at org.jackhuang.hmcl.HMCLMultiMCBootstrap.launchV1(HMCLMultiMCBootstrap.java:54)
	at org.jackhuang.hmcl.HMCLMultiMCBootstrap.main(HMCLMultiMCBootstrap.java:46)
[19:27:33] [Render thread/ERROR]: An interpreter is already registered for this: mekanism:ultimate_crushing_factory
java.lang.IllegalArgumentException
	at TRANSFORMER/jei@29.6.2.31/mezz.jei.library.load.registration.SubtypeRegistration.registerSubtypeInterpreter(SubtypeRegistration.java:33)
	at TRANSFORMER/jei@29.6.2.31/mezz.jei.api.registration.ISubtypeRegistration.registerSubtypeInterpreter(ISubtypeRegistration.java:45)
	at TRANSFORMER/mekanism@10.8.0/mekanism.client.recipe_viewer.jei.MekanismJEI.registerItemSubtypes(MekanismJEI.java:143)
	at TRANSFORMER/mekanism@10.8.0/mekanism.client.recipe_viewer.jei.MekanismJEI.registerItemSubtypes(MekanismJEI.java:152)
	at TRANSFORMER/jei@29.6.2.31/mezz.jei.library.load.PluginLoader.lambda$registerSubtypes$0(PluginLoader.java:72)
	at TRANSFORMER/jei@29.6.2.31/mezz.jei.library.load.PluginCaller.callOnPlugins(PluginCaller.java:26)
	at TRANSFORMER/jei@29.6.2.31/mezz.jei.library.load.PluginLoader.registerSubtypes(PluginLoader.java:72)
	at TRANSFORMER/jei@29.6.2.31/mezz.jei.library.startup.JeiStarter.start(JeiStarter.java:119)
	at TRANSFORMER/jei@29.6.2.31/mezz.jei.neoforge.startup.StartEventObserver.transitionState(StartEventObserver.java:176)
	at TRANSFORMER/jei@29.6.2.31/mezz.jei.neoforge.startup.StartEventObserver.onEvent(StartEventObserver.java:121)
	at net.neoforged.bus.ConsumerEventHandler.invoke(ConsumerEventHandler.java:27)
	at net.neoforged.bus.EventBus.post(EventBus.java:360)
	at net.neoforged.bus.EventBus.post(EventBus.java:328)
	at TRANSFORMER/neoforge@26.1.2.75/net.neoforged.neoforge.client.network.ClientPayloadHandler.handle(ClientPayloadHandler.java:187)
	at TRANSFORMER/neoforge@26.1.2.75/net.neoforged.neoforge.network.handling.MainThreadPayloadHandler.lambda$handle$0(MainThreadPayloadHandler.java:16)
	at java.base/java.util.concurrent.CompletableFuture$AsyncRun.run(CompletableFuture.java:1825)
	at TRANSFORMER/neoforge@26.1.2.75/net.neoforged.neoforge.network.handling.QueuedPacket$CustomPayload.handle(QueuedPacket.java:17)
	at TRANSFORMER/minecraft@26.1.2/net.minecraft.network.PacketProcessor.processQueuedPackets(PacketProcessor.java:50)
	at TRANSFORMER/minecraft@26.1.2/net.minecraft.client.Minecraft.runTick(Minecraft.java:1291)
	at TRANSFORMER/minecraft@26.1.2/net.minecraft.client.Minecraft.run(Minecraft.java:937)
	at TRANSFORMER/minecraft@26.1.2/net.minecraft.client.main.Main.main(Main.java:246)
	at net.neoforged.fml.startup.Client.main(Client.java:19)
	at java.base/jdk.internal.reflect.DirectMethodHandleAccessor.invoke(DirectMethodHandleAccessor.java:104)
	at java.base/java.lang.reflect.Method.invoke(Method.java:565)
	at io.github.zekerzhayard.forgewrapper.installer.Main.main(Main.java:67)
	at java.base/jdk.internal.reflect.DirectMethodHandleAccessor.invoke(DirectMethodHandleAccessor.java:104)
	at java.base/java.lang.reflect.Method.invoke(Method.java:565)
	at org.jackhuang.hmcl.HMCLMultiMCBootstrap.launch(HMCLMultiMCBootstrap.java:80)
	at org.jackhuang.hmcl.HMCLMultiMCBootstrap.launchV1(HMCLMultiMCBootstrap.java:54)
	at org.jackhuang.hmcl.HMCLMultiMCBootstrap.main(HMCLMultiMCBootstrap.java:46)
[19:27:33] [Render thread/ERROR]: An interpreter is already registered for this: mekanism:ultimate_compressing_factory
java.lang.IllegalArgumentException
	at TRANSFORMER/jei@29.6.2.31/mezz.jei.library.load.registration.SubtypeRegistration.registerSubtypeInterpreter(SubtypeRegistration.java:33)
	at TRANSFORMER/jei@29.6.2.31/mezz.jei.api.registration.ISubtypeRegistration.registerSubtypeInterpreter(ISubtypeRegistration.java:45)
	at TRANSFORMER/mekanism@10.8.0/mekanism.client.recipe_viewer.jei.MekanismJEI.registerItemSubtypes(MekanismJEI.java:143)
	at TRANSFORMER/mekanism@10.8.0/mekanism.client.recipe_viewer.jei.MekanismJEI.registerItemSubtypes(MekanismJEI.java:152)
	at TRANSFORMER/jei@29.6.2.31/mezz.jei.library.load.PluginLoader.lambda$registerSubtypes$0(PluginLoader.java:72)
	at TRANSFORMER/jei@29.6.2.31/mezz.jei.library.load.PluginCaller.callOnPlugins(PluginCaller.java:26)
	at TRANSFORMER/jei@29.6.2.31/mezz.jei.library.load.PluginLoader.registerSubtypes(PluginLoader.java:72)
	at TRANSFORMER/jei@29.6.2.31/mezz.jei.library.startup.JeiStarter.start(JeiStarter.java:119)
	at TRANSFORMER/jei@29.6.2.31/mezz.jei.neoforge.startup.StartEventObserver.transitionState(StartEventObserver.java:176)
	at TRANSFORMER/jei@29.6.2.31/mezz.jei.neoforge.startup.StartEventObserver.onEvent(StartEventObserver.java:121)
	at net.neoforged.bus.ConsumerEventHandler.invoke(ConsumerEventHandler.java:27)
	at net.neoforged.bus.EventBus.post(EventBus.java:360)
	at net.neoforged.bus.EventBus.post(EventBus.java:328)
	at TRANSFORMER/neoforge@26.1.2.75/net.neoforged.neoforge.client.network.ClientPayloadHandler.handle(ClientPayloadHandler.java:187)
	at TRANSFORMER/neoforge@26.1.2.75/net.neoforged.neoforge.network.handling.MainThreadPayloadHandler.lambda$handle$0(MainThreadPayloadHandler.java:16)
	at java.base/java.util.concurrent.CompletableFuture$AsyncRun.run(CompletableFuture.java:1825)
	at TRANSFORMER/neoforge@26.1.2.75/net.neoforged.neoforge.network.handling.QueuedPacket$CustomPayload.handle(QueuedPacket.java:17)
	at TRANSFORMER/minecraft@26.1.2/net.minecraft.network.PacketProcessor.processQueuedPackets(PacketProcessor.java:50)
	at TRANSFORMER/minecraft@26.1.2/net.minecraft.client.Minecraft.runTick(Minecraft.java:1291)
	at TRANSFORMER/minecraft@26.1.2/net.minecraft.client.Minecraft.run(Minecraft.java:937)
	at TRANSFORMER/minecraft@26.1.2/net.minecraft.client.main.Main.main(Main.java:246)
	at net.neoforged.fml.startup.Client.main(Client.java:19)
	at java.base/jdk.internal.reflect.DirectMethodHandleAccessor.invoke(DirectMethodHandleAccessor.java:104)
	at java.base/java.lang.reflect.Method.invoke(Method.java:565)
	at io.github.zekerzhayard.forgewrapper.installer.Main.main(Main.java:67)
	at java.base/jdk.internal.reflect.DirectMethodHandleAccessor.invoke(DirectMethodHandleAccessor.java:104)
	at java.base/java.lang.reflect.Method.invoke(Method.java:565)
	at org.jackhuang.hmcl.HMCLMultiMCBootstrap.launch(HMCLMultiMCBootstrap.java:80)
	at org.jackhuang.hmcl.HMCLMultiMCBootstrap.launchV1(HMCLMultiMCBootstrap.java:54)
	at org.jackhuang.hmcl.HMCLMultiMCBootstrap.main(HMCLMultiMCBootstrap.java:46)
[19:27:33] [Render thread/ERROR]: An interpreter is already registered for this: mekanism:ultimate_combining_factory
java.lang.IllegalArgumentException
	at TRANSFORMER/jei@29.6.2.31/mezz.jei.library.load.registration.SubtypeRegistration.registerSubtypeInterpreter(SubtypeRegistration.java:33)
	at TRANSFORMER/jei@29.6.2.31/mezz.jei.api.registration.ISubtypeRegistration.registerSubtypeInterpreter(ISubtypeRegistration.java:45)
	at TRANSFORMER/mekanism@10.8.0/mekanism.client.recipe_viewer.jei.MekanismJEI.registerItemSubtypes(MekanismJEI.java:143)
	at TRANSFORMER/mekanism@10.8.0/mekanism.client.recipe_viewer.jei.MekanismJEI.registerItemSubtypes(MekanismJEI.java:152)
	at TRANSFORMER/jei@29.6.2.31/mezz.jei.library.load.PluginLoader.lambda$registerSubtypes$0(PluginLoader.java:72)
	at TRANSFORMER/jei@29.6.2.31/mezz.jei.library.load.PluginCaller.callOnPlugins(PluginCaller.java:26)
	at TRANSFORMER/jei@29.6.2.31/mezz.jei.library.load.PluginLoader.registerSubtypes(PluginLoader.java:72)
	at TRANSFORMER/jei@29.6.2.31/mezz.jei.library.startup.JeiStarter.start(JeiStarter.java:119)
	at TRANSFORMER/jei@29.6.2.31/mezz.jei.neoforge.startup.StartEventObserver.transitionState(StartEventObserver.java:176)
	at TRANSFORMER/jei@29.6.2.31/mezz.jei.neoforge.startup.StartEventObserver.onEvent(StartEventObserver.java:121)
	at net.neoforged.bus.ConsumerEventHandler.invoke(ConsumerEventHandler.java:27)
	at net.neoforged.bus.EventBus.post(EventBus.java:360)
	at net.neoforged.bus.EventBus.post(EventBus.java:328)
	at TRANSFORMER/neoforge@26.1.2.75/net.neoforged.neoforge.client.network.ClientPayloadHandler.handle(ClientPayloadHandler.java:187)
	at TRANSFORMER/neoforge@26.1.2.75/net.neoforged.neoforge.network.handling.MainThreadPayloadHandler.lambda$handle$0(MainThreadPayloadHandler.java:16)
	at java.base/java.util.concurrent.CompletableFuture$AsyncRun.run(CompletableFuture.java:1825)
	at TRANSFORMER/neoforge@26.1.2.75/net.neoforged.neoforge.network.handling.QueuedPacket$CustomPayload.handle(QueuedPacket.java:17)
	at TRANSFORMER/minecraft@26.1.2/net.minecraft.network.PacketProcessor.processQueuedPackets(PacketProcessor.java:50)
	at TRANSFORMER/minecraft@26.1.2/net.minecraft.client.Minecraft.runTick(Minecraft.java:1291)
	at TRANSFORMER/minecraft@26.1.2/net.minecraft.client.Minecraft.run(Minecraft.java:937)
	at TRANSFORMER/minecraft@26.1.2/net.minecraft.client.main.Main.main(Main.java:246)
	at net.neoforged.fml.startup.Client.main(Client.java:19)
	at java.base/jdk.internal.reflect.DirectMethodHandleAccessor.invoke(DirectMethodHandleAccessor.java:104)
	at java.base/java.lang.reflect.Method.invoke(Method.java:565)
	at io.github.zekerzhayard.forgewrapper.installer.Main.main(Main.java:67)
	at java.base/jdk.internal.reflect.DirectMethodHandleAccessor.invoke(DirectMethodHandleAccessor.java:104)
	at java.base/java.lang.reflect.Method.invoke(Method.java:565)
	at org.jackhuang.hmcl.HMCLMultiMCBootstrap.launch(HMCLMultiMCBootstrap.java:80)
	at org.jackhuang.hmcl.HMCLMultiMCBootstrap.launchV1(HMCLMultiMCBootstrap.java:54)
	at org.jackhuang.hmcl.HMCLMultiMCBootstrap.main(HMCLMultiMCBootstrap.java:46)
[19:27:33] [Render thread/ERROR]: An interpreter is already registered for this: mekanism:ultimate_purifying_factory
java.lang.IllegalArgumentException
	at TRANSFORMER/jei@29.6.2.31/mezz.jei.library.load.registration.SubtypeRegistration.registerSubtypeInterpreter(SubtypeRegistration.java:33)
	at TRANSFORMER/jei@29.6.2.31/mezz.jei.api.registration.ISubtypeRegistration.registerSubtypeInterpreter(ISubtypeRegistration.java:45)
	at TRANSFORMER/mekanism@10.8.0/mekanism.client.recipe_viewer.jei.MekanismJEI.registerItemSubtypes(MekanismJEI.java:143)
	at TRANSFORMER/mekanism@10.8.0/mekanism.client.recipe_viewer.jei.MekanismJEI.registerItemSubtypes(MekanismJEI.java:152)
	at TRANSFORMER/jei@29.6.2.31/mezz.jei.library.load.PluginLoader.lambda$registerSubtypes$0(PluginLoader.java:72)
	at TRANSFORMER/jei@29.6.2.31/mezz.jei.library.load.PluginCaller.callOnPlugins(PluginCaller.java:26)
	at TRANSFORMER/jei@29.6.2.31/mezz.jei.library.load.PluginLoader.registerSubtypes(PluginLoader.java:72)
	at TRANSFORMER/jei@29.6.2.31/mezz.jei.library.startup.JeiStarter.start(JeiStarter.java:119)
	at TRANSFORMER/jei@29.6.2.31/mezz.jei.neoforge.startup.StartEventObserver.transitionState(StartEventObserver.java:176)
	at TRANSFORMER/jei@29.6.2.31/mezz.jei.neoforge.startup.StartEventObserver.onEvent(StartEventObserver.java:121)
	at net.neoforged.bus.ConsumerEventHandler.invoke(ConsumerEventHandler.java:27)
	at net.neoforged.bus.EventBus.post(EventBus.java:360)
	at net.neoforged.bus.EventBus.post(EventBus.java:328)
	at TRANSFORMER/neoforge@26.1.2.75/net.neoforged.neoforge.client.network.ClientPayloadHandler.handle(ClientPayloadHandler.java:187)
	at TRANSFORMER/neoforge@26.1.2.75/net.neoforged.neoforge.network.handling.MainThreadPayloadHandler.lambda$handle$0(MainThreadPayloadHandler.java:16)
	at java.base/java.util.concurrent.CompletableFuture$AsyncRun.run(CompletableFuture.java:1825)
	at TRANSFORMER/neoforge@26.1.2.75/net.neoforged.neoforge.network.handling.QueuedPacket$CustomPayload.handle(QueuedPacket.java:17)
	at TRANSFORMER/minecraft@26.1.2/net.minecraft.network.PacketProcessor.processQueuedPackets(PacketProcessor.java:50)
	at TRANSFORMER/minecraft@26.1.2/net.minecraft.client.Minecraft.runTick(Minecraft.java:1291)
	at TRANSFORMER/minecraft@26.1.2/net.minecraft.client.Minecraft.run(Minecraft.java:937)
	at TRANSFORMER/minecraft@26.1.2/net.minecraft.client.main.Main.main(Main.java:246)
	at net.neoforged.fml.startup.Client.main(Client.java:19)
	at java.base/jdk.internal.reflect.DirectMethodHandleAccessor.invoke(DirectMethodHandleAccessor.java:104)
	at java.base/java.lang.reflect.Method.invoke(Method.java:565)
	at io.github.zekerzhayard.forgewrapper.installer.Main.main(Main.java:67)
	at java.base/jdk.internal.reflect.DirectMethodHandleAccessor.invoke(DirectMethodHandleAccessor.java:104)
	at java.base/java.lang.reflect.Method.invoke(Method.java:565)
	at org.jackhuang.hmcl.HMCLMultiMCBootstrap.launch(HMCLMultiMCBootstrap.java:80)
	at org.jackhuang.hmcl.HMCLMultiMCBootstrap.launchV1(HMCLMultiMCBootstrap.java:54)
	at org.jackhuang.hmcl.HMCLMultiMCBootstrap.main(HMCLMultiMCBootstrap.java:46)
[19:27:33] [Render thread/ERROR]: An interpreter is already registered for this: mekanism:ultimate_injecting_factory
java.lang.IllegalArgumentException
	at TRANSFORMER/jei@29.6.2.31/mezz.jei.library.load.registration.SubtypeRegistration.registerSubtypeInterpreter(SubtypeRegistration.java:33)
	at TRANSFORMER/jei@29.6.2.31/mezz.jei.api.registration.ISubtypeRegistration.registerSubtypeInterpreter(ISubtypeRegistration.java:45)
	at TRANSFORMER/mekanism@10.8.0/mekanism.client.recipe_viewer.jei.MekanismJEI.registerItemSubtypes(MekanismJEI.java:143)
	at TRANSFORMER/mekanism@10.8.0/mekanism.client.recipe_viewer.jei.MekanismJEI.registerItemSubtypes(MekanismJEI.java:152)
	at TRANSFORMER/jei@29.6.2.31/mezz.jei.library.load.PluginLoader.lambda$registerSubtypes$0(PluginLoader.java:72)
	at TRANSFORMER/jei@29.6.2.31/mezz.jei.library.load.PluginCaller.callOnPlugins(PluginCaller.java:26)
	at TRANSFORMER/jei@29.6.2.31/mezz.jei.library.load.PluginLoader.registerSubtypes(PluginLoader.java:72)
	at TRANSFORMER/jei@29.6.2.31/mezz.jei.library.startup.JeiStarter.start(JeiStarter.java:119)
	at TRANSFORMER/jei@29.6.2.31/mezz.jei.neoforge.startup.StartEventObserver.transitionState(StartEventObserver.java:176)
	at TRANSFORMER/jei@29.6.2.31/mezz.jei.neoforge.startup.StartEventObserver.onEvent(StartEventObserver.java:121)
	at net.neoforged.bus.ConsumerEventHandler.invoke(ConsumerEventHandler.java:27)
	at net.neoforged.bus.EventBus.post(EventBus.java:360)
	at net.neoforged.bus.EventBus.post(EventBus.java:328)
	at TRANSFORMER/neoforge@26.1.2.75/net.neoforged.neoforge.client.network.ClientPayloadHandler.handle(ClientPayloadHandler.java:187)
	at TRANSFORMER/neoforge@26.1.2.75/net.neoforged.neoforge.network.handling.MainThreadPayloadHandler.lambda$handle$0(MainThreadPayloadHandler.java:16)
	at java.base/java.util.concurrent.CompletableFuture$AsyncRun.run(CompletableFuture.java:1825)
	at TRANSFORMER/neoforge@26.1.2.75/net.neoforged.neoforge.network.handling.QueuedPacket$CustomPayload.handle(QueuedPacket.java:17)
	at TRANSFORMER/minecraft@26.1.2/net.minecraft.network.PacketProcessor.processQueuedPackets(PacketProcessor.java:50)
	at TRANSFORMER/minecraft@26.1.2/net.minecraft.client.Minecraft.runTick(Minecraft.java:1291)
	at TRANSFORMER/minecraft@26.1.2/net.minecraft.client.Minecraft.run(Minecraft.java:937)
	at TRANSFORMER/minecraft@26.1.2/net.minecraft.client.main.Main.main(Main.java:246)
	at net.neoforged.fml.startup.Client.main(Client.java:19)
	at java.base/jdk.internal.reflect.DirectMethodHandleAccessor.invoke(DirectMethodHandleAccessor.java:104)
	at java.base/java.lang.reflect.Method.invoke(Method.java:565)
	at io.github.zekerzhayard.forgewrapper.installer.Main.main(Main.java:67)
	at java.base/jdk.internal.reflect.DirectMethodHandleAccessor.invoke(DirectMethodHandleAccessor.java:104)
	at java.base/java.lang.reflect.Method.invoke(Method.java:565)
	at org.jackhuang.hmcl.HMCLMultiMCBootstrap.launch(HMCLMultiMCBootstrap.java:80)
	at org.jackhuang.hmcl.HMCLMultiMCBootstrap.launchV1(HMCLMultiMCBootstrap.java:54)
	at org.jackhuang.hmcl.HMCLMultiMCBootstrap.main(HMCLMultiMCBootstrap.java:46)
[19:27:33] [Render thread/ERROR]: An interpreter is already registered for this: mekanism:ultimate_infusing_factory
java.lang.IllegalArgumentException
	at TRANSFORMER/jei@29.6.2.31/mezz.jei.library.load.registration.SubtypeRegistration.registerSubtypeInterpreter(SubtypeRegistration.java:33)
	at TRANSFORMER/jei@29.6.2.31/mezz.jei.api.registration.ISubtypeRegistration.registerSubtypeInterpreter(ISubtypeRegistration.java:45)
	at TRANSFORMER/mekanism@10.8.0/mekanism.client.recipe_viewer.jei.MekanismJEI.registerItemSubtypes(MekanismJEI.java:143)
	at TRANSFORMER/mekanism@10.8.0/mekanism.client.recipe_viewer.jei.MekanismJEI.registerItemSubtypes(MekanismJEI.java:152)
	at TRANSFORMER/jei@29.6.2.31/mezz.jei.library.load.PluginLoader.lambda$registerSubtypes$0(PluginLoader.java:72)
	at TRANSFORMER/jei@29.6.2.31/mezz.jei.library.load.PluginCaller.callOnPlugins(PluginCaller.java:26)
	at TRANSFORMER/jei@29.6.2.31/mezz.jei.library.load.PluginLoader.registerSubtypes(PluginLoader.java:72)
	at TRANSFORMER/jei@29.6.2.31/mezz.jei.library.startup.JeiStarter.start(JeiStarter.java:119)
	at TRANSFORMER/jei@29.6.2.31/mezz.jei.neoforge.startup.StartEventObserver.transitionState(StartEventObserver.java:176)
	at TRANSFORMER/jei@29.6.2.31/mezz.jei.neoforge.startup.StartEventObserver.onEvent(StartEventObserver.java:121)
	at net.neoforged.bus.ConsumerEventHandler.invoke(ConsumerEventHandler.java:27)
	at net.neoforged.bus.EventBus.post(EventBus.java:360)
	at net.neoforged.bus.EventBus.post(EventBus.java:328)
	at TRANSFORMER/neoforge@26.1.2.75/net.neoforged.neoforge.client.network.ClientPayloadHandler.handle(ClientPayloadHandler.java:187)
	at TRANSFORMER/neoforge@26.1.2.75/net.neoforged.neoforge.network.handling.MainThreadPayloadHandler.lambda$handle$0(MainThreadPayloadHandler.java:16)
	at java.base/java.util.concurrent.CompletableFuture$AsyncRun.run(CompletableFuture.java:1825)
	at TRANSFORMER/neoforge@26.1.2.75/net.neoforged.neoforge.network.handling.QueuedPacket$CustomPayload.handle(QueuedPacket.java:17)
	at TRANSFORMER/minecraft@26.1.2/net.minecraft.network.PacketProcessor.processQueuedPackets(PacketProcessor.java:50)
	at TRANSFORMER/minecraft@26.1.2/net.minecraft.client.Minecraft.runTick(Minecraft.java:1291)
	at TRANSFORMER/minecraft@26.1.2/net.minecraft.client.Minecraft.run(Minecraft.java:937)
	at TRANSFORMER/minecraft@26.1.2/net.minecraft.client.main.Main.main(Main.java:246)
	at net.neoforged.fml.startup.Client.main(Client.java:19)
	at java.base/jdk.internal.reflect.DirectMethodHandleAccessor.invoke(DirectMethodHandleAccessor.java:104)
	at java.base/java.lang.reflect.Method.invoke(Method.java:565)
	at io.github.zekerzhayard.forgewrapper.installer.Main.main(Main.java:67)
	at java.base/jdk.internal.reflect.DirectMethodHandleAccessor.invoke(DirectMethodHandleAccessor.java:104)
	at java.base/java.lang.reflect.Method.invoke(Method.java:565)
	at org.jackhuang.hmcl.HMCLMultiMCBootstrap.launch(HMCLMultiMCBootstrap.java:80)
	at org.jackhuang.hmcl.HMCLMultiMCBootstrap.launchV1(HMCLMultiMCBootstrap.java:54)
	at org.jackhuang.hmcl.HMCLMultiMCBootstrap.main(HMCLMultiMCBootstrap.java:46)
[19:27:33] [Render thread/ERROR]: An interpreter is already registered for this: mekanism:ultimate_sawing_factory
java.lang.IllegalArgumentException
	at TRANSFORMER/jei@29.6.2.31/mezz.jei.library.load.registration.SubtypeRegistration.registerSubtypeInterpreter(SubtypeRegistration.java:33)
	at TRANSFORMER/jei@29.6.2.31/mezz.jei.api.registration.ISubtypeRegistration.registerSubtypeInterpreter(ISubtypeRegistration.java:45)
	at TRANSFORMER/mekanism@10.8.0/mekanism.client.recipe_viewer.jei.MekanismJEI.registerItemSubtypes(MekanismJEI.java:143)
	at TRANSFORMER/mekanism@10.8.0/mekanism.client.recipe_viewer.jei.MekanismJEI.registerItemSubtypes(MekanismJEI.java:152)
	at TRANSFORMER/jei@29.6.2.31/mezz.jei.library.load.PluginLoader.lambda$registerSubtypes$0(PluginLoader.java:72)
	at TRANSFORMER/jei@29.6.2.31/mezz.jei.library.load.PluginCaller.callOnPlugins(PluginCaller.java:26)
	at TRANSFORMER/jei@29.6.2.31/mezz.jei.library.load.PluginLoader.registerSubtypes(PluginLoader.java:72)
	at TRANSFORMER/jei@29.6.2.31/mezz.jei.library.startup.JeiStarter.start(JeiStarter.java:119)
	at TRANSFORMER/jei@29.6.2.31/mezz.jei.neoforge.startup.StartEventObserver.transitionState(StartEventObserver.java:176)
	at TRANSFORMER/jei@29.6.2.31/mezz.jei.neoforge.startup.StartEventObserver.onEvent(StartEventObserver.java:121)
	at net.neoforged.bus.ConsumerEventHandler.invoke(ConsumerEventHandler.java:27)
	at net.neoforged.bus.EventBus.post(EventBus.java:360)
	at net.neoforged.bus.EventBus.post(EventBus.java:328)
	at TRANSFORMER/neoforge@26.1.2.75/net.neoforged.neoforge.client.network.ClientPayloadHandler.handle(ClientPayloadHandler.java:187)
	at TRANSFORMER/neoforge@26.1.2.75/net.neoforged.neoforge.network.handling.MainThreadPayloadHandler.lambda$handle$0(MainThreadPayloadHandler.java:16)
	at java.base/java.util.concurrent.CompletableFuture$AsyncRun.run(CompletableFuture.java:1825)
	at TRANSFORMER/neoforge@26.1.2.75/net.neoforged.neoforge.network.handling.QueuedPacket$CustomPayload.handle(QueuedPacket.java:17)
	at TRANSFORMER/minecraft@26.1.2/net.minecraft.network.PacketProcessor.processQueuedPackets(PacketProcessor.java:50)
	at TRANSFORMER/minecraft@26.1.2/net.minecraft.client.Minecraft.runTick(Minecraft.java:1291)
	at TRANSFORMER/minecraft@26.1.2/net.minecraft.client.Minecraft.run(Minecraft.java:937)
	at TRANSFORMER/minecraft@26.1.2/net.minecraft.client.main.Main.main(Main.java:246)
	at net.neoforged.fml.startup.Client.main(Client.java:19)
	at java.base/jdk.internal.reflect.DirectMethodHandleAccessor.invoke(DirectMethodHandleAccessor.java:104)
	at java.base/java.lang.reflect.Method.invoke(Method.java:565)
	at io.github.zekerzhayard.forgewrapper.installer.Main.main(Main.java:67)
	at java.base/jdk.internal.reflect.DirectMethodHandleAccessor.invoke(DirectMethodHandleAccessor.java:104)
	at java.base/java.lang.reflect.Method.invoke(Method.java:565)
	at org.jackhuang.hmcl.HMCLMultiMCBootstrap.launch(HMCLMultiMCBootstrap.java:80)
	at org.jackhuang.hmcl.HMCLMultiMCBootstrap.launchV1(HMCLMultiMCBootstrap.java:54)
	at org.jackhuang.hmcl.HMCLMultiMCBootstrap.main(HMCLMultiMCBootstrap.java:46)
[19:27:33] [Render thread/ERROR]: An interpreter is already registered for this: mekanism:enrichment_chamber
java.lang.IllegalArgumentException
	at TRANSFORMER/jei@29.6.2.31/mezz.jei.library.load.registration.SubtypeRegistration.registerSubtypeInterpreter(SubtypeRegistration.java:33)
	at TRANSFORMER/jei@29.6.2.31/mezz.jei.api.registration.ISubtypeRegistration.registerSubtypeInterpreter(ISubtypeRegistration.java:45)
	at TRANSFORMER/mekanism@10.8.0/mekanism.client.recipe_viewer.jei.MekanismJEI.registerItemSubtypes(MekanismJEI.java:143)
	at TRANSFORMER/mekanism@10.8.0/mekanism.client.recipe_viewer.jei.MekanismJEI.registerItemSubtypes(MekanismJEI.java:152)
	at TRANSFORMER/jei@29.6.2.31/mezz.jei.library.load.PluginLoader.lambda$registerSubtypes$0(PluginLoader.java:72)
	at TRANSFORMER/jei@29.6.2.31/mezz.jei.library.load.PluginCaller.callOnPlugins(PluginCaller.java:26)
	at TRANSFORMER/jei@29.6.2.31/mezz.jei.library.load.PluginLoader.registerSubtypes(PluginLoader.java:72)
	at TRANSFORMER/jei@29.6.2.31/mezz.jei.library.startup.JeiStarter.start(JeiStarter.java:119)
	at TRANSFORMER/jei@29.6.2.31/mezz.jei.neoforge.startup.StartEventObserver.transitionState(StartEventObserver.java:176)
	at TRANSFORMER/jei@29.6.2.31/mezz.jei.neoforge.startup.StartEventObserver.onEvent(StartEventObserver.java:121)
	at net.neoforged.bus.ConsumerEventHandler.invoke(ConsumerEventHandler.java:27)
	at net.neoforged.bus.EventBus.post(EventBus.java:360)
	at net.neoforged.bus.EventBus.post(EventBus.java:328)
	at TRANSFORMER/neoforge@26.1.2.75/net.neoforged.neoforge.client.network.ClientPayloadHandler.handle(ClientPayloadHandler.java:187)
	at TRANSFORMER/neoforge@26.1.2.75/net.neoforged.neoforge.network.handling.MainThreadPayloadHandler.lambda$handle$0(MainThreadPayloadHandler.java:16)
	at java.base/java.util.concurrent.CompletableFuture$AsyncRun.run(CompletableFuture.java:1825)
	at TRANSFORMER/neoforge@26.1.2.75/net.neoforged.neoforge.network.handling.QueuedPacket$CustomPayload.handle(QueuedPacket.java:17)
	at TRANSFORMER/minecraft@26.1.2/net.minecraft.network.PacketProcessor.processQueuedPackets(PacketProcessor.java:50)
	at TRANSFORMER/minecraft@26.1.2/net.minecraft.client.Minecraft.runTick(Minecraft.java:1291)
	at TRANSFORMER/minecraft@26.1.2/net.minecraft.client.Minecraft.run(Minecraft.java:937)
	at TRANSFORMER/minecraft@26.1.2/net.minecraft.client.main.Main.main(Main.java:246)
	at net.neoforged.fml.startup.Client.main(Client.java:19)
	at java.base/jdk.internal.reflect.DirectMethodHandleAccessor.invoke(DirectMethodHandleAccessor.java:104)
	at java.base/java.lang.reflect.Method.invoke(Method.java:565)
	at io.github.zekerzhayard.forgewrapper.installer.Main.main(Main.java:67)
	at java.base/jdk.internal.reflect.DirectMethodHandleAccessor.invoke(DirectMethodHandleAccessor.java:104)
	at java.base/java.lang.reflect.Method.invoke(Method.java:565)
	at org.jackhuang.hmcl.HMCLMultiMCBootstrap.launch(HMCLMultiMCBootstrap.java:80)
	at org.jackhuang.hmcl.HMCLMultiMCBootstrap.launchV1(HMCLMultiMCBootstrap.java:54)
	at org.jackhuang.hmcl.HMCLMultiMCBootstrap.main(HMCLMultiMCBootstrap.java:46)
[19:27:33] [Render thread/ERROR]: An interpreter is already registered for this: mekanism:osmium_compressor
java.lang.IllegalArgumentException
	at TRANSFORMER/jei@29.6.2.31/mezz.jei.library.load.registration.SubtypeRegistration.registerSubtypeInterpreter(SubtypeRegistration.java:33)
	at TRANSFORMER/jei@29.6.2.31/mezz.jei.api.registration.ISubtypeRegistration.registerSubtypeInterpreter(ISubtypeRegistration.java:45)
	at TRANSFORMER/mekanism@10.8.0/mekanism.client.recipe_viewer.jei.MekanismJEI.registerItemSubtypes(MekanismJEI.java:143)
	at TRANSFORMER/mekanism@10.8.0/mekanism.client.recipe_viewer.jei.MekanismJEI.registerItemSubtypes(MekanismJEI.java:152)
	at TRANSFORMER/jei@29.6.2.31/mezz.jei.library.load.PluginLoader.lambda$registerSubtypes$0(PluginLoader.java:72)
	at TRANSFORMER/jei@29.6.2.31/mezz.jei.library.load.PluginCaller.callOnPlugins(PluginCaller.java:26)
	at TRANSFORMER/jei@29.6.2.31/mezz.jei.library.load.PluginLoader.registerSubtypes(PluginLoader.java:72)
	at TRANSFORMER/jei@29.6.2.31/mezz.jei.library.startup.JeiStarter.start(JeiStarter.java:119)
	at TRANSFORMER/jei@29.6.2.31/mezz.jei.neoforge.startup.StartEventObserver.transitionState(StartEventObserver.java:176)
	at TRANSFORMER/jei@29.6.2.31/mezz.jei.neoforge.startup.StartEventObserver.onEvent(StartEventObserver.java:121)
	at net.neoforged.bus.ConsumerEventHandler.invoke(ConsumerEventHandler.java:27)
	at net.neoforged.bus.EventBus.post(EventBus.java:360)
	at net.neoforged.bus.EventBus.post(EventBus.java:328)
	at TRANSFORMER/neoforge@26.1.2.75/net.neoforged.neoforge.client.network.ClientPayloadHandler.handle(ClientPayloadHandler.java:187)
	at TRANSFORMER/neoforge@26.1.2.75/net.neoforged.neoforge.network.handling.MainThreadPayloadHandler.lambda$handle$0(MainThreadPayloadHandler.java:16)
	at java.base/java.util.concurrent.CompletableFuture$AsyncRun.run(CompletableFuture.java:1825)
	at TRANSFORMER/neoforge@26.1.2.75/net.neoforged.neoforge.network.handling.QueuedPacket$CustomPayload.handle(QueuedPacket.java:17)
	at TRANSFORMER/minecraft@26.1.2/net.minecraft.network.PacketProcessor.processQueuedPackets(PacketProcessor.java:50)
	at TRANSFORMER/minecraft@26.1.2/net.minecraft.client.Minecraft.runTick(Minecraft.java:1291)
	at TRANSFORMER/minecraft@26.1.2/net.minecraft.client.Minecraft.run(Minecraft.java:937)
	at TRANSFORMER/minecraft@26.1.2/net.minecraft.client.main.Main.main(Main.java:246)
	at net.neoforged.fml.startup.Client.main(Client.java:19)
	at java.base/jdk.internal.reflect.DirectMethodHandleAccessor.invoke(DirectMethodHandleAccessor.java:104)
	at java.base/java.lang.reflect.Method.invoke(Method.java:565)
	at io.github.zekerzhayard.forgewrapper.installer.Main.main(Main.java:67)
	at java.base/jdk.internal.reflect.DirectMethodHandleAccessor.invoke(DirectMethodHandleAccessor.java:104)
	at java.base/java.lang.reflect.Method.invoke(Method.java:565)
	at org.jackhuang.hmcl.HMCLMultiMCBootstrap.launch(HMCLMultiMCBootstrap.java:80)
	at org.jackhuang.hmcl.HMCLMultiMCBootstrap.launchV1(HMCLMultiMCBootstrap.java:54)
	at org.jackhuang.hmcl.HMCLMultiMCBootstrap.main(HMCLMultiMCBootstrap.java:46)
[19:27:33] [Render thread/ERROR]: An interpreter is already registered for this: mekanism:combiner
java.lang.IllegalArgumentException
	at TRANSFORMER/jei@29.6.2.31/mezz.jei.library.load.registration.SubtypeRegistration.registerSubtypeInterpreter(SubtypeRegistration.java:33)
	at TRANSFORMER/jei@29.6.2.31/mezz.jei.api.registration.ISubtypeRegistration.registerSubtypeInterpreter(ISubtypeRegistration.java:45)
	at TRANSFORMER/mekanism@10.8.0/mekanism.client.recipe_viewer.jei.MekanismJEI.registerItemSubtypes(MekanismJEI.java:143)
	at TRANSFORMER/mekanism@10.8.0/mekanism.client.recipe_viewer.jei.MekanismJEI.registerItemSubtypes(MekanismJEI.java:152)
	at TRANSFORMER/jei@29.6.2.31/mezz.jei.library.load.PluginLoader.lambda$registerSubtypes$0(PluginLoader.java:72)
	at TRANSFORMER/jei@29.6.2.31/mezz.jei.library.load.PluginCaller.callOnPlugins(PluginCaller.java:26)
	at TRANSFORMER/jei@29.6.2.31/mezz.jei.library.load.PluginLoader.registerSubtypes(PluginLoader.java:72)
	at TRANSFORMER/jei@29.6.2.31/mezz.jei.library.startup.JeiStarter.start(JeiStarter.java:119)
	at TRANSFORMER/jei@29.6.2.31/mezz.jei.neoforge.startup.StartEventObserver.transitionState(StartEventObserver.java:176)
	at TRANSFORMER/jei@29.6.2.31/mezz.jei.neoforge.startup.StartEventObserver.onEvent(StartEventObserver.java:121)
	at net.neoforged.bus.ConsumerEventHandler.invoke(ConsumerEventHandler.java:27)
	at net.neoforged.bus.EventBus.post(EventBus.java:360)
	at net.neoforged.bus.EventBus.post(EventBus.java:328)
	at TRANSFORMER/neoforge@26.1.2.75/net.neoforged.neoforge.client.network.ClientPayloadHandler.handle(ClientPayloadHandler.java:187)
	at TRANSFORMER/neoforge@26.1.2.75/net.neoforged.neoforge.network.handling.MainThreadPayloadHandler.lambda$handle$0(MainThreadPayloadHandler.java:16)
	at java.base/java.util.concurrent.CompletableFuture$AsyncRun.run(CompletableFuture.java:1825)
	at TRANSFORMER/neoforge@26.1.2.75/net.neoforged.neoforge.network.handling.QueuedPacket$CustomPayload.handle(QueuedPacket.java:17)
	at TRANSFORMER/minecraft@26.1.2/net.minecraft.network.PacketProcessor.processQueuedPackets(PacketProcessor.java:50)
	at TRANSFORMER/minecraft@26.1.2/net.minecraft.client.Minecraft.runTick(Minecraft.java:1291)
	at TRANSFORMER/minecraft@26.1.2/net.minecraft.client.Minecraft.run(Minecraft.java:937)
	at TRANSFORMER/minecraft@26.1.2/net.minecraft.client.main.Main.main(Main.java:246)
	at net.neoforged.fml.startup.Client.main(Client.java:19)
	at java.base/jdk.internal.reflect.DirectMethodHandleAccessor.invoke(DirectMethodHandleAccessor.java:104)
	at java.base/java.lang.reflect.Method.invoke(Method.java:565)
	at io.github.zekerzhayard.forgewrapper.installer.Main.main(Main.java:67)
	at java.base/jdk.internal.reflect.DirectMethodHandleAccessor.invoke(DirectMethodHandleAccessor.java:104)
	at java.base/java.lang.reflect.Method.invoke(Method.java:565)
	at org.jackhuang.hmcl.HMCLMultiMCBootstrap.launch(HMCLMultiMCBootstrap.java:80)
	at org.jackhuang.hmcl.HMCLMultiMCBootstrap.launchV1(HMCLMultiMCBootstrap.java:54)
	at org.jackhuang.hmcl.HMCLMultiMCBootstrap.main(HMCLMultiMCBootstrap.java:46)
[19:27:33] [Render thread/ERROR]: An interpreter is already registered for this: mekanism:crusher
java.lang.IllegalArgumentException
	at TRANSFORMER/jei@29.6.2.31/mezz.jei.library.load.registration.SubtypeRegistration.registerSubtypeInterpreter(SubtypeRegistration.java:33)
	at TRANSFORMER/jei@29.6.2.31/mezz.jei.api.registration.ISubtypeRegistration.registerSubtypeInterpreter(ISubtypeRegistration.java:45)
	at TRANSFORMER/mekanism@10.8.0/mekanism.client.recipe_viewer.jei.MekanismJEI.registerItemSubtypes(MekanismJEI.java:143)
	at TRANSFORMER/mekanism@10.8.0/mekanism.client.recipe_viewer.jei.MekanismJEI.registerItemSubtypes(MekanismJEI.java:152)
	at TRANSFORMER/jei@29.6.2.31/mezz.jei.library.load.PluginLoader.lambda$registerSubtypes$0(PluginLoader.java:72)
	at TRANSFORMER/jei@29.6.2.31/mezz.jei.library.load.PluginCaller.callOnPlugins(PluginCaller.java:26)
	at TRANSFORMER/jei@29.6.2.31/mezz.jei.library.load.PluginLoader.registerSubtypes(PluginLoader.java:72)
	at TRANSFORMER/jei@29.6.2.31/mezz.jei.library.startup.JeiStarter.start(JeiStarter.java:119)
	at TRANSFORMER/jei@29.6.2.31/mezz.jei.neoforge.startup.StartEventObserver.transitionState(StartEventObserver.java:176)
	at TRANSFORMER/jei@29.6.2.31/mezz.jei.neoforge.startup.StartEventObserver.onEvent(StartEventObserver.java:121)
	at net.neoforged.bus.ConsumerEventHandler.invoke(ConsumerEventHandler.java:27)
	at net.neoforged.bus.EventBus.post(EventBus.java:360)
	at net.neoforged.bus.EventBus.post(EventBus.java:328)
	at TRANSFORMER/neoforge@26.1.2.75/net.neoforged.neoforge.client.network.ClientPayloadHandler.handle(ClientPayloadHandler.java:187)
	at TRANSFORMER/neoforge@26.1.2.75/net.neoforged.neoforge.network.handling.MainThreadPayloadHandler.lambda$handle$0(MainThreadPayloadHandler.java:16)
	at java.base/java.util.concurrent.CompletableFuture$AsyncRun.run(CompletableFuture.java:1825)
	at TRANSFORMER/neoforge@26.1.2.75/net.neoforged.neoforge.network.handling.QueuedPacket$CustomPayload.handle(QueuedPacket.java:17)
	at TRANSFORMER/minecraft@26.1.2/net.minecraft.network.PacketProcessor.processQueuedPackets(PacketProcessor.java:50)
	at TRANSFORMER/minecraft@26.1.2/net.minecraft.client.Minecraft.runTick(Minecraft.java:1291)
	at TRANSFORMER/minecraft@26.1.2/net.minecraft.client.Minecraft.run(Minecraft.java:937)
	at TRANSFORMER/minecraft@26.1.2/net.minecraft.client.main.Main.main(Main.java:246)
	at net.neoforged.fml.startup.Client.main(Client.java:19)
	at java.base/jdk.internal.reflect.DirectMethodHandleAccessor.invoke(DirectMethodHandleAccessor.java:104)
	at java.base/java.lang.reflect.Method.invoke(Method.java:565)
	at io.github.zekerzhayard.forgewrapper.installer.Main.main(Main.java:67)
	at java.base/jdk.internal.reflect.DirectMethodHandleAccessor.invoke(DirectMethodHandleAccessor.java:104)
	at java.base/java.lang.reflect.Method.invoke(Method.java:565)
	at org.jackhuang.hmcl.HMCLMultiMCBootstrap.launch(HMCLMultiMCBootstrap.java:80)
	at org.jackhuang.hmcl.HMCLMultiMCBootstrap.launchV1(HMCLMultiMCBootstrap.java:54)
	at org.jackhuang.hmcl.HMCLMultiMCBootstrap.main(HMCLMultiMCBootstrap.java:46)
[19:27:33] [Render thread/ERROR]: An interpreter is already registered for this: mekanism:digital_miner
java.lang.IllegalArgumentException
	at TRANSFORMER/jei@29.6.2.31/mezz.jei.library.load.registration.SubtypeRegistration.registerSubtypeInterpreter(SubtypeRegistration.java:33)
	at TRANSFORMER/jei@29.6.2.31/mezz.jei.api.registration.ISubtypeRegistration.registerSubtypeInterpreter(ISubtypeRegistration.java:45)
	at TRANSFORMER/mekanism@10.8.0/mekanism.client.recipe_viewer.jei.MekanismJEI.registerItemSubtypes(MekanismJEI.java:143)
	at TRANSFORMER/mekanism@10.8.0/mekanism.client.recipe_viewer.jei.MekanismJEI.registerItemSubtypes(MekanismJEI.java:152)
	at TRANSFORMER/jei@29.6.2.31/mezz.jei.library.load.PluginLoader.lambda$registerSubtypes$0(PluginLoader.java:72)
	at TRANSFORMER/jei@29.6.2.31/mezz.jei.library.load.PluginCaller.callOnPlugins(PluginCaller.java:26)
	at TRANSFORMER/jei@29.6.2.31/mezz.jei.library.load.PluginLoader.registerSubtypes(PluginLoader.java:72)
	at TRANSFORMER/jei@29.6.2.31/mezz.jei.library.startup.JeiStarter.start(JeiStarter.java:119)
	at TRANSFORMER/jei@29.6.2.31/mezz.jei.neoforge.startup.StartEventObserver.transitionState(StartEventObserver.java:176)
	at TRANSFORMER/jei@29.6.2.31/mezz.jei.neoforge.startup.StartEventObserver.onEvent(StartEventObserver.java:121)
	at net.neoforged.bus.ConsumerEventHandler.invoke(ConsumerEventHandler.java:27)
	at net.neoforged.bus.EventBus.post(EventBus.java:360)
	at net.neoforged.bus.EventBus.post(EventBus.java:328)
	at TRANSFORMER/neoforge@26.1.2.75/net.neoforged.neoforge.client.network.ClientPayloadHandler.handle(ClientPayloadHandler.java:187)
	at TRANSFORMER/neoforge@26.1.2.75/net.neoforged.neoforge.network.handling.MainThreadPayloadHandler.lambda$handle$0(MainThreadPayloadHandler.java:16)
	at java.base/java.util.concurrent.CompletableFuture$AsyncRun.run(CompletableFuture.java:1825)
	at TRANSFORMER/neoforge@26.1.2.75/net.neoforged.neoforge.network.handling.QueuedPacket$CustomPayload.handle(QueuedPacket.java:17)
	at TRANSFORMER/minecraft@26.1.2/net.minecraft.network.PacketProcessor.processQueuedPackets(PacketProcessor.java:50)
	at TRANSFORMER/minecraft@26.1.2/net.minecraft.client.Minecraft.runTick(Minecraft.java:1291)
	at TRANSFORMER/minecraft@26.1.2/net.minecraft.client.Minecraft.run(Minecraft.java:937)
	at TRANSFORMER/minecraft@26.1.2/net.minecraft.client.main.Main.main(Main.java:246)
	at net.neoforged.fml.startup.Client.main(Client.java:19)
	at java.base/jdk.internal.reflect.DirectMethodHandleAccessor.invoke(DirectMethodHandleAccessor.java:104)
	at java.base/java.lang.reflect.Method.invoke(Method.java:565)
	at io.github.zekerzhayard.forgewrapper.installer.Main.main(Main.java:67)
	at java.base/jdk.internal.reflect.DirectMethodHandleAccessor.invoke(DirectMethodHandleAccessor.java:104)
	at java.base/java.lang.reflect.Method.invoke(Method.java:565)
	at org.jackhuang.hmcl.HMCLMultiMCBootstrap.launch(HMCLMultiMCBootstrap.java:80)
	at org.jackhuang.hmcl.HMCLMultiMCBootstrap.launchV1(HMCLMultiMCBootstrap.java:54)
	at org.jackhuang.hmcl.HMCLMultiMCBootstrap.main(HMCLMultiMCBootstrap.java:46)
[19:27:33] [Render thread/ERROR]: An interpreter is already registered for this: mekanism:metallurgic_infuser
java.lang.IllegalArgumentException
	at TRANSFORMER/jei@29.6.2.31/mezz.jei.library.load.registration.SubtypeRegistration.registerSubtypeInterpreter(SubtypeRegistration.java:33)
	at TRANSFORMER/jei@29.6.2.31/mezz.jei.api.registration.ISubtypeRegistration.registerSubtypeInterpreter(ISubtypeRegistration.java:45)
	at TRANSFORMER/mekanism@10.8.0/mekanism.client.recipe_viewer.jei.MekanismJEI.registerItemSubtypes(MekanismJEI.java:143)
	at TRANSFORMER/mekanism@10.8.0/mekanism.client.recipe_viewer.jei.MekanismJEI.registerItemSubtypes(MekanismJEI.java:152)
	at TRANSFORMER/jei@29.6.2.31/mezz.jei.library.load.PluginLoader.lambda$registerSubtypes$0(PluginLoader.java:72)
	at TRANSFORMER/jei@29.6.2.31/mezz.jei.library.load.PluginCaller.callOnPlugins(PluginCaller.java:26)
	at TRANSFORMER/jei@29.6.2.31/mezz.jei.library.load.PluginLoader.registerSubtypes(PluginLoader.java:72)
	at TRANSFORMER/jei@29.6.2.31/mezz.jei.library.startup.JeiStarter.start(JeiStarter.java:119)
	at TRANSFORMER/jei@29.6.2.31/mezz.jei.neoforge.startup.StartEventObserver.transitionState(StartEventObserver.java:176)
	at TRANSFORMER/jei@29.6.2.31/mezz.jei.neoforge.startup.StartEventObserver.onEvent(StartEventObserver.java:121)
	at net.neoforged.bus.ConsumerEventHandler.invoke(ConsumerEventHandler.java:27)
	at net.neoforged.bus.EventBus.post(EventBus.java:360)
	at net.neoforged.bus.EventBus.post(EventBus.java:328)
	at TRANSFORMER/neoforge@26.1.2.75/net.neoforged.neoforge.client.network.ClientPayloadHandler.handle(ClientPayloadHandler.java:187)
	at TRANSFORMER/neoforge@26.1.2.75/net.neoforged.neoforge.network.handling.MainThreadPayloadHandler.lambda$handle$0(MainThreadPayloadHandler.java:16)
	at java.base/java.util.concurrent.CompletableFuture$AsyncRun.run(CompletableFuture.java:1825)
	at TRANSFORMER/neoforge@26.1.2.75/net.neoforged.neoforge.network.handling.QueuedPacket$CustomPayload.handle(QueuedPacket.java:17)
	at TRANSFORMER/minecraft@26.1.2/net.minecraft.network.PacketProcessor.processQueuedPackets(PacketProcessor.java:50)
	at TRANSFORMER/minecraft@26.1.2/net.minecraft.client.Minecraft.runTick(Minecraft.java:1291)
	at TRANSFORMER/minecraft@26.1.2/net.minecraft.client.Minecraft.run(Minecraft.java:937)
	at TRANSFORMER/minecraft@26.1.2/net.minecraft.client.main.Main.main(Main.java:246)
	at net.neoforged.fml.startup.Client.main(Client.java:19)
	at java.base/jdk.internal.reflect.DirectMethodHandleAccessor.invoke(DirectMethodHandleAccessor.java:104)
	at java.base/java.lang.reflect.Method.invoke(Method.java:565)
	at io.github.zekerzhayard.forgewrapper.installer.Main.main(Main.java:67)
	at java.base/jdk.internal.reflect.DirectMethodHandleAccessor.invoke(DirectMethodHandleAccessor.java:104)
	at java.base/java.lang.reflect.Method.invoke(Method.java:565)
	at org.jackhuang.hmcl.HMCLMultiMCBootstrap.launch(HMCLMultiMCBootstrap.java:80)
	at org.jackhuang.hmcl.HMCLMultiMCBootstrap.launchV1(HMCLMultiMCBootstrap.java:54)
	at org.jackhuang.hmcl.HMCLMultiMCBootstrap.main(HMCLMultiMCBootstrap.java:46)
[19:27:33] [Render thread/ERROR]: An interpreter is already registered for this: mekanism:purification_chamber
java.lang.IllegalArgumentException
	at TRANSFORMER/jei@29.6.2.31/mezz.jei.library.load.registration.SubtypeRegistration.registerSubtypeInterpreter(SubtypeRegistration.java:33)
	at TRANSFORMER/jei@29.6.2.31/mezz.jei.api.registration.ISubtypeRegistration.registerSubtypeInterpreter(ISubtypeRegistration.java:45)
	at TRANSFORMER/mekanism@10.8.0/mekanism.client.recipe_viewer.jei.MekanismJEI.registerItemSubtypes(MekanismJEI.java:143)
	at TRANSFORMER/mekanism@10.8.0/mekanism.client.recipe_viewer.jei.MekanismJEI.registerItemSubtypes(MekanismJEI.java:152)
	at TRANSFORMER/jei@29.6.2.31/mezz.jei.library.load.PluginLoader.lambda$registerSubtypes$0(PluginLoader.java:72)
	at TRANSFORMER/jei@29.6.2.31/mezz.jei.library.load.PluginCaller.callOnPlugins(PluginCaller.java:26)
	at TRANSFORMER/jei@29.6.2.31/mezz.jei.library.load.PluginLoader.registerSubtypes(PluginLoader.java:72)
	at TRANSFORMER/jei@29.6.2.31/mezz.jei.library.startup.JeiStarter.start(JeiStarter.java:119)
	at TRANSFORMER/jei@29.6.2.31/mezz.jei.neoforge.startup.StartEventObserver.transitionState(StartEventObserver.java:176)
	at TRANSFORMER/jei@29.6.2.31/mezz.jei.neoforge.startup.StartEventObserver.onEvent(StartEventObserver.java:121)
	at net.neoforged.bus.ConsumerEventHandler.invoke(ConsumerEventHandler.java:27)
	at net.neoforged.bus.EventBus.post(EventBus.java:360)
	at net.neoforged.bus.EventBus.post(EventBus.java:328)
	at TRANSFORMER/neoforge@26.1.2.75/net.neoforged.neoforge.client.network.ClientPayloadHandler.handle(ClientPayloadHandler.java:187)
	at TRANSFORMER/neoforge@26.1.2.75/net.neoforged.neoforge.network.handling.MainThreadPayloadHandler.lambda$handle$0(MainThreadPayloadHandler.java:16)
	at java.base/java.util.concurrent.CompletableFuture$AsyncRun.run(CompletableFuture.java:1825)
	at TRANSFORMER/neoforge@26.1.2.75/net.neoforged.neoforge.network.handling.QueuedPacket$CustomPayload.handle(QueuedPacket.java:17)
	at TRANSFORMER/minecraft@26.1.2/net.minecraft.network.PacketProcessor.processQueuedPackets(PacketProcessor.java:50)
	at TRANSFORMER/minecraft@26.1.2/net.minecraft.client.Minecraft.runTick(Minecraft.java:1291)
	at TRANSFORMER/minecraft@26.1.2/net.minecraft.client.Minecraft.run(Minecraft.java:937)
	at TRANSFORMER/minecraft@26.1.2/net.minecraft.client.main.Main.main(Main.java:246)
	at net.neoforged.fml.startup.Client.main(Client.java:19)
	at java.base/jdk.internal.reflect.DirectMethodHandleAccessor.invoke(DirectMethodHandleAccessor.java:104)
	at java.base/java.lang.reflect.Method.invoke(Method.java:565)
	at io.github.zekerzhayard.forgewrapper.installer.Main.main(Main.java:67)
	at java.base/jdk.internal.reflect.DirectMethodHandleAccessor.invoke(DirectMethodHandleAccessor.java:104)
	at java.base/java.lang.reflect.Method.invoke(Method.java:565)
	at org.jackhuang.hmcl.HMCLMultiMCBootstrap.launch(HMCLMultiMCBootstrap.java:80)
	at org.jackhuang.hmcl.HMCLMultiMCBootstrap.launchV1(HMCLMultiMCBootstrap.java:54)
	at org.jackhuang.hmcl.HMCLMultiMCBootstrap.main(HMCLMultiMCBootstrap.java:46)
[19:27:33] [Render thread/ERROR]: An interpreter is already registered for this: mekanism:energized_smelter
java.lang.IllegalArgumentException
	at TRANSFORMER/jei@29.6.2.31/mezz.jei.library.load.registration.SubtypeRegistration.registerSubtypeInterpreter(SubtypeRegistration.java:33)
	at TRANSFORMER/jei@29.6.2.31/mezz.jei.api.registration.ISubtypeRegistration.registerSubtypeInterpreter(ISubtypeRegistration.java:45)
	at TRANSFORMER/mekanism@10.8.0/mekanism.client.recipe_viewer.jei.MekanismJEI.registerItemSubtypes(MekanismJEI.java:143)
	at TRANSFORMER/mekanism@10.8.0/mekanism.client.recipe_viewer.jei.MekanismJEI.registerItemSubtypes(MekanismJEI.java:152)
	at TRANSFORMER/jei@29.6.2.31/mezz.jei.library.load.PluginLoader.lambda$registerSubtypes$0(PluginLoader.java:72)
	at TRANSFORMER/jei@29.6.2.31/mezz.jei.library.load.PluginCaller.callOnPlugins(PluginCaller.java:26)
	at TRANSFORMER/jei@29.6.2.31/mezz.jei.library.load.PluginLoader.registerSubtypes(PluginLoader.java:72)
	at TRANSFORMER/jei@29.6.2.31/mezz.jei.library.startup.JeiStarter.start(JeiStarter.java:119)
	at TRANSFORMER/jei@29.6.2.31/mezz.jei.neoforge.startup.StartEventObserver.transitionState(StartEventObserver.java:176)
	at TRANSFORMER/jei@29.6.2.31/mezz.jei.neoforge.startup.StartEventObserver.onEvent(StartEventObserver.java:121)
	at net.neoforged.bus.ConsumerEventHandler.invoke(ConsumerEventHandler.java:27)
	at net.neoforged.bus.EventBus.post(EventBus.java:360)
	at net.neoforged.bus.EventBus.post(EventBus.java:328)
	at TRANSFORMER/neoforge@26.1.2.75/net.neoforged.neoforge.client.network.ClientPayloadHandler.handle(ClientPayloadHandler.java:187)
	at TRANSFORMER/neoforge@26.1.2.75/net.neoforged.neoforge.network.handling.MainThreadPayloadHandler.lambda$handle$0(MainThreadPayloadHandler.java:16)
	at java.base/java.util.concurrent.CompletableFuture$AsyncRun.run(CompletableFuture.java:1825)
	at TRANSFORMER/neoforge@26.1.2.75/net.neoforged.neoforge.network.handling.QueuedPacket$CustomPayload.handle(QueuedPacket.java:17)
	at TRANSFORMER/minecraft@26.1.2/net.minecraft.network.PacketProcessor.processQueuedPackets(PacketProcessor.java:50)
	at TRANSFORMER/minecraft@26.1.2/net.minecraft.client.Minecraft.runTick(Minecraft.java:1291)
	at TRANSFORMER/minecraft@26.1.2/net.minecraft.client.Minecraft.run(Minecraft.java:937)
	at TRANSFORMER/minecraft@26.1.2/net.minecraft.client.main.Main.main(Main.java:246)
	at net.neoforged.fml.startup.Client.main(Client.java:19)
	at java.base/jdk.internal.reflect.DirectMethodHandleAccessor.invoke(DirectMethodHandleAccessor.java:104)
	at java.base/java.lang.reflect.Method.invoke(Method.java:565)
	at io.github.zekerzhayard.forgewrapper.installer.Main.main(Main.java:67)
	at java.base/jdk.internal.reflect.DirectMethodHandleAccessor.invoke(DirectMethodHandleAccessor.java:104)
	at java.base/java.lang.reflect.Method.invoke(Method.java:565)
	at org.jackhuang.hmcl.HMCLMultiMCBootstrap.launch(HMCLMultiMCBootstrap.java:80)
	at org.jackhuang.hmcl.HMCLMultiMCBootstrap.launchV1(HMCLMultiMCBootstrap.java:54)
	at org.jackhuang.hmcl.HMCLMultiMCBootstrap.main(HMCLMultiMCBootstrap.java:46)
[19:27:33] [Render thread/ERROR]: An interpreter is already registered for this: mekanism:teleporter
java.lang.IllegalArgumentException
	at TRANSFORMER/jei@29.6.2.31/mezz.jei.library.load.registration.SubtypeRegistration.registerSubtypeInterpreter(SubtypeRegistration.java:33)
	at TRANSFORMER/jei@29.6.2.31/mezz.jei.api.registration.ISubtypeRegistration.registerSubtypeInterpreter(ISubtypeRegistration.java:45)
	at TRANSFORMER/mekanism@10.8.0/mekanism.client.recipe_viewer.jei.MekanismJEI.registerItemSubtypes(MekanismJEI.java:143)
	at TRANSFORMER/mekanism@10.8.0/mekanism.client.recipe_viewer.jei.MekanismJEI.registerItemSubtypes(MekanismJEI.java:152)
	at TRANSFORMER/jei@29.6.2.31/mezz.jei.library.load.PluginLoader.lambda$registerSubtypes$0(PluginLoader.java:72)
	at TRANSFORMER/jei@29.6.2.31/mezz.jei.library.load.PluginCaller.callOnPlugins(PluginCaller.java:26)
	at TRANSFORMER/jei@29.6.2.31/mezz.jei.library.load.PluginLoader.registerSubtypes(PluginLoader.java:72)
	at TRANSFORMER/jei@29.6.2.31/mezz.jei.library.startup.JeiStarter.start(JeiStarter.java:119)
	at TRANSFORMER/jei@29.6.2.31/mezz.jei.neoforge.startup.StartEventObserver.transitionState(StartEventObserver.java:176)
	at TRANSFORMER/jei@29.6.2.31/mezz.jei.neoforge.startup.StartEventObserver.onEvent(StartEventObserver.java:121)
	at net.neoforged.bus.ConsumerEventHandler.invoke(ConsumerEventHandler.java:27)
	at net.neoforged.bus.EventBus.post(EventBus.java:360)
	at net.neoforged.bus.EventBus.post(EventBus.java:328)
	at TRANSFORMER/neoforge@26.1.2.75/net.neoforged.neoforge.client.network.ClientPayloadHandler.handle(ClientPayloadHandler.java:187)
	at TRANSFORMER/neoforge@26.1.2.75/net.neoforged.neoforge.network.handling.MainThreadPayloadHandler.lambda$handle$0(MainThreadPayloadHandler.java:16)
	at java.base/java.util.concurrent.CompletableFuture$AsyncRun.run(CompletableFuture.java:1825)
	at TRANSFORMER/neoforge@26.1.2.75/net.neoforged.neoforge.network.handling.QueuedPacket$CustomPayload.handle(QueuedPacket.java:17)
	at TRANSFORMER/minecraft@26.1.2/net.minecraft.network.PacketProcessor.processQueuedPackets(PacketProcessor.java:50)
	at TRANSFORMER/minecraft@26.1.2/net.minecraft.client.Minecraft.runTick(Minecraft.java:1291)
	at TRANSFORMER/minecraft@26.1.2/net.minecraft.client.Minecraft.run(Minecraft.java:937)
	at TRANSFORMER/minecraft@26.1.2/net.minecraft.client.main.Main.main(Main.java:246)
	at net.neoforged.fml.startup.Client.main(Client.java:19)
	at java.base/jdk.internal.reflect.DirectMethodHandleAccessor.invoke(DirectMethodHandleAccessor.java:104)
	at java.base/java.lang.reflect.Method.invoke(Method.java:565)
	at io.github.zekerzhayard.forgewrapper.installer.Main.main(Main.java:67)
	at java.base/jdk.internal.reflect.DirectMethodHandleAccessor.invoke(DirectMethodHandleAccessor.java:104)
	at java.base/java.lang.reflect.Method.invoke(Method.java:565)
	at org.jackhuang.hmcl.HMCLMultiMCBootstrap.launch(HMCLMultiMCBootstrap.java:80)
	at org.jackhuang.hmcl.HMCLMultiMCBootstrap.launchV1(HMCLMultiMCBootstrap.java:54)
	at org.jackhuang.hmcl.HMCLMultiMCBootstrap.main(HMCLMultiMCBootstrap.java:46)
[19:27:33] [Render thread/ERROR]: An interpreter is already registered for this: mekanism:electric_pump
java.lang.IllegalArgumentException
	at TRANSFORMER/jei@29.6.2.31/mezz.jei.library.load.registration.SubtypeRegistration.registerSubtypeInterpreter(SubtypeRegistration.java:33)
	at TRANSFORMER/jei@29.6.2.31/mezz.jei.api.registration.ISubtypeRegistration.registerSubtypeInterpreter(ISubtypeRegistration.java:45)
	at TRANSFORMER/mekanism@10.8.0/mekanism.client.recipe_viewer.jei.MekanismJEI.registerItemSubtypes(MekanismJEI.java:143)
	at TRANSFORMER/mekanism@10.8.0/mekanism.client.recipe_viewer.jei.MekanismJEI.registerItemSubtypes(MekanismJEI.java:152)
	at TRANSFORMER/jei@29.6.2.31/mezz.jei.library.load.PluginLoader.lambda$registerSubtypes$0(PluginLoader.java:72)
	at TRANSFORMER/jei@29.6.2.31/mezz.jei.library.load.PluginCaller.callOnPlugins(PluginCaller.java:26)
	at TRANSFORMER/jei@29.6.2.31/mezz.jei.library.load.PluginLoader.registerSubtypes(PluginLoader.java:72)
	at TRANSFORMER/jei@29.6.2.31/mezz.jei.library.startup.JeiStarter.start(JeiStarter.java:119)
	at TRANSFORMER/jei@29.6.2.31/mezz.jei.neoforge.startup.StartEventObserver.transitionState(StartEventObserver.java:176)
	at TRANSFORMER/jei@29.6.2.31/mezz.jei.neoforge.startup.StartEventObserver.onEvent(StartEventObserver.java:121)
	at net.neoforged.bus.ConsumerEventHandler.invoke(ConsumerEventHandler.java:27)
	at net.neoforged.bus.EventBus.post(EventBus.java:360)
	at net.neoforged.bus.EventBus.post(EventBus.java:328)
	at TRANSFORMER/neoforge@26.1.2.75/net.neoforged.neoforge.client.network.ClientPayloadHandler.handle(ClientPayloadHandler.java:187)
	at TRANSFORMER/neoforge@26.1.2.75/net.neoforged.neoforge.network.handling.MainThreadPayloadHandler.lambda$handle$0(MainThreadPayloadHandler.java:16)
	at java.base/java.util.concurrent.CompletableFuture$AsyncRun.run(CompletableFuture.java:1825)
	at TRANSFORMER/neoforge@26.1.2.75/net.neoforged.neoforge.network.handling.QueuedPacket$CustomPayload.handle(QueuedPacket.java:17)
	at TRANSFORMER/minecraft@26.1.2/net.minecraft.network.PacketProcessor.processQueuedPackets(PacketProcessor.java:50)
	at TRANSFORMER/minecraft@26.1.2/net.minecraft.client.Minecraft.runTick(Minecraft.java:1291)
	at TRANSFORMER/minecraft@26.1.2/net.minecraft.client.Minecraft.run(Minecraft.java:937)
	at TRANSFORMER/minecraft@26.1.2/net.minecraft.client.main.Main.main(Main.java:246)
	at net.neoforged.fml.startup.Client.main(Client.java:19)
	at java.base/jdk.internal.reflect.DirectMethodHandleAccessor.invoke(DirectMethodHandleAccessor.java:104)
	at java.base/java.lang.reflect.Method.invoke(Method.java:565)
	at io.github.zekerzhayard.forgewrapper.installer.Main.main(Main.java:67)
	at java.base/jdk.internal.reflect.DirectMethodHandleAccessor.invoke(DirectMethodHandleAccessor.java:104)
	at java.base/java.lang.reflect.Method.invoke(Method.java:565)
	at org.jackhuang.hmcl.HMCLMultiMCBootstrap.launch(HMCLMultiMCBootstrap.java:80)
	at org.jackhuang.hmcl.HMCLMultiMCBootstrap.launchV1(HMCLMultiMCBootstrap.java:54)
	at org.jackhuang.hmcl.HMCLMultiMCBootstrap.main(HMCLMultiMCBootstrap.java:46)
[19:27:33] [Render thread/ERROR]: An interpreter is already registered for this: mekanism:chargepad
java.lang.IllegalArgumentException
	at TRANSFORMER/jei@29.6.2.31/mezz.jei.library.load.registration.SubtypeRegistration.registerSubtypeInterpreter(SubtypeRegistration.java:33)
	at TRANSFORMER/jei@29.6.2.31/mezz.jei.api.registration.ISubtypeRegistration.registerSubtypeInterpreter(ISubtypeRegistration.java:45)
	at TRANSFORMER/mekanism@10.8.0/mekanism.client.recipe_viewer.jei.MekanismJEI.registerItemSubtypes(MekanismJEI.java:143)
	at TRANSFORMER/mekanism@10.8.0/mekanism.client.recipe_viewer.jei.MekanismJEI.registerItemSubtypes(MekanismJEI.java:152)
	at TRANSFORMER/jei@29.6.2.31/mezz.jei.library.load.PluginLoader.lambda$registerSubtypes$0(PluginLoader.java:72)
	at TRANSFORMER/jei@29.6.2.31/mezz.jei.library.load.PluginCaller.callOnPlugins(PluginCaller.java:26)
	at TRANSFORMER/jei@29.6.2.31/mezz.jei.library.load.PluginLoader.registerSubtypes(PluginLoader.java:72)
	at TRANSFORMER/jei@29.6.2.31/mezz.jei.library.startup.JeiStarter.start(JeiStarter.java:119)
	at TRANSFORMER/jei@29.6.2.31/mezz.jei.neoforge.startup.StartEventObserver.transitionState(StartEventObserver.java:176)
	at TRANSFORMER/jei@29.6.2.31/mezz.jei.neoforge.startup.StartEventObserver.onEvent(StartEventObserver.java:121)
	at net.neoforged.bus.ConsumerEventHandler.invoke(ConsumerEventHandler.java:27)
	at net.neoforged.bus.EventBus.post(EventBus.java:360)
	at net.neoforged.bus.EventBus.post(EventBus.java:328)
	at TRANSFORMER/neoforge@26.1.2.75/net.neoforged.neoforge.client.network.ClientPayloadHandler.handle(ClientPayloadHandler.java:187)
	at TRANSFORMER/neoforge@26.1.2.75/net.neoforged.neoforge.network.handling.MainThreadPayloadHandler.lambda$handle$0(MainThreadPayloadHandler.java:16)
	at java.base/java.util.concurrent.CompletableFuture$AsyncRun.run(CompletableFuture.java:1825)
	at TRANSFORMER/neoforge@26.1.2.75/net.neoforged.neoforge.network.handling.QueuedPacket$CustomPayload.handle(QueuedPacket.java:17)
	at TRANSFORMER/minecraft@26.1.2/net.minecraft.network.PacketProcessor.processQueuedPackets(PacketProcessor.java:50)
	at TRANSFORMER/minecraft@26.1.2/net.minecraft.client.Minecraft.runTick(Minecraft.java:1291)
	at TRANSFORMER/minecraft@26.1.2/net.minecraft.client.Minecraft.run(Minecraft.java:937)
	at TRANSFORMER/minecraft@26.1.2/net.minecraft.client.main.Main.main(Main.java:246)
	at net.neoforged.fml.startup.Client.main(Client.java:19)
	at java.base/jdk.internal.reflect.DirectMethodHandleAccessor.invoke(DirectMethodHandleAccessor.java:104)
	at java.base/java.lang.reflect.Method.invoke(Method.java:565)
	at io.github.zekerzhayard.forgewrapper.installer.Main.main(Main.java:67)
	at java.base/jdk.internal.reflect.DirectMethodHandleAccessor.invoke(DirectMethodHandleAccessor.java:104)
	at java.base/java.lang.reflect.Method.invoke(Method.java:565)
	at org.jackhuang.hmcl.HMCLMultiMCBootstrap.launch(HMCLMultiMCBootstrap.java:80)
	at org.jackhuang.hmcl.HMCLMultiMCBootstrap.launchV1(HMCLMultiMCBootstrap.java:54)
	at org.jackhuang.hmcl.HMCLMultiMCBootstrap.main(HMCLMultiMCBootstrap.java:46)
[19:27:33] [Render thread/ERROR]: An interpreter is already registered for this: mekanism:rotary_condensentrator
java.lang.IllegalArgumentException
	at TRANSFORMER/jei@29.6.2.31/mezz.jei.library.load.registration.SubtypeRegistration.registerSubtypeInterpreter(SubtypeRegistration.java:33)
	at TRANSFORMER/jei@29.6.2.31/mezz.jei.api.registration.ISubtypeRegistration.registerSubtypeInterpreter(ISubtypeRegistration.java:45)
	at TRANSFORMER/mekanism@10.8.0/mekanism.client.recipe_viewer.jei.MekanismJEI.registerItemSubtypes(MekanismJEI.java:143)
	at TRANSFORMER/mekanism@10.8.0/mekanism.client.recipe_viewer.jei.MekanismJEI.registerItemSubtypes(MekanismJEI.java:152)
	at TRANSFORMER/jei@29.6.2.31/mezz.jei.library.load.PluginLoader.lambda$registerSubtypes$0(PluginLoader.java:72)
	at TRANSFORMER/jei@29.6.2.31/mezz.jei.library.load.PluginCaller.callOnPlugins(PluginCaller.java:26)
	at TRANSFORMER/jei@29.6.2.31/mezz.jei.library.load.PluginLoader.registerSubtypes(PluginLoader.java:72)
	at TRANSFORMER/jei@29.6.2.31/mezz.jei.library.startup.JeiStarter.start(JeiStarter.java:119)
	at TRANSFORMER/jei@29.6.2.31/mezz.jei.neoforge.startup.StartEventObserver.transitionState(StartEventObserver.java:176)
	at TRANSFORMER/jei@29.6.2.31/mezz.jei.neoforge.startup.StartEventObserver.onEvent(StartEventObserver.java:121)
	at net.neoforged.bus.ConsumerEventHandler.invoke(ConsumerEventHandler.java:27)
	at net.neoforged.bus.EventBus.post(EventBus.java:360)
	at net.neoforged.bus.EventBus.post(EventBus.java:328)
	at TRANSFORMER/neoforge@26.1.2.75/net.neoforged.neoforge.client.network.ClientPayloadHandler.handle(ClientPayloadHandler.java:187)
	at TRANSFORMER/neoforge@26.1.2.75/net.neoforged.neoforge.network.handling.MainThreadPayloadHandler.lambda$handle$0(MainThreadPayloadHandler.java:16)
	at java.base/java.util.concurrent.CompletableFuture$AsyncRun.run(CompletableFuture.java:1825)
	at TRANSFORMER/neoforge@26.1.2.75/net.neoforged.neoforge.network.handling.QueuedPacket$CustomPayload.handle(QueuedPacket.java:17)
	at TRANSFORMER/minecraft@26.1.2/net.minecraft.network.PacketProcessor.processQueuedPackets(PacketProcessor.java:50)
	at TRANSFORMER/minecraft@26.1.2/net.minecraft.client.Minecraft.runTick(Minecraft.java:1291)
	at TRANSFORMER/minecraft@26.1.2/net.minecraft.client.Minecraft.run(Minecraft.java:937)
	at TRANSFORMER/minecraft@26.1.2/net.minecraft.client.main.Main.main(Main.java:246)
	at net.neoforged.fml.startup.Client.main(Client.java:19)
	at java.base/jdk.internal.reflect.DirectMethodHandleAccessor.invoke(DirectMethodHandleAccessor.java:104)
	at java.base/java.lang.reflect.Method.invoke(Method.java:565)
	at io.github.zekerzhayard.forgewrapper.installer.Main.main(Main.java:67)
	at java.base/jdk.internal.reflect.DirectMethodHandleAccessor.invoke(DirectMethodHandleAccessor.java:104)
	at java.base/java.lang.reflect.Method.invoke(Method.java:565)
	at org.jackhuang.hmcl.HMCLMultiMCBootstrap.launch(HMCLMultiMCBootstrap.java:80)
	at org.jackhuang.hmcl.HMCLMultiMCBootstrap.launchV1(HMCLMultiMCBootstrap.java:54)
	at org.jackhuang.hmcl.HMCLMultiMCBootstrap.main(HMCLMultiMCBootstrap.java:46)
[19:27:33] [Render thread/ERROR]: An interpreter is already registered for this: mekanism:chemical_oxidizer
java.lang.IllegalArgumentException
	at TRANSFORMER/jei@29.6.2.31/mezz.jei.library.load.registration.SubtypeRegistration.registerSubtypeInterpreter(SubtypeRegistration.java:33)
	at TRANSFORMER/jei@29.6.2.31/mezz.jei.api.registration.ISubtypeRegistration.registerSubtypeInterpreter(ISubtypeRegistration.java:45)
	at TRANSFORMER/mekanism@10.8.0/mekanism.client.recipe_viewer.jei.MekanismJEI.registerItemSubtypes(MekanismJEI.java:143)
	at TRANSFORMER/mekanism@10.8.0/mekanism.client.recipe_viewer.jei.MekanismJEI.registerItemSubtypes(MekanismJEI.java:152)
	at TRANSFORMER/jei@29.6.2.31/mezz.jei.library.load.PluginLoader.lambda$registerSubtypes$0(PluginLoader.java:72)
	at TRANSFORMER/jei@29.6.2.31/mezz.jei.library.load.PluginCaller.callOnPlugins(PluginCaller.java:26)
	at TRANSFORMER/jei@29.6.2.31/mezz.jei.library.load.PluginLoader.registerSubtypes(PluginLoader.java:72)
	at TRANSFORMER/jei@29.6.2.31/mezz.jei.library.startup.JeiStarter.start(JeiStarter.java:119)
	at TRANSFORMER/jei@29.6.2.31/mezz.jei.neoforge.startup.StartEventObserver.transitionState(StartEventObserver.java:176)
	at TRANSFORMER/jei@29.6.2.31/mezz.jei.neoforge.startup.StartEventObserver.onEvent(StartEventObserver.java:121)
	at net.neoforged.bus.ConsumerEventHandler.invoke(ConsumerEventHandler.java:27)
	at net.neoforged.bus.EventBus.post(EventBus.java:360)
	at net.neoforged.bus.EventBus.post(EventBus.java:328)
	at TRANSFORMER/neoforge@26.1.2.75/net.neoforged.neoforge.client.network.ClientPayloadHandler.handle(ClientPayloadHandler.java:187)
	at TRANSFORMER/neoforge@26.1.2.75/net.neoforged.neoforge.network.handling.MainThreadPayloadHandler.lambda$handle$0(MainThreadPayloadHandler.java:16)
	at java.base/java.util.concurrent.CompletableFuture$AsyncRun.run(CompletableFuture.java:1825)
	at TRANSFORMER/neoforge@26.1.2.75/net.neoforged.neoforge.network.handling.QueuedPacket$CustomPayload.handle(QueuedPacket.java:17)
	at TRANSFORMER/minecraft@26.1.2/net.minecraft.network.PacketProcessor.processQueuedPackets(PacketProcessor.java:50)
	at TRANSFORMER/minecraft@26.1.2/net.minecraft.client.Minecraft.runTick(Minecraft.java:1291)
	at TRANSFORMER/minecraft@26.1.2/net.minecraft.client.Minecraft.run(Minecraft.java:937)
	at TRANSFORMER/minecraft@26.1.2/net.minecraft.client.main.Main.main(Main.java:246)
	at net.neoforged.fml.startup.Client.main(Client.java:19)
	at java.base/jdk.internal.reflect.DirectMethodHandleAccessor.invoke(DirectMethodHandleAccessor.java:104)
	at java.base/java.lang.reflect.Method.invoke(Method.java:565)
	at io.github.zekerzhayard.forgewrapper.installer.Main.main(Main.java:67)
	at java.base/jdk.internal.reflect.DirectMethodHandleAccessor.invoke(DirectMethodHandleAccessor.java:104)
	at java.base/java.lang.reflect.Method.invoke(Method.java:565)
	at org.jackhuang.hmcl.HMCLMultiMCBootstrap.launch(HMCLMultiMCBootstrap.java:80)
	at org.jackhuang.hmcl.HMCLMultiMCBootstrap.launchV1(HMCLMultiMCBootstrap.java:54)
	at org.jackhuang.hmcl.HMCLMultiMCBootstrap.main(HMCLMultiMCBootstrap.java:46)
[19:27:33] [Render thread/ERROR]: An interpreter is already registered for this: mekanism:chemical_infuser
java.lang.IllegalArgumentException
	at TRANSFORMER/jei@29.6.2.31/mezz.jei.library.load.registration.SubtypeRegistration.registerSubtypeInterpreter(SubtypeRegistration.java:33)
	at TRANSFORMER/jei@29.6.2.31/mezz.jei.api.registration.ISubtypeRegistration.registerSubtypeInterpreter(ISubtypeRegistration.java:45)
	at TRANSFORMER/mekanism@10.8.0/mekanism.client.recipe_viewer.jei.MekanismJEI.registerItemSubtypes(MekanismJEI.java:143)
	at TRANSFORMER/mekanism@10.8.0/mekanism.client.recipe_viewer.jei.MekanismJEI.registerItemSubtypes(MekanismJEI.java:152)
	at TRANSFORMER/jei@29.6.2.31/mezz.jei.library.load.PluginLoader.lambda$registerSubtypes$0(PluginLoader.java:72)
	at TRANSFORMER/jei@29.6.2.31/mezz.jei.library.load.PluginCaller.callOnPlugins(PluginCaller.java:26)
	at TRANSFORMER/jei@29.6.2.31/mezz.jei.library.load.PluginLoader.registerSubtypes(PluginLoader.java:72)
	at TRANSFORMER/jei@29.6.2.31/mezz.jei.library.startup.JeiStarter.start(JeiStarter.java:119)
	at TRANSFORMER/jei@29.6.2.31/mezz.jei.neoforge.startup.StartEventObserver.transitionState(StartEventObserver.java:176)
	at TRANSFORMER/jei@29.6.2.31/mezz.jei.neoforge.startup.StartEventObserver.onEvent(StartEventObserver.java:121)
	at net.neoforged.bus.ConsumerEventHandler.invoke(ConsumerEventHandler.java:27)
	at net.neoforged.bus.EventBus.post(EventBus.java:360)
	at net.neoforged.bus.EventBus.post(EventBus.java:328)
	at TRANSFORMER/neoforge@26.1.2.75/net.neoforged.neoforge.client.network.ClientPayloadHandler.handle(ClientPayloadHandler.java:187)
	at TRANSFORMER/neoforge@26.1.2.75/net.neoforged.neoforge.network.handling.MainThreadPayloadHandler.lambda$handle$0(MainThreadPayloadHandler.java:16)
	at java.base/java.util.concurrent.CompletableFuture$AsyncRun.run(CompletableFuture.java:1825)
	at TRANSFORMER/neoforge@26.1.2.75/net.neoforged.neoforge.network.handling.QueuedPacket$CustomPayload.handle(QueuedPacket.java:17)
	at TRANSFORMER/minecraft@26.1.2/net.minecraft.network.PacketProcessor.processQueuedPackets(PacketProcessor.java:50)
	at TRANSFORMER/minecraft@26.1.2/net.minecraft.client.Minecraft.runTick(Minecraft.java:1291)
	at TRANSFORMER/minecraft@26.1.2/net.minecraft.client.Minecraft.run(Minecraft.java:937)
	at TRANSFORMER/minecraft@26.1.2/net.minecraft.client.main.Main.main(Main.java:246)
	at net.neoforged.fml.startup.Client.main(Client.java:19)
	at java.base/jdk.internal.reflect.DirectMethodHandleAccessor.invoke(DirectMethodHandleAccessor.java:104)
	at java.base/java.lang.reflect.Method.invoke(Method.java:565)
	at io.github.zekerzhayard.forgewrapper.installer.Main.main(Main.java:67)
	at java.base/jdk.internal.reflect.DirectMethodHandleAccessor.invoke(DirectMethodHandleAccessor.java:104)
	at java.base/java.lang.reflect.Method.invoke(Method.java:565)
	at org.jackhuang.hmcl.HMCLMultiMCBootstrap.launch(HMCLMultiMCBootstrap.java:80)
	at org.jackhuang.hmcl.HMCLMultiMCBootstrap.launchV1(HMCLMultiMCBootstrap.java:54)
	at org.jackhuang.hmcl.HMCLMultiMCBootstrap.main(HMCLMultiMCBootstrap.java:46)
[19:27:33] [Render thread/ERROR]: An interpreter is already registered for this: mekanism:chemical_injection_chamber
java.lang.IllegalArgumentException
	at TRANSFORMER/jei@29.6.2.31/mezz.jei.library.load.registration.SubtypeRegistration.registerSubtypeInterpreter(SubtypeRegistration.java:33)
	at TRANSFORMER/jei@29.6.2.31/mezz.jei.api.registration.ISubtypeRegistration.registerSubtypeInterpreter(ISubtypeRegistration.java:45)
	at TRANSFORMER/mekanism@10.8.0/mekanism.client.recipe_viewer.jei.MekanismJEI.registerItemSubtypes(MekanismJEI.java:143)
	at TRANSFORMER/mekanism@10.8.0/mekanism.client.recipe_viewer.jei.MekanismJEI.registerItemSubtypes(MekanismJEI.java:152)
	at TRANSFORMER/jei@29.6.2.31/mezz.jei.library.load.PluginLoader.lambda$registerSubtypes$0(PluginLoader.java:72)
	at TRANSFORMER/jei@29.6.2.31/mezz.jei.library.load.PluginCaller.callOnPlugins(PluginCaller.java:26)
	at TRANSFORMER/jei@29.6.2.31/mezz.jei.library.load.PluginLoader.registerSubtypes(PluginLoader.java:72)
	at TRANSFORMER/jei@29.6.2.31/mezz.jei.library.startup.JeiStarter.start(JeiStarter.java:119)
	at TRANSFORMER/jei@29.6.2.31/mezz.jei.neoforge.startup.StartEventObserver.transitionState(StartEventObserver.java:176)
	at TRANSFORMER/jei@29.6.2.31/mezz.jei.neoforge.startup.StartEventObserver.onEvent(StartEventObserver.java:121)
	at net.neoforged.bus.ConsumerEventHandler.invoke(ConsumerEventHandler.java:27)
	at net.neoforged.bus.EventBus.post(EventBus.java:360)
	at net.neoforged.bus.EventBus.post(EventBus.java:328)
	at TRANSFORMER/neoforge@26.1.2.75/net.neoforged.neoforge.client.network.ClientPayloadHandler.handle(ClientPayloadHandler.java:187)
	at TRANSFORMER/neoforge@26.1.2.75/net.neoforged.neoforge.network.handling.MainThreadPayloadHandler.lambda$handle$0(MainThreadPayloadHandler.java:16)
	at java.base/java.util.concurrent.CompletableFuture$AsyncRun.run(CompletableFuture.java:1825)
	at TRANSFORMER/neoforge@26.1.2.75/net.neoforged.neoforge.network.handling.QueuedPacket$CustomPayload.handle(QueuedPacket.java:17)
	at TRANSFORMER/minecraft@26.1.2/net.minecraft.network.PacketProcessor.processQueuedPackets(PacketProcessor.java:50)
	at TRANSFORMER/minecraft@26.1.2/net.minecraft.client.Minecraft.runTick(Minecraft.java:1291)
	at TRANSFORMER/minecraft@26.1.2/net.minecraft.client.Minecraft.run(Minecraft.java:937)
	at TRANSFORMER/minecraft@26.1.2/net.minecraft.client.main.Main.main(Main.java:246)
	at net.neoforged.fml.startup.Client.main(Client.java:19)
	at java.base/jdk.internal.reflect.DirectMethodHandleAccessor.invoke(DirectMethodHandleAccessor.java:104)
	at java.base/java.lang.reflect.Method.invoke(Method.java:565)
	at io.github.zekerzhayard.forgewrapper.installer.Main.main(Main.java:67)
	at java.base/jdk.internal.reflect.DirectMethodHandleAccessor.invoke(DirectMethodHandleAccessor.java:104)
	at java.base/java.lang.reflect.Method.invoke(Method.java:565)
	at org.jackhuang.hmcl.HMCLMultiMCBootstrap.launch(HMCLMultiMCBootstrap.java:80)
	at org.jackhuang.hmcl.HMCLMultiMCBootstrap.launchV1(HMCLMultiMCBootstrap.java:54)
	at org.jackhuang.hmcl.HMCLMultiMCBootstrap.main(HMCLMultiMCBootstrap.java:46)
[19:27:33] [Render thread/ERROR]: An interpreter is already registered for this: mekanism:electrolytic_separator
java.lang.IllegalArgumentException
	at TRANSFORMER/jei@29.6.2.31/mezz.jei.library.load.registration.SubtypeRegistration.registerSubtypeInterpreter(SubtypeRegistration.java:33)
	at TRANSFORMER/jei@29.6.2.31/mezz.jei.api.registration.ISubtypeRegistration.registerSubtypeInterpreter(ISubtypeRegistration.java:45)
	at TRANSFORMER/mekanism@10.8.0/mekanism.client.recipe_viewer.jei.MekanismJEI.registerItemSubtypes(MekanismJEI.java:143)
	at TRANSFORMER/mekanism@10.8.0/mekanism.client.recipe_viewer.jei.MekanismJEI.registerItemSubtypes(MekanismJEI.java:152)
	at TRANSFORMER/jei@29.6.2.31/mezz.jei.library.load.PluginLoader.lambda$registerSubtypes$0(PluginLoader.java:72)
	at TRANSFORMER/jei@29.6.2.31/mezz.jei.library.load.PluginCaller.callOnPlugins(PluginCaller.java:26)
	at TRANSFORMER/jei@29.6.2.31/mezz.jei.library.load.PluginLoader.registerSubtypes(PluginLoader.java:72)
	at TRANSFORMER/jei@29.6.2.31/mezz.jei.library.startup.JeiStarter.start(JeiStarter.java:119)
	at TRANSFORMER/jei@29.6.2.31/mezz.jei.neoforge.startup.StartEventObserver.transitionState(StartEventObserver.java:176)
	at TRANSFORMER/jei@29.6.2.31/mezz.jei.neoforge.startup.StartEventObserver.onEvent(StartEventObserver.java:121)
	at net.neoforged.bus.ConsumerEventHandler.invoke(ConsumerEventHandler.java:27)
	at net.neoforged.bus.EventBus.post(EventBus.java:360)
	at net.neoforged.bus.EventBus.post(EventBus.java:328)
	at TRANSFORMER/neoforge@26.1.2.75/net.neoforged.neoforge.client.network.ClientPayloadHandler.handle(ClientPayloadHandler.java:187)
	at TRANSFORMER/neoforge@26.1.2.75/net.neoforged.neoforge.network.handling.MainThreadPayloadHandler.lambda$handle$0(MainThreadPayloadHandler.java:16)
	at java.base/java.util.concurrent.CompletableFuture$AsyncRun.run(CompletableFuture.java:1825)
	at TRANSFORMER/neoforge@26.1.2.75/net.neoforged.neoforge.network.handling.QueuedPacket$CustomPayload.handle(QueuedPacket.java:17)
	at TRANSFORMER/minecraft@26.1.2/net.minecraft.network.PacketProcessor.processQueuedPackets(PacketProcessor.java:50)
	at TRANSFORMER/minecraft@26.1.2/net.minecraft.client.Minecraft.runTick(Minecraft.java:1291)
	at TRANSFORMER/minecraft@26.1.2/net.minecraft.client.Minecraft.run(Minecraft.java:937)
	at TRANSFORMER/minecraft@26.1.2/net.minecraft.client.main.Main.main(Main.java:246)
	at net.neoforged.fml.startup.Client.main(Client.java:19)
	at java.base/jdk.internal.reflect.DirectMethodHandleAccessor.invoke(DirectMethodHandleAccessor.java:104)
	at java.base/java.lang.reflect.Method.invoke(Method.java:565)
	at io.github.zekerzhayard.forgewrapper.installer.Main.main(Main.java:67)
	at java.base/jdk.internal.reflect.DirectMethodHandleAccessor.invoke(DirectMethodHandleAccessor.java:104)
	at java.base/java.lang.reflect.Method.invoke(Method.java:565)
	at org.jackhuang.hmcl.HMCLMultiMCBootstrap.launch(HMCLMultiMCBootstrap.java:80)
	at org.jackhuang.hmcl.HMCLMultiMCBootstrap.launchV1(HMCLMultiMCBootstrap.java:54)
	at org.jackhuang.hmcl.HMCLMultiMCBootstrap.main(HMCLMultiMCBootstrap.java:46)
[19:27:33] [Render thread/ERROR]: An interpreter is already registered for this: mekanism:precision_sawmill
java.lang.IllegalArgumentException
	at TRANSFORMER/jei@29.6.2.31/mezz.jei.library.load.registration.SubtypeRegistration.registerSubtypeInterpreter(SubtypeRegistration.java:33)
	at TRANSFORMER/jei@29.6.2.31/mezz.jei.api.registration.ISubtypeRegistration.registerSubtypeInterpreter(ISubtypeRegistration.java:45)
	at TRANSFORMER/mekanism@10.8.0/mekanism.client.recipe_viewer.jei.MekanismJEI.registerItemSubtypes(MekanismJEI.java:143)
	at TRANSFORMER/mekanism@10.8.0/mekanism.client.recipe_viewer.jei.MekanismJEI.registerItemSubtypes(MekanismJEI.java:152)
	at TRANSFORMER/jei@29.6.2.31/mezz.jei.library.load.PluginLoader.lambda$registerSubtypes$0(PluginLoader.java:72)
	at TRANSFORMER/jei@29.6.2.31/mezz.jei.library.load.PluginCaller.callOnPlugins(PluginCaller.java:26)
	at TRANSFORMER/jei@29.6.2.31/mezz.jei.library.load.PluginLoader.registerSubtypes(PluginLoader.java:72)
	at TRANSFORMER/jei@29.6.2.31/mezz.jei.library.startup.JeiStarter.start(JeiStarter.java:119)
	at TRANSFORMER/jei@29.6.2.31/mezz.jei.neoforge.startup.StartEventObserver.transitionState(StartEventObserver.java:176)
	at TRANSFORMER/jei@29.6.2.31/mezz.jei.neoforge.startup.StartEventObserver.onEvent(StartEventObserver.java:121)
	at net.neoforged.bus.ConsumerEventHandler.invoke(ConsumerEventHandler.java:27)
	at net.neoforged.bus.EventBus.post(EventBus.java:360)
	at net.neoforged.bus.EventBus.post(EventBus.java:328)
	at TRANSFORMER/neoforge@26.1.2.75/net.neoforged.neoforge.client.network.ClientPayloadHandler.handle(ClientPayloadHandler.java:187)
	at TRANSFORMER/neoforge@26.1.2.75/net.neoforged.neoforge.network.handling.MainThreadPayloadHandler.lambda$handle$0(MainThreadPayloadHandler.java:16)
	at java.base/java.util.concurrent.CompletableFuture$AsyncRun.run(CompletableFuture.java:1825)
	at TRANSFORMER/neoforge@26.1.2.75/net.neoforged.neoforge.network.handling.QueuedPacket$CustomPayload.handle(QueuedPacket.java:17)
	at TRANSFORMER/minecraft@26.1.2/net.minecraft.network.PacketProcessor.processQueuedPackets(PacketProcessor.java:50)
	at TRANSFORMER/minecraft@26.1.2/net.minecraft.client.Minecraft.runTick(Minecraft.java:1291)
	at TRANSFORMER/minecraft@26.1.2/net.minecraft.client.Minecraft.run(Minecraft.java:937)
	at TRANSFORMER/minecraft@26.1.2/net.minecraft.client.main.Main.main(Main.java:246)
	at net.neoforged.fml.startup.Client.main(Client.java:19)
	at java.base/jdk.internal.reflect.DirectMethodHandleAccessor.invoke(DirectMethodHandleAccessor.java:104)
	at java.base/java.lang.reflect.Method.invoke(Method.java:565)
	at io.github.zekerzhayard.forgewrapper.installer.Main.main(Main.java:67)
	at java.base/jdk.internal.reflect.DirectMethodHandleAccessor.invoke(DirectMethodHandleAccessor.java:104)
	at java.base/java.lang.reflect.Method.invoke(Method.java:565)
	at org.jackhuang.hmcl.HMCLMultiMCBootstrap.launch(HMCLMultiMCBootstrap.java:80)
	at org.jackhuang.hmcl.HMCLMultiMCBootstrap.launchV1(HMCLMultiMCBootstrap.java:54)
	at org.jackhuang.hmcl.HMCLMultiMCBootstrap.main(HMCLMultiMCBootstrap.java:46)
[19:27:33] [Render thread/ERROR]: An interpreter is already registered for this: mekanism:chemical_dissolution_chamber
java.lang.IllegalArgumentException
	at TRANSFORMER/jei@29.6.2.31/mezz.jei.library.load.registration.SubtypeRegistration.registerSubtypeInterpreter(SubtypeRegistration.java:33)
	at TRANSFORMER/jei@29.6.2.31/mezz.jei.api.registration.ISubtypeRegistration.registerSubtypeInterpreter(ISubtypeRegistration.java:45)
	at TRANSFORMER/mekanism@10.8.0/mekanism.client.recipe_viewer.jei.MekanismJEI.registerItemSubtypes(MekanismJEI.java:143)
	at TRANSFORMER/mekanism@10.8.0/mekanism.client.recipe_viewer.jei.MekanismJEI.registerItemSubtypes(MekanismJEI.java:152)
	at TRANSFORMER/jei@29.6.2.31/mezz.jei.library.load.PluginLoader.lambda$registerSubtypes$0(PluginLoader.java:72)
	at TRANSFORMER/jei@29.6.2.31/mezz.jei.library.load.PluginCaller.callOnPlugins(PluginCaller.java:26)
	at TRANSFORMER/jei@29.6.2.31/mezz.jei.library.load.PluginLoader.registerSubtypes(PluginLoader.java:72)
	at TRANSFORMER/jei@29.6.2.31/mezz.jei.library.startup.JeiStarter.start(JeiStarter.java:119)
	at TRANSFORMER/jei@29.6.2.31/mezz.jei.neoforge.startup.StartEventObserver.transitionState(StartEventObserver.java:176)
	at TRANSFORMER/jei@29.6.2.31/mezz.jei.neoforge.startup.StartEventObserver.onEvent(StartEventObserver.java:121)
	at net.neoforged.bus.ConsumerEventHandler.invoke(ConsumerEventHandler.java:27)
	at net.neoforged.bus.EventBus.post(EventBus.java:360)
	at net.neoforged.bus.EventBus.post(EventBus.java:328)
	at TRANSFORMER/neoforge@26.1.2.75/net.neoforged.neoforge.client.network.ClientPayloadHandler.handle(ClientPayloadHandler.java:187)
	at TRANSFORMER/neoforge@26.1.2.75/net.neoforged.neoforge.network.handling.MainThreadPayloadHandler.lambda$handle$0(MainThreadPayloadHandler.java:16)
	at java.base/java.util.concurrent.CompletableFuture$AsyncRun.run(CompletableFuture.java:1825)
	at TRANSFORMER/neoforge@26.1.2.75/net.neoforged.neoforge.network.handling.QueuedPacket$CustomPayload.handle(QueuedPacket.java:17)
	at TRANSFORMER/minecraft@26.1.2/net.minecraft.network.PacketProcessor.processQueuedPackets(PacketProcessor.java:50)
	at TRANSFORMER/minecraft@26.1.2/net.minecraft.client.Minecraft.runTick(Minecraft.java:1291)
	at TRANSFORMER/minecraft@26.1.2/net.minecraft.client.Minecraft.run(Minecraft.java:937)
	at TRANSFORMER/minecraft@26.1.2/net.minecraft.client.main.Main.main(Main.java:246)
	at net.neoforged.fml.startup.Client.main(Client.java:19)
	at java.base/jdk.internal.reflect.DirectMethodHandleAccessor.invoke(DirectMethodHandleAccessor.java:104)
	at java.base/java.lang.reflect.Method.invoke(Method.java:565)
	at io.github.zekerzhayard.forgewrapper.installer.Main.main(Main.java:67)
	at java.base/jdk.internal.reflect.DirectMethodHandleAccessor.invoke(DirectMethodHandleAccessor.java:104)
	at java.base/java.lang.reflect.Method.invoke(Method.java:565)
	at org.jackhuang.hmcl.HMCLMultiMCBootstrap.launch(HMCLMultiMCBootstrap.java:80)
	at org.jackhuang.hmcl.HMCLMultiMCBootstrap.launchV1(HMCLMultiMCBootstrap.java:54)
	at org.jackhuang.hmcl.HMCLMultiMCBootstrap.main(HMCLMultiMCBootstrap.java:46)
[19:27:33] [Render thread/ERROR]: An interpreter is already registered for this: mekanism:chemical_washer
java.lang.IllegalArgumentException
	at TRANSFORMER/jei@29.6.2.31/mezz.jei.library.load.registration.SubtypeRegistration.registerSubtypeInterpreter(SubtypeRegistration.java:33)
	at TRANSFORMER/jei@29.6.2.31/mezz.jei.api.registration.ISubtypeRegistration.registerSubtypeInterpreter(ISubtypeRegistration.java:45)
	at TRANSFORMER/mekanism@10.8.0/mekanism.client.recipe_viewer.jei.MekanismJEI.registerItemSubtypes(MekanismJEI.java:143)
	at TRANSFORMER/mekanism@10.8.0/mekanism.client.recipe_viewer.jei.MekanismJEI.registerItemSubtypes(MekanismJEI.java:152)
	at TRANSFORMER/jei@29.6.2.31/mezz.jei.library.load.PluginLoader.lambda$registerSubtypes$0(PluginLoader.java:72)
	at TRANSFORMER/jei@29.6.2.31/mezz.jei.library.load.PluginCaller.callOnPlugins(PluginCaller.java:26)
	at TRANSFORMER/jei@29.6.2.31/mezz.jei.library.load.PluginLoader.registerSubtypes(PluginLoader.java:72)
	at TRANSFORMER/jei@29.6.2.31/mezz.jei.library.startup.JeiStarter.start(JeiStarter.java:119)
	at TRANSFORMER/jei@29.6.2.31/mezz.jei.neoforge.startup.StartEventObserver.transitionState(StartEventObserver.java:176)
	at TRANSFORMER/jei@29.6.2.31/mezz.jei.neoforge.startup.StartEventObserver.onEvent(StartEventObserver.java:121)
	at net.neoforged.bus.ConsumerEventHandler.invoke(ConsumerEventHandler.java:27)
	at net.neoforged.bus.EventBus.post(EventBus.java:360)
	at net.neoforged.bus.EventBus.post(EventBus.java:328)
	at TRANSFORMER/neoforge@26.1.2.75/net.neoforged.neoforge.client.network.ClientPayloadHandler.handle(ClientPayloadHandler.java:187)
	at TRANSFORMER/neoforge@26.1.2.75/net.neoforged.neoforge.network.handling.MainThreadPayloadHandler.lambda$handle$0(MainThreadPayloadHandler.java:16)
	at java.base/java.util.concurrent.CompletableFuture$AsyncRun.run(CompletableFuture.java:1825)
	at TRANSFORMER/neoforge@26.1.2.75/net.neoforged.neoforge.network.handling.QueuedPacket$CustomPayload.handle(QueuedPacket.java:17)
	at TRANSFORMER/minecraft@26.1.2/net.minecraft.network.PacketProcessor.processQueuedPackets(PacketProcessor.java:50)
	at TRANSFORMER/minecraft@26.1.2/net.minecraft.client.Minecraft.runTick(Minecraft.java:1291)
	at TRANSFORMER/minecraft@26.1.2/net.minecraft.client.Minecraft.run(Minecraft.java:937)
	at TRANSFORMER/minecraft@26.1.2/net.minecraft.client.main.Main.main(Main.java:246)
	at net.neoforged.fml.startup.Client.main(Client.java:19)
	at java.base/jdk.internal.reflect.DirectMethodHandleAccessor.invoke(DirectMethodHandleAccessor.java:104)
	at java.base/java.lang.reflect.Method.invoke(Method.java:565)
	at io.github.zekerzhayard.forgewrapper.installer.Main.main(Main.java:67)
	at java.base/jdk.internal.reflect.DirectMethodHandleAccessor.invoke(DirectMethodHandleAccessor.java:104)
	at java.base/java.lang.reflect.Method.invoke(Method.java:565)
	at org.jackhuang.hmcl.HMCLMultiMCBootstrap.launch(HMCLMultiMCBootstrap.java:80)
	at org.jackhuang.hmcl.HMCLMultiMCBootstrap.launchV1(HMCLMultiMCBootstrap.java:54)
	at org.jackhuang.hmcl.HMCLMultiMCBootstrap.main(HMCLMultiMCBootstrap.java:46)
[19:27:33] [Render thread/ERROR]: An interpreter is already registered for this: mekanism:chemical_crystallizer
java.lang.IllegalArgumentException
	at TRANSFORMER/jei@29.6.2.31/mezz.jei.library.load.registration.SubtypeRegistration.registerSubtypeInterpreter(SubtypeRegistration.java:33)
	at TRANSFORMER/jei@29.6.2.31/mezz.jei.api.registration.ISubtypeRegistration.registerSubtypeInterpreter(ISubtypeRegistration.java:45)
	at TRANSFORMER/mekanism@10.8.0/mekanism.client.recipe_viewer.jei.MekanismJEI.registerItemSubtypes(MekanismJEI.java:143)
	at TRANSFORMER/mekanism@10.8.0/mekanism.client.recipe_viewer.jei.MekanismJEI.registerItemSubtypes(MekanismJEI.java:152)
	at TRANSFORMER/jei@29.6.2.31/mezz.jei.library.load.PluginLoader.lambda$registerSubtypes$0(PluginLoader.java:72)
	at TRANSFORMER/jei@29.6.2.31/mezz.jei.library.load.PluginCaller.callOnPlugins(PluginCaller.java:26)
	at TRANSFORMER/jei@29.6.2.31/mezz.jei.library.load.PluginLoader.registerSubtypes(PluginLoader.java:72)
	at TRANSFORMER/jei@29.6.2.31/mezz.jei.library.startup.JeiStarter.start(JeiStarter.java:119)
	at TRANSFORMER/jei@29.6.2.31/mezz.jei.neoforge.startup.StartEventObserver.transitionState(StartEventObserver.java:176)
	at TRANSFORMER/jei@29.6.2.31/mezz.jei.neoforge.startup.StartEventObserver.onEvent(StartEventObserver.java:121)
	at net.neoforged.bus.ConsumerEventHandler.invoke(ConsumerEventHandler.java:27)
	at net.neoforged.bus.EventBus.post(EventBus.java:360)
	at net.neoforged.bus.EventBus.post(EventBus.java:328)
	at TRANSFORMER/neoforge@26.1.2.75/net.neoforged.neoforge.client.network.ClientPayloadHandler.handle(ClientPayloadHandler.java:187)
	at TRANSFORMER/neoforge@26.1.2.75/net.neoforged.neoforge.network.handling.MainThreadPayloadHandler.lambda$handle$0(MainThreadPayloadHandler.java:16)
	at java.base/java.util.concurrent.CompletableFuture$AsyncRun.run(CompletableFuture.java:1825)
	at TRANSFORMER/neoforge@26.1.2.75/net.neoforged.neoforge.network.handling.QueuedPacket$CustomPayload.handle(QueuedPacket.java:17)
	at TRANSFORMER/minecraft@26.1.2/net.minecraft.network.PacketProcessor.processQueuedPackets(PacketProcessor.java:50)
	at TRANSFORMER/minecraft@26.1.2/net.minecraft.client.Minecraft.runTick(Minecraft.java:1291)
	at TRANSFORMER/minecraft@26.1.2/net.minecraft.client.Minecraft.run(Minecraft.java:937)
	at TRANSFORMER/minecraft@26.1.2/net.minecraft.client.main.Main.main(Main.java:246)
	at net.neoforged.fml.startup.Client.main(Client.java:19)
	at java.base/jdk.internal.reflect.DirectMethodHandleAccessor.invoke(DirectMethodHandleAccessor.java:104)
	at java.base/java.lang.reflect.Method.invoke(Method.java:565)
	at io.github.zekerzhayard.forgewrapper.installer.Main.main(Main.java:67)
	at java.base/jdk.internal.reflect.DirectMethodHandleAccessor.invoke(DirectMethodHandleAccessor.java:104)
	at java.base/java.lang.reflect.Method.invoke(Method.java:565)
	at org.jackhuang.hmcl.HMCLMultiMCBootstrap.launch(HMCLMultiMCBootstrap.java:80)
	at org.jackhuang.hmcl.HMCLMultiMCBootstrap.launchV1(HMCLMultiMCBootstrap.java:54)
	at org.jackhuang.hmcl.HMCLMultiMCBootstrap.main(HMCLMultiMCBootstrap.java:46)
[19:27:33] [Render thread/ERROR]: An interpreter is already registered for this: mekanism:seismic_vibrator
java.lang.IllegalArgumentException
	at TRANSFORMER/jei@29.6.2.31/mezz.jei.library.load.registration.SubtypeRegistration.registerSubtypeInterpreter(SubtypeRegistration.java:33)
	at TRANSFORMER/jei@29.6.2.31/mezz.jei.api.registration.ISubtypeRegistration.registerSubtypeInterpreter(ISubtypeRegistration.java:45)
	at TRANSFORMER/mekanism@10.8.0/mekanism.client.recipe_viewer.jei.MekanismJEI.registerItemSubtypes(MekanismJEI.java:143)
	at TRANSFORMER/mekanism@10.8.0/mekanism.client.recipe_viewer.jei.MekanismJEI.registerItemSubtypes(MekanismJEI.java:152)
	at TRANSFORMER/jei@29.6.2.31/mezz.jei.library.load.PluginLoader.lambda$registerSubtypes$0(PluginLoader.java:72)
	at TRANSFORMER/jei@29.6.2.31/mezz.jei.library.load.PluginCaller.callOnPlugins(PluginCaller.java:26)
	at TRANSFORMER/jei@29.6.2.31/mezz.jei.library.load.PluginLoader.registerSubtypes(PluginLoader.java:72)
	at TRANSFORMER/jei@29.6.2.31/mezz.jei.library.startup.JeiStarter.start(JeiStarter.java:119)
	at TRANSFORMER/jei@29.6.2.31/mezz.jei.neoforge.startup.StartEventObserver.transitionState(StartEventObserver.java:176)
	at TRANSFORMER/jei@29.6.2.31/mezz.jei.neoforge.startup.StartEventObserver.onEvent(StartEventObserver.java:121)
	at net.neoforged.bus.ConsumerEventHandler.invoke(ConsumerEventHandler.java:27)
	at net.neoforged.bus.EventBus.post(EventBus.java:360)
	at net.neoforged.bus.EventBus.post(EventBus.java:328)
	at TRANSFORMER/neoforge@26.1.2.75/net.neoforged.neoforge.client.network.ClientPayloadHandler.handle(ClientPayloadHandler.java:187)
	at TRANSFORMER/neoforge@26.1.2.75/net.neoforged.neoforge.network.handling.MainThreadPayloadHandler.lambda$handle$0(MainThreadPayloadHandler.java:16)
	at java.base/java.util.concurrent.CompletableFuture$AsyncRun.run(CompletableFuture.java:1825)
	at TRANSFORMER/neoforge@26.1.2.75/net.neoforged.neoforge.network.handling.QueuedPacket$CustomPayload.handle(QueuedPacket.java:17)
	at TRANSFORMER/minecraft@26.1.2/net.minecraft.network.PacketProcessor.processQueuedPackets(PacketProcessor.java:50)
	at TRANSFORMER/minecraft@26.1.2/net.minecraft.client.Minecraft.runTick(Minecraft.java:1291)
	at TRANSFORMER/minecraft@26.1.2/net.minecraft.client.Minecraft.run(Minecraft.java:937)
	at TRANSFORMER/minecraft@26.1.2/net.minecraft.client.main.Main.main(Main.java:246)
	at net.neoforged.fml.startup.Client.main(Client.java:19)
	at java.base/jdk.internal.reflect.DirectMethodHandleAccessor.invoke(DirectMethodHandleAccessor.java:104)
	at java.base/java.lang.reflect.Method.invoke(Method.java:565)
	at io.github.zekerzhayard.forgewrapper.installer.Main.main(Main.java:67)
	at java.base/jdk.internal.reflect.DirectMethodHandleAccessor.invoke(DirectMethodHandleAccessor.java:104)
	at java.base/java.lang.reflect.Method.invoke(Method.java:565)
	at org.jackhuang.hmcl.HMCLMultiMCBootstrap.launch(HMCLMultiMCBootstrap.java:80)
	at org.jackhuang.hmcl.HMCLMultiMCBootstrap.launchV1(HMCLMultiMCBootstrap.java:54)
	at org.jackhuang.hmcl.HMCLMultiMCBootstrap.main(HMCLMultiMCBootstrap.java:46)
[19:27:33] [Render thread/ERROR]: An interpreter is already registered for this: mekanism:pressurized_reaction_chamber
java.lang.IllegalArgumentException
	at TRANSFORMER/jei@29.6.2.31/mezz.jei.library.load.registration.SubtypeRegistration.registerSubtypeInterpreter(SubtypeRegistration.java:33)
	at TRANSFORMER/jei@29.6.2.31/mezz.jei.api.registration.ISubtypeRegistration.registerSubtypeInterpreter(ISubtypeRegistration.java:45)
	at TRANSFORMER/mekanism@10.8.0/mekanism.client.recipe_viewer.jei.MekanismJEI.registerItemSubtypes(MekanismJEI.java:143)
	at TRANSFORMER/mekanism@10.8.0/mekanism.client.recipe_viewer.jei.MekanismJEI.registerItemSubtypes(MekanismJEI.java:152)
	at TRANSFORMER/jei@29.6.2.31/mezz.jei.library.load.PluginLoader.lambda$registerSubtypes$0(PluginLoader.java:72)
	at TRANSFORMER/jei@29.6.2.31/mezz.jei.library.load.PluginCaller.callOnPlugins(PluginCaller.java:26)
	at TRANSFORMER/jei@29.6.2.31/mezz.jei.library.load.PluginLoader.registerSubtypes(PluginLoader.java:72)
	at TRANSFORMER/jei@29.6.2.31/mezz.jei.library.startup.JeiStarter.start(JeiStarter.java:119)
	at TRANSFORMER/jei@29.6.2.31/mezz.jei.neoforge.startup.StartEventObserver.transitionState(StartEventObserver.java:176)
	at TRANSFORMER/jei@29.6.2.31/mezz.jei.neoforge.startup.StartEventObserver.onEvent(StartEventObserver.java:121)
	at net.neoforged.bus.ConsumerEventHandler.invoke(ConsumerEventHandler.java:27)
	at net.neoforged.bus.EventBus.post(EventBus.java:360)
	at net.neoforged.bus.EventBus.post(EventBus.java:328)
	at TRANSFORMER/neoforge@26.1.2.75/net.neoforged.neoforge.client.network.ClientPayloadHandler.handle(ClientPayloadHandler.java:187)
	at TRANSFORMER/neoforge@26.1.2.75/net.neoforged.neoforge.network.handling.MainThreadPayloadHandler.lambda$handle$0(MainThreadPayloadHandler.java:16)
	at java.base/java.util.concurrent.CompletableFuture$AsyncRun.run(CompletableFuture.java:1825)
	at TRANSFORMER/neoforge@26.1.2.75/net.neoforged.neoforge.network.handling.QueuedPacket$CustomPayload.handle(QueuedPacket.java:17)
	at TRANSFORMER/minecraft@26.1.2/net.minecraft.network.PacketProcessor.processQueuedPackets(PacketProcessor.java:50)
	at TRANSFORMER/minecraft@26.1.2/net.minecraft.client.Minecraft.runTick(Minecraft.java:1291)
	at TRANSFORMER/minecraft@26.1.2/net.minecraft.client.Minecraft.run(Minecraft.java:937)
	at TRANSFORMER/minecraft@26.1.2/net.minecraft.client.main.Main.main(Main.java:246)
	at net.neoforged.fml.startup.Client.main(Client.java:19)
	at java.base/jdk.internal.reflect.DirectMethodHandleAccessor.invoke(DirectMethodHandleAccessor.java:104)
	at java.base/java.lang.reflect.Method.invoke(Method.java:565)
	at io.github.zekerzhayard.forgewrapper.installer.Main.main(Main.java:67)
	at java.base/jdk.internal.reflect.DirectMethodHandleAccessor.invoke(DirectMethodHandleAccessor.java:104)
	at java.base/java.lang.reflect.Method.invoke(Method.java:565)
	at org.jackhuang.hmcl.HMCLMultiMCBootstrap.launch(HMCLMultiMCBootstrap.java:80)
	at org.jackhuang.hmcl.HMCLMultiMCBootstrap.launchV1(HMCLMultiMCBootstrap.java:54)
	at org.jackhuang.hmcl.HMCLMultiMCBootstrap.main(HMCLMultiMCBootstrap.java:46)
[19:27:33] [Render thread/ERROR]: An interpreter is already registered for this: mekanism:isotopic_centrifuge
java.lang.IllegalArgumentException
	at TRANSFORMER/jei@29.6.2.31/mezz.jei.library.load.registration.SubtypeRegistration.registerSubtypeInterpreter(SubtypeRegistration.java:33)
	at TRANSFORMER/jei@29.6.2.31/mezz.jei.api.registration.ISubtypeRegistration.registerSubtypeInterpreter(ISubtypeRegistration.java:45)
	at TRANSFORMER/mekanism@10.8.0/mekanism.client.recipe_viewer.jei.MekanismJEI.registerItemSubtypes(MekanismJEI.java:143)
	at TRANSFORMER/mekanism@10.8.0/mekanism.client.recipe_viewer.jei.MekanismJEI.registerItemSubtypes(MekanismJEI.java:152)
	at TRANSFORMER/jei@29.6.2.31/mezz.jei.library.load.PluginLoader.lambda$registerSubtypes$0(PluginLoader.java:72)
	at TRANSFORMER/jei@29.6.2.31/mezz.jei.library.load.PluginCaller.callOnPlugins(PluginCaller.java:26)
	at TRANSFORMER/jei@29.6.2.31/mezz.jei.library.load.PluginLoader.registerSubtypes(PluginLoader.java:72)
	at TRANSFORMER/jei@29.6.2.31/mezz.jei.library.startup.JeiStarter.start(JeiStarter.java:119)
	at TRANSFORMER/jei@29.6.2.31/mezz.jei.neoforge.startup.StartEventObserver.transitionState(StartEventObserver.java:176)
	at TRANSFORMER/jei@29.6.2.31/mezz.jei.neoforge.startup.StartEventObserver.onEvent(StartEventObserver.java:121)
	at net.neoforged.bus.ConsumerEventHandler.invoke(ConsumerEventHandler.java:27)
	at net.neoforged.bus.EventBus.post(EventBus.java:360)
	at net.neoforged.bus.EventBus.post(EventBus.java:328)
	at TRANSFORMER/neoforge@26.1.2.75/net.neoforged.neoforge.client.network.ClientPayloadHandler.handle(ClientPayloadHandler.java:187)
	at TRANSFORMER/neoforge@26.1.2.75/net.neoforged.neoforge.network.handling.MainThreadPayloadHandler.lambda$handle$0(MainThreadPayloadHandler.java:16)
	at java.base/java.util.concurrent.CompletableFuture$AsyncRun.run(CompletableFuture.java:1825)
	at TRANSFORMER/neoforge@26.1.2.75/net.neoforged.neoforge.network.handling.QueuedPacket$CustomPayload.handle(QueuedPacket.java:17)
	at TRANSFORMER/minecraft@26.1.2/net.minecraft.network.PacketProcessor.processQueuedPackets(PacketProcessor.java:50)
	at TRANSFORMER/minecraft@26.1.2/net.minecraft.client.Minecraft.runTick(Minecraft.java:1291)
	at TRANSFORMER/minecraft@26.1.2/net.minecraft.client.Minecraft.run(Minecraft.java:937)
	at TRANSFORMER/minecraft@26.1.2/net.minecraft.client.main.Main.main(Main.java:246)
	at net.neoforged.fml.startup.Client.main(Client.java:19)
	at java.base/jdk.internal.reflect.DirectMethodHandleAccessor.invoke(DirectMethodHandleAccessor.java:104)
	at java.base/java.lang.reflect.Method.invoke(Method.java:565)
	at io.github.zekerzhayard.forgewrapper.installer.Main.main(Main.java:67)
	at java.base/jdk.internal.reflect.DirectMethodHandleAccessor.invoke(DirectMethodHandleAccessor.java:104)
	at java.base/java.lang.reflect.Method.invoke(Method.java:565)
	at org.jackhuang.hmcl.HMCLMultiMCBootstrap.launch(HMCLMultiMCBootstrap.java:80)
	at org.jackhuang.hmcl.HMCLMultiMCBootstrap.launchV1(HMCLMultiMCBootstrap.java:54)
	at org.jackhuang.hmcl.HMCLMultiMCBootstrap.main(HMCLMultiMCBootstrap.java:46)
[19:27:33] [Render thread/ERROR]: An interpreter is already registered for this: mekanism:nutritional_liquifier
java.lang.IllegalArgumentException
	at TRANSFORMER/jei@29.6.2.31/mezz.jei.library.load.registration.SubtypeRegistration.registerSubtypeInterpreter(SubtypeRegistration.java:33)
	at TRANSFORMER/jei@29.6.2.31/mezz.jei.api.registration.ISubtypeRegistration.registerSubtypeInterpreter(ISubtypeRegistration.java:45)
	at TRANSFORMER/mekanism@10.8.0/mekanism.client.recipe_viewer.jei.MekanismJEI.registerItemSubtypes(MekanismJEI.java:143)
	at TRANSFORMER/mekanism@10.8.0/mekanism.client.recipe_viewer.jei.MekanismJEI.registerItemSubtypes(MekanismJEI.java:152)
	at TRANSFORMER/jei@29.6.2.31/mezz.jei.library.load.PluginLoader.lambda$registerSubtypes$0(PluginLoader.java:72)
	at TRANSFORMER/jei@29.6.2.31/mezz.jei.library.load.PluginCaller.callOnPlugins(PluginCaller.java:26)
	at TRANSFORMER/jei@29.6.2.31/mezz.jei.library.load.PluginLoader.registerSubtypes(PluginLoader.java:72)
	at TRANSFORMER/jei@29.6.2.31/mezz.jei.library.startup.JeiStarter.start(JeiStarter.java:119)
	at TRANSFORMER/jei@29.6.2.31/mezz.jei.neoforge.startup.StartEventObserver.transitionState(StartEventObserver.java:176)
	at TRANSFORMER/jei@29.6.2.31/mezz.jei.neoforge.startup.StartEventObserver.onEvent(StartEventObserver.java:121)
	at net.neoforged.bus.ConsumerEventHandler.invoke(ConsumerEventHandler.java:27)
	at net.neoforged.bus.EventBus.post(EventBus.java:360)
	at net.neoforged.bus.EventBus.post(EventBus.java:328)
	at TRANSFORMER/neoforge@26.1.2.75/net.neoforged.neoforge.client.network.ClientPayloadHandler.handle(ClientPayloadHandler.java:187)
	at TRANSFORMER/neoforge@26.1.2.75/net.neoforged.neoforge.network.handling.MainThreadPayloadHandler.lambda$handle$0(MainThreadPayloadHandler.java:16)
	at java.base/java.util.concurrent.CompletableFuture$AsyncRun.run(CompletableFuture.java:1825)
	at TRANSFORMER/neoforge@26.1.2.75/net.neoforged.neoforge.network.handling.QueuedPacket$CustomPayload.handle(QueuedPacket.java:17)
	at TRANSFORMER/minecraft@26.1.2/net.minecraft.network.PacketProcessor.processQueuedPackets(PacketProcessor.java:50)
	at TRANSFORMER/minecraft@26.1.2/net.minecraft.client.Minecraft.runTick(Minecraft.java:1291)
	at TRANSFORMER/minecraft@26.1.2/net.minecraft.client.Minecraft.run(Minecraft.java:937)
	at TRANSFORMER/minecraft@26.1.2/net.minecraft.client.main.Main.main(Main.java:246)
	at net.neoforged.fml.startup.Client.main(Client.java:19)
	at java.base/jdk.internal.reflect.DirectMethodHandleAccessor.invoke(DirectMethodHandleAccessor.java:104)
	at java.base/java.lang.reflect.Method.invoke(Method.java:565)
	at io.github.zekerzhayard.forgewrapper.installer.Main.main(Main.java:67)
	at java.base/jdk.internal.reflect.DirectMethodHandleAccessor.invoke(DirectMethodHandleAccessor.java:104)
	at java.base/java.lang.reflect.Method.invoke(Method.java:565)
	at org.jackhuang.hmcl.HMCLMultiMCBootstrap.launch(HMCLMultiMCBootstrap.java:80)
	at org.jackhuang.hmcl.HMCLMultiMCBootstrap.launchV1(HMCLMultiMCBootstrap.java:54)
	at org.jackhuang.hmcl.HMCLMultiMCBootstrap.main(HMCLMultiMCBootstrap.java:46)
[19:27:33] [Render thread/ERROR]: An interpreter is already registered for this: mekanism:basic_fluid_tank
java.lang.IllegalArgumentException
	at TRANSFORMER/jei@29.6.2.31/mezz.jei.library.load.registration.SubtypeRegistration.registerSubtypeInterpreter(SubtypeRegistration.java:33)
	at TRANSFORMER/jei@29.6.2.31/mezz.jei.api.registration.ISubtypeRegistration.registerSubtypeInterpreter(ISubtypeRegistration.java:45)
	at TRANSFORMER/mekanism@10.8.0/mekanism.client.recipe_viewer.jei.MekanismJEI.registerItemSubtypes(MekanismJEI.java:143)
	at TRANSFORMER/mekanism@10.8.0/mekanism.client.recipe_viewer.jei.MekanismJEI.registerItemSubtypes(MekanismJEI.java:152)
	at TRANSFORMER/jei@29.6.2.31/mezz.jei.library.load.PluginLoader.lambda$registerSubtypes$0(PluginLoader.java:72)
	at TRANSFORMER/jei@29.6.2.31/mezz.jei.library.load.PluginCaller.callOnPlugins(PluginCaller.java:26)
	at TRANSFORMER/jei@29.6.2.31/mezz.jei.library.load.PluginLoader.registerSubtypes(PluginLoader.java:72)
	at TRANSFORMER/jei@29.6.2.31/mezz.jei.library.startup.JeiStarter.start(JeiStarter.java:119)
	at TRANSFORMER/jei@29.6.2.31/mezz.jei.neoforge.startup.StartEventObserver.transitionState(StartEventObserver.java:176)
	at TRANSFORMER/jei@29.6.2.31/mezz.jei.neoforge.startup.StartEventObserver.onEvent(StartEventObserver.java:121)
	at net.neoforged.bus.ConsumerEventHandler.invoke(ConsumerEventHandler.java:27)
	at net.neoforged.bus.EventBus.post(EventBus.java:360)
	at net.neoforged.bus.EventBus.post(EventBus.java:328)
	at TRANSFORMER/neoforge@26.1.2.75/net.neoforged.neoforge.client.network.ClientPayloadHandler.handle(ClientPayloadHandler.java:187)
	at TRANSFORMER/neoforge@26.1.2.75/net.neoforged.neoforge.network.handling.MainThreadPayloadHandler.lambda$handle$0(MainThreadPayloadHandler.java:16)
	at java.base/java.util.concurrent.CompletableFuture$AsyncRun.run(CompletableFuture.java:1825)
	at TRANSFORMER/neoforge@26.1.2.75/net.neoforged.neoforge.network.handling.QueuedPacket$CustomPayload.handle(QueuedPacket.java:17)
	at TRANSFORMER/minecraft@26.1.2/net.minecraft.network.PacketProcessor.processQueuedPackets(PacketProcessor.java:50)
	at TRANSFORMER/minecraft@26.1.2/net.minecraft.client.Minecraft.runTick(Minecraft.java:1291)
	at TRANSFORMER/minecraft@26.1.2/net.minecraft.client.Minecraft.run(Minecraft.java:937)
	at TRANSFORMER/minecraft@26.1.2/net.minecraft.client.main.Main.main(Main.java:246)
	at net.neoforged.fml.startup.Client.main(Client.java:19)
	at java.base/jdk.internal.reflect.DirectMethodHandleAccessor.invoke(DirectMethodHandleAccessor.java:104)
	at java.base/java.lang.reflect.Method.invoke(Method.java:565)
	at io.github.zekerzhayard.forgewrapper.installer.Main.main(Main.java:67)
	at java.base/jdk.internal.reflect.DirectMethodHandleAccessor.invoke(DirectMethodHandleAccessor.java:104)
	at java.base/java.lang.reflect.Method.invoke(Method.java:565)
	at org.jackhuang.hmcl.HMCLMultiMCBootstrap.launch(HMCLMultiMCBootstrap.java:80)
	at org.jackhuang.hmcl.HMCLMultiMCBootstrap.launchV1(HMCLMultiMCBootstrap.java:54)
	at org.jackhuang.hmcl.HMCLMultiMCBootstrap.main(HMCLMultiMCBootstrap.java:46)
[19:27:33] [Render thread/ERROR]: An interpreter is already registered for this: mekanism:advanced_fluid_tank
java.lang.IllegalArgumentException
	at TRANSFORMER/jei@29.6.2.31/mezz.jei.library.load.registration.SubtypeRegistration.registerSubtypeInterpreter(SubtypeRegistration.java:33)
	at TRANSFORMER/jei@29.6.2.31/mezz.jei.api.registration.ISubtypeRegistration.registerSubtypeInterpreter(ISubtypeRegistration.java:45)
	at TRANSFORMER/mekanism@10.8.0/mekanism.client.recipe_viewer.jei.MekanismJEI.registerItemSubtypes(MekanismJEI.java:143)
	at TRANSFORMER/mekanism@10.8.0/mekanism.client.recipe_viewer.jei.MekanismJEI.registerItemSubtypes(MekanismJEI.java:152)
	at TRANSFORMER/jei@29.6.2.31/mezz.jei.library.load.PluginLoader.lambda$registerSubtypes$0(PluginLoader.java:72)
	at TRANSFORMER/jei@29.6.2.31/mezz.jei.library.load.PluginCaller.callOnPlugins(PluginCaller.java:26)
	at TRANSFORMER/jei@29.6.2.31/mezz.jei.library.load.PluginLoader.registerSubtypes(PluginLoader.java:72)
	at TRANSFORMER/jei@29.6.2.31/mezz.jei.library.startup.JeiStarter.start(JeiStarter.java:119)
	at TRANSFORMER/jei@29.6.2.31/mezz.jei.neoforge.startup.StartEventObserver.transitionState(StartEventObserver.java:176)
	at TRANSFORMER/jei@29.6.2.31/mezz.jei.neoforge.startup.StartEventObserver.onEvent(StartEventObserver.java:121)
	at net.neoforged.bus.ConsumerEventHandler.invoke(ConsumerEventHandler.java:27)
	at net.neoforged.bus.EventBus.post(EventBus.java:360)
	at net.neoforged.bus.EventBus.post(EventBus.java:328)
	at TRANSFORMER/neoforge@26.1.2.75/net.neoforged.neoforge.client.network.ClientPayloadHandler.handle(ClientPayloadHandler.java:187)
	at TRANSFORMER/neoforge@26.1.2.75/net.neoforged.neoforge.network.handling.MainThreadPayloadHandler.lambda$handle$0(MainThreadPayloadHandler.java:16)
	at java.base/java.util.concurrent.CompletableFuture$AsyncRun.run(CompletableFuture.java:1825)
	at TRANSFORMER/neoforge@26.1.2.75/net.neoforged.neoforge.network.handling.QueuedPacket$CustomPayload.handle(QueuedPacket.java:17)
	at TRANSFORMER/minecraft@26.1.2/net.minecraft.network.PacketProcessor.processQueuedPackets(PacketProcessor.java:50)
	at TRANSFORMER/minecraft@26.1.2/net.minecraft.client.Minecraft.runTick(Minecraft.java:1291)
	at TRANSFORMER/minecraft@26.1.2/net.minecraft.client.Minecraft.run(Minecraft.java:937)
	at TRANSFORMER/minecraft@26.1.2/net.minecraft.client.main.Main.main(Main.java:246)
	at net.neoforged.fml.startup.Client.main(Client.java:19)
	at java.base/jdk.internal.reflect.DirectMethodHandleAccessor.invoke(DirectMethodHandleAccessor.java:104)
	at java.base/java.lang.reflect.Method.invoke(Method.java:565)
	at io.github.zekerzhayard.forgewrapper.installer.Main.main(Main.java:67)
	at java.base/jdk.internal.reflect.DirectMethodHandleAccessor.invoke(DirectMethodHandleAccessor.java:104)
	at java.base/java.lang.reflect.Method.invoke(Method.java:565)
	at org.jackhuang.hmcl.HMCLMultiMCBootstrap.launch(HMCLMultiMCBootstrap.java:80)
	at org.jackhuang.hmcl.HMCLMultiMCBootstrap.launchV1(HMCLMultiMCBootstrap.java:54)
	at org.jackhuang.hmcl.HMCLMultiMCBootstrap.main(HMCLMultiMCBootstrap.java:46)
[19:27:33] [Render thread/ERROR]: An interpreter is already registered for this: mekanism:elite_fluid_tank
java.lang.IllegalArgumentException
	at TRANSFORMER/jei@29.6.2.31/mezz.jei.library.load.registration.SubtypeRegistration.registerSubtypeInterpreter(SubtypeRegistration.java:33)
	at TRANSFORMER/jei@29.6.2.31/mezz.jei.api.registration.ISubtypeRegistration.registerSubtypeInterpreter(ISubtypeRegistration.java:45)
	at TRANSFORMER/mekanism@10.8.0/mekanism.client.recipe_viewer.jei.MekanismJEI.registerItemSubtypes(MekanismJEI.java:143)
	at TRANSFORMER/mekanism@10.8.0/mekanism.client.recipe_viewer.jei.MekanismJEI.registerItemSubtypes(MekanismJEI.java:152)
	at TRANSFORMER/jei@29.6.2.31/mezz.jei.library.load.PluginLoader.lambda$registerSubtypes$0(PluginLoader.java:72)
	at TRANSFORMER/jei@29.6.2.31/mezz.jei.library.load.PluginCaller.callOnPlugins(PluginCaller.java:26)
	at TRANSFORMER/jei@29.6.2.31/mezz.jei.library.load.PluginLoader.registerSubtypes(PluginLoader.java:72)
	at TRANSFORMER/jei@29.6.2.31/mezz.jei.library.startup.JeiStarter.start(JeiStarter.java:119)
	at TRANSFORMER/jei@29.6.2.31/mezz.jei.neoforge.startup.StartEventObserver.transitionState(StartEventObserver.java:176)
	at TRANSFORMER/jei@29.6.2.31/mezz.jei.neoforge.startup.StartEventObserver.onEvent(StartEventObserver.java:121)
	at net.neoforged.bus.ConsumerEventHandler.invoke(ConsumerEventHandler.java:27)
	at net.neoforged.bus.EventBus.post(EventBus.java:360)
	at net.neoforged.bus.EventBus.post(EventBus.java:328)
	at TRANSFORMER/neoforge@26.1.2.75/net.neoforged.neoforge.client.network.ClientPayloadHandler.handle(ClientPayloadHandler.java:187)
	at TRANSFORMER/neoforge@26.1.2.75/net.neoforged.neoforge.network.handling.MainThreadPayloadHandler.lambda$handle$0(MainThreadPayloadHandler.java:16)
	at java.base/java.util.concurrent.CompletableFuture$AsyncRun.run(CompletableFuture.java:1825)
	at TRANSFORMER/neoforge@26.1.2.75/net.neoforged.neoforge.network.handling.QueuedPacket$CustomPayload.handle(QueuedPacket.java:17)
	at TRANSFORMER/minecraft@26.1.2/net.minecraft.network.PacketProcessor.processQueuedPackets(PacketProcessor.java:50)
	at TRANSFORMER/minecraft@26.1.2/net.minecraft.client.Minecraft.runTick(Minecraft.java:1291)
	at TRANSFORMER/minecraft@26.1.2/net.minecraft.client.Minecraft.run(Minecraft.java:937)
	at TRANSFORMER/minecraft@26.1.2/net.minecraft.client.main.Main.main(Main.java:246)
	at net.neoforged.fml.startup.Client.main(Client.java:19)
	at java.base/jdk.internal.reflect.DirectMethodHandleAccessor.invoke(DirectMethodHandleAccessor.java:104)
	at java.base/java.lang.reflect.Method.invoke(Method.java:565)
	at io.github.zekerzhayard.forgewrapper.installer.Main.main(Main.java:67)
	at java.base/jdk.internal.reflect.DirectMethodHandleAccessor.invoke(DirectMethodHandleAccessor.java:104)
	at java.base/java.lang.reflect.Method.invoke(Method.java:565)
	at org.jackhuang.hmcl.HMCLMultiMCBootstrap.launch(HMCLMultiMCBootstrap.java:80)
	at org.jackhuang.hmcl.HMCLMultiMCBootstrap.launchV1(HMCLMultiMCBootstrap.java:54)
	at org.jackhuang.hmcl.HMCLMultiMCBootstrap.main(HMCLMultiMCBootstrap.java:46)
[19:27:33] [Render thread/ERROR]: An interpreter is already registered for this: mekanism:ultimate_fluid_tank
java.lang.IllegalArgumentException
	at TRANSFORMER/jei@29.6.2.31/mezz.jei.library.load.registration.SubtypeRegistration.registerSubtypeInterpreter(SubtypeRegistration.java:33)
	at TRANSFORMER/jei@29.6.2.31/mezz.jei.api.registration.ISubtypeRegistration.registerSubtypeInterpreter(ISubtypeRegistration.java:45)
	at TRANSFORMER/mekanism@10.8.0/mekanism.client.recipe_viewer.jei.MekanismJEI.registerItemSubtypes(MekanismJEI.java:143)
	at TRANSFORMER/mekanism@10.8.0/mekanism.client.recipe_viewer.jei.MekanismJEI.registerItemSubtypes(MekanismJEI.java:152)
	at TRANSFORMER/jei@29.6.2.31/mezz.jei.library.load.PluginLoader.lambda$registerSubtypes$0(PluginLoader.java:72)
	at TRANSFORMER/jei@29.6.2.31/mezz.jei.library.load.PluginCaller.callOnPlugins(PluginCaller.java:26)
	at TRANSFORMER/jei@29.6.2.31/mezz.jei.library.load.PluginLoader.registerSubtypes(PluginLoader.java:72)
	at TRANSFORMER/jei@29.6.2.31/mezz.jei.library.startup.JeiStarter.start(JeiStarter.java:119)
	at TRANSFORMER/jei@29.6.2.31/mezz.jei.neoforge.startup.StartEventObserver.transitionState(StartEventObserver.java:176)
	at TRANSFORMER/jei@29.6.2.31/mezz.jei.neoforge.startup.StartEventObserver.onEvent(StartEventObserver.java:121)
	at net.neoforged.bus.ConsumerEventHandler.invoke(ConsumerEventHandler.java:27)
	at net.neoforged.bus.EventBus.post(EventBus.java:360)
	at net.neoforged.bus.EventBus.post(EventBus.java:328)
	at TRANSFORMER/neoforge@26.1.2.75/net.neoforged.neoforge.client.network.ClientPayloadHandler.handle(ClientPayloadHandler.java:187)
	at TRANSFORMER/neoforge@26.1.2.75/net.neoforged.neoforge.network.handling.MainThreadPayloadHandler.lambda$handle$0(MainThreadPayloadHandler.java:16)
	at java.base/java.util.concurrent.CompletableFuture$AsyncRun.run(CompletableFuture.java:1825)
	at TRANSFORMER/neoforge@26.1.2.75/net.neoforged.neoforge.network.handling.QueuedPacket$CustomPayload.handle(QueuedPacket.java:17)
	at TRANSFORMER/minecraft@26.1.2/net.minecraft.network.PacketProcessor.processQueuedPackets(PacketProcessor.java:50)
	at TRANSFORMER/minecraft@26.1.2/net.minecraft.client.Minecraft.runTick(Minecraft.java:1291)
	at TRANSFORMER/minecraft@26.1.2/net.minecraft.client.Minecraft.run(Minecraft.java:937)
	at TRANSFORMER/minecraft@26.1.2/net.minecraft.client.main.Main.main(Main.java:246)
	at net.neoforged.fml.startup.Client.main(Client.java:19)
	at java.base/jdk.internal.reflect.DirectMethodHandleAccessor.invoke(DirectMethodHandleAccessor.java:104)
	at java.base/java.lang.reflect.Method.invoke(Method.java:565)
	at io.github.zekerzhayard.forgewrapper.installer.Main.main(Main.java:67)
	at java.base/jdk.internal.reflect.DirectMethodHandleAccessor.invoke(DirectMethodHandleAccessor.java:104)
	at java.base/java.lang.reflect.Method.invoke(Method.java:565)
	at org.jackhuang.hmcl.HMCLMultiMCBootstrap.launch(HMCLMultiMCBootstrap.java:80)
	at org.jackhuang.hmcl.HMCLMultiMCBootstrap.launchV1(HMCLMultiMCBootstrap.java:54)
	at org.jackhuang.hmcl.HMCLMultiMCBootstrap.main(HMCLMultiMCBootstrap.java:46)
[19:27:33] [Render thread/ERROR]: An interpreter is already registered for this: mekanism:creative_fluid_tank
java.lang.IllegalArgumentException
	at TRANSFORMER/jei@29.6.2.31/mezz.jei.library.load.registration.SubtypeRegistration.registerSubtypeInterpreter(SubtypeRegistration.java:33)
	at TRANSFORMER/jei@29.6.2.31/mezz.jei.api.registration.ISubtypeRegistration.registerSubtypeInterpreter(ISubtypeRegistration.java:45)
	at TRANSFORMER/mekanism@10.8.0/mekanism.client.recipe_viewer.jei.MekanismJEI.registerItemSubtypes(MekanismJEI.java:143)
	at TRANSFORMER/mekanism@10.8.0/mekanism.client.recipe_viewer.jei.MekanismJEI.registerItemSubtypes(MekanismJEI.java:152)
	at TRANSFORMER/jei@29.6.2.31/mezz.jei.library.load.PluginLoader.lambda$registerSubtypes$0(PluginLoader.java:72)
	at TRANSFORMER/jei@29.6.2.31/mezz.jei.library.load.PluginCaller.callOnPlugins(PluginCaller.java:26)
	at TRANSFORMER/jei@29.6.2.31/mezz.jei.library.load.PluginLoader.registerSubtypes(PluginLoader.java:72)
	at TRANSFORMER/jei@29.6.2.31/mezz.jei.library.startup.JeiStarter.start(JeiStarter.java:119)
	at TRANSFORMER/jei@29.6.2.31/mezz.jei.neoforge.startup.StartEventObserver.transitionState(StartEventObserver.java:176)
	at TRANSFORMER/jei@29.6.2.31/mezz.jei.neoforge.startup.StartEventObserver.onEvent(StartEventObserver.java:121)
	at net.neoforged.bus.ConsumerEventHandler.invoke(ConsumerEventHandler.java:27)
	at net.neoforged.bus.EventBus.post(EventBus.java:360)
	at net.neoforged.bus.EventBus.post(EventBus.java:328)
	at TRANSFORMER/neoforge@26.1.2.75/net.neoforged.neoforge.client.network.ClientPayloadHandler.handle(ClientPayloadHandler.java:187)
	at TRANSFORMER/neoforge@26.1.2.75/net.neoforged.neoforge.network.handling.MainThreadPayloadHandler.lambda$handle$0(MainThreadPayloadHandler.java:16)
	at java.base/java.util.concurrent.CompletableFuture$AsyncRun.run(CompletableFuture.java:1825)
	at TRANSFORMER/neoforge@26.1.2.75/net.neoforged.neoforge.network.handling.QueuedPacket$CustomPayload.handle(QueuedPacket.java:17)
	at TRANSFORMER/minecraft@26.1.2/net.minecraft.network.PacketProcessor.processQueuedPackets(PacketProcessor.java:50)
	at TRANSFORMER/minecraft@26.1.2/net.minecraft.client.Minecraft.runTick(Minecraft.java:1291)
	at TRANSFORMER/minecraft@26.1.2/net.minecraft.client.Minecraft.run(Minecraft.java:937)
	at TRANSFORMER/minecraft@26.1.2/net.minecraft.client.main.Main.main(Main.java:246)
	at net.neoforged.fml.startup.Client.main(Client.java:19)
	at java.base/jdk.internal.reflect.DirectMethodHandleAccessor.invoke(DirectMethodHandleAccessor.java:104)
	at java.base/java.lang.reflect.Method.invoke(Method.java:565)
	at io.github.zekerzhayard.forgewrapper.installer.Main.main(Main.java:67)
	at java.base/jdk.internal.reflect.DirectMethodHandleAccessor.invoke(DirectMethodHandleAccessor.java:104)
	at java.base/java.lang.reflect.Method.invoke(Method.java:565)
	at org.jackhuang.hmcl.HMCLMultiMCBootstrap.launch(HMCLMultiMCBootstrap.java:80)
	at org.jackhuang.hmcl.HMCLMultiMCBootstrap.launchV1(HMCLMultiMCBootstrap.java:54)
	at org.jackhuang.hmcl.HMCLMultiMCBootstrap.main(HMCLMultiMCBootstrap.java:46)
[19:27:33] [Render thread/ERROR]: An interpreter is already registered for this: mekanism:fluidic_plenisher
java.lang.IllegalArgumentException
	at TRANSFORMER/jei@29.6.2.31/mezz.jei.library.load.registration.SubtypeRegistration.registerSubtypeInterpreter(SubtypeRegistration.java:33)
	at TRANSFORMER/jei@29.6.2.31/mezz.jei.api.registration.ISubtypeRegistration.registerSubtypeInterpreter(ISubtypeRegistration.java:45)
	at TRANSFORMER/mekanism@10.8.0/mekanism.client.recipe_viewer.jei.MekanismJEI.registerItemSubtypes(MekanismJEI.java:143)
	at TRANSFORMER/mekanism@10.8.0/mekanism.client.recipe_viewer.jei.MekanismJEI.registerItemSubtypes(MekanismJEI.java:152)
	at TRANSFORMER/jei@29.6.2.31/mezz.jei.library.load.PluginLoader.lambda$registerSubtypes$0(PluginLoader.java:72)
	at TRANSFORMER/jei@29.6.2.31/mezz.jei.library.load.PluginCaller.callOnPlugins(PluginCaller.java:26)
	at TRANSFORMER/jei@29.6.2.31/mezz.jei.library.load.PluginLoader.registerSubtypes(PluginLoader.java:72)
	at TRANSFORMER/jei@29.6.2.31/mezz.jei.library.startup.JeiStarter.start(JeiStarter.java:119)
	at TRANSFORMER/jei@29.6.2.31/mezz.jei.neoforge.startup.StartEventObserver.transitionState(StartEventObserver.java:176)
	at TRANSFORMER/jei@29.6.2.31/mezz.jei.neoforge.startup.StartEventObserver.onEvent(StartEventObserver.java:121)
	at net.neoforged.bus.ConsumerEventHandler.invoke(ConsumerEventHandler.java:27)
	at net.neoforged.bus.EventBus.post(EventBus.java:360)
	at net.neoforged.bus.EventBus.post(EventBus.java:328)
	at TRANSFORMER/neoforge@26.1.2.75/net.neoforged.neoforge.client.network.ClientPayloadHandler.handle(ClientPayloadHandler.java:187)
	at TRANSFORMER/neoforge@26.1.2.75/net.neoforged.neoforge.network.handling.MainThreadPayloadHandler.lambda$handle$0(MainThreadPayloadHandler.java:16)
	at java.base/java.util.concurrent.CompletableFuture$AsyncRun.run(CompletableFuture.java:1825)
	at TRANSFORMER/neoforge@26.1.2.75/net.neoforged.neoforge.network.handling.QueuedPacket$CustomPayload.handle(QueuedPacket.java:17)
	at TRANSFORMER/minecraft@26.1.2/net.minecraft.network.PacketProcessor.processQueuedPackets(PacketProcessor.java:50)
	at TRANSFORMER/minecraft@26.1.2/net.minecraft.client.Minecraft.runTick(Minecraft.java:1291)
	at TRANSFORMER/minecraft@26.1.2/net.minecraft.client.Minecraft.run(Minecraft.java:937)
	at TRANSFORMER/minecraft@26.1.2/net.minecraft.client.main.Main.main(Main.java:246)
	at net.neoforged.fml.startup.Client.main(Client.java:19)
	at java.base/jdk.internal.reflect.DirectMethodHandleAccessor.invoke(DirectMethodHandleAccessor.java:104)
	at java.base/java.lang.reflect.Method.invoke(Method.java:565)
	at io.github.zekerzhayard.forgewrapper.installer.Main.main(Main.java:67)
	at java.base/jdk.internal.reflect.DirectMethodHandleAccessor.invoke(DirectMethodHandleAccessor.java:104)
	at java.base/java.lang.reflect.Method.invoke(Method.java:565)
	at org.jackhuang.hmcl.HMCLMultiMCBootstrap.launch(HMCLMultiMCBootstrap.java:80)
	at org.jackhuang.hmcl.HMCLMultiMCBootstrap.launchV1(HMCLMultiMCBootstrap.java:54)
	at org.jackhuang.hmcl.HMCLMultiMCBootstrap.main(HMCLMultiMCBootstrap.java:46)
[19:27:33] [Render thread/ERROR]: An interpreter is already registered for this: mekanism:laser
java.lang.IllegalArgumentException
	at TRANSFORMER/jei@29.6.2.31/mezz.jei.library.load.registration.SubtypeRegistration.registerSubtypeInterpreter(SubtypeRegistration.java:33)
	at TRANSFORMER/jei@29.6.2.31/mezz.jei.api.registration.ISubtypeRegistration.registerSubtypeInterpreter(ISubtypeRegistration.java:45)
	at TRANSFORMER/mekanism@10.8.0/mekanism.client.recipe_viewer.jei.MekanismJEI.registerItemSubtypes(MekanismJEI.java:143)
	at TRANSFORMER/mekanism@10.8.0/mekanism.client.recipe_viewer.jei.MekanismJEI.registerItemSubtypes(MekanismJEI.java:152)
	at TRANSFORMER/jei@29.6.2.31/mezz.jei.library.load.PluginLoader.lambda$registerSubtypes$0(PluginLoader.java:72)
	at TRANSFORMER/jei@29.6.2.31/mezz.jei.library.load.PluginCaller.callOnPlugins(PluginCaller.java:26)
	at TRANSFORMER/jei@29.6.2.31/mezz.jei.library.load.PluginLoader.registerSubtypes(PluginLoader.java:72)
	at TRANSFORMER/jei@29.6.2.31/mezz.jei.library.startup.JeiStarter.start(JeiStarter.java:119)
	at TRANSFORMER/jei@29.6.2.31/mezz.jei.neoforge.startup.StartEventObserver.transitionState(StartEventObserver.java:176)
	at TRANSFORMER/jei@29.6.2.31/mezz.jei.neoforge.startup.StartEventObserver.onEvent(StartEventObserver.java:121)
	at net.neoforged.bus.ConsumerEventHandler.invoke(ConsumerEventHandler.java:27)
	at net.neoforged.bus.EventBus.post(EventBus.java:360)
	at net.neoforged.bus.EventBus.post(EventBus.java:328)
	at TRANSFORMER/neoforge@26.1.2.75/net.neoforged.neoforge.client.network.ClientPayloadHandler.handle(ClientPayloadHandler.java:187)
	at TRANSFORMER/neoforge@26.1.2.75/net.neoforged.neoforge.network.handling.MainThreadPayloadHandler.lambda$handle$0(MainThreadPayloadHandler.java:16)
	at java.base/java.util.concurrent.CompletableFuture$AsyncRun.run(CompletableFuture.java:1825)
	at TRANSFORMER/neoforge@26.1.2.75/net.neoforged.neoforge.network.handling.QueuedPacket$CustomPayload.handle(QueuedPacket.java:17)
	at TRANSFORMER/minecraft@26.1.2/net.minecraft.network.PacketProcessor.processQueuedPackets(PacketProcessor.java:50)
	at TRANSFORMER/minecraft@26.1.2/net.minecraft.client.Minecraft.runTick(Minecraft.java:1291)
	at TRANSFORMER/minecraft@26.1.2/net.minecraft.client.Minecraft.run(Minecraft.java:937)
	at TRANSFORMER/minecraft@26.1.2/net.minecraft.client.main.Main.main(Main.java:246)
	at net.neoforged.fml.startup.Client.main(Client.java:19)
	at java.base/jdk.internal.reflect.DirectMethodHandleAccessor.invoke(DirectMethodHandleAccessor.java:104)
	at java.base/java.lang.reflect.Method.invoke(Method.java:565)
	at io.github.zekerzhayard.forgewrapper.installer.Main.main(Main.java:67)
	at java.base/jdk.internal.reflect.DirectMethodHandleAccessor.invoke(DirectMethodHandleAccessor.java:104)
	at java.base/java.lang.reflect.Method.invoke(Method.java:565)
	at org.jackhuang.hmcl.HMCLMultiMCBootstrap.launch(HMCLMultiMCBootstrap.java:80)
	at org.jackhuang.hmcl.HMCLMultiMCBootstrap.launchV1(HMCLMultiMCBootstrap.java:54)
	at org.jackhuang.hmcl.HMCLMultiMCBootstrap.main(HMCLMultiMCBootstrap.java:46)
[19:27:33] [Render thread/ERROR]: An interpreter is already registered for this: mekanism:resistive_heater
java.lang.IllegalArgumentException
	at TRANSFORMER/jei@29.6.2.31/mezz.jei.library.load.registration.SubtypeRegistration.registerSubtypeInterpreter(SubtypeRegistration.java:33)
	at TRANSFORMER/jei@29.6.2.31/mezz.jei.api.registration.ISubtypeRegistration.registerSubtypeInterpreter(ISubtypeRegistration.java:45)
	at TRANSFORMER/mekanism@10.8.0/mekanism.client.recipe_viewer.jei.MekanismJEI.registerItemSubtypes(MekanismJEI.java:143)
	at TRANSFORMER/mekanism@10.8.0/mekanism.client.recipe_viewer.jei.MekanismJEI.registerItemSubtypes(MekanismJEI.java:152)
	at TRANSFORMER/jei@29.6.2.31/mezz.jei.library.load.PluginLoader.lambda$registerSubtypes$0(PluginLoader.java:72)
	at TRANSFORMER/jei@29.6.2.31/mezz.jei.library.load.PluginCaller.callOnPlugins(PluginCaller.java:26)
	at TRANSFORMER/jei@29.6.2.31/mezz.jei.library.load.PluginLoader.registerSubtypes(PluginLoader.java:72)
	at TRANSFORMER/jei@29.6.2.31/mezz.jei.library.startup.JeiStarter.start(JeiStarter.java:119)
	at TRANSFORMER/jei@29.6.2.31/mezz.jei.neoforge.startup.StartEventObserver.transitionState(StartEventObserver.java:176)
	at TRANSFORMER/jei@29.6.2.31/mezz.jei.neoforge.startup.StartEventObserver.onEvent(StartEventObserver.java:121)
	at net.neoforged.bus.ConsumerEventHandler.invoke(ConsumerEventHandler.java:27)
	at net.neoforged.bus.EventBus.post(EventBus.java:360)
	at net.neoforged.bus.EventBus.post(EventBus.java:328)
	at TRANSFORMER/neoforge@26.1.2.75/net.neoforged.neoforge.client.network.ClientPayloadHandler.handle(ClientPayloadHandler.java:187)
	at TRANSFORMER/neoforge@26.1.2.75/net.neoforged.neoforge.network.handling.MainThreadPayloadHandler.lambda$handle$0(MainThreadPayloadHandler.java:16)
	at java.base/java.util.concurrent.CompletableFuture$AsyncRun.run(CompletableFuture.java:1825)
	at TRANSFORMER/neoforge@26.1.2.75/net.neoforged.neoforge.network.handling.QueuedPacket$CustomPayload.handle(QueuedPacket.java:17)
	at TRANSFORMER/minecraft@26.1.2/net.minecraft.network.PacketProcessor.processQueuedPackets(PacketProcessor.java:50)
	at TRANSFORMER/minecraft@26.1.2/net.minecraft.client.Minecraft.runTick(Minecraft.java:1291)
	at TRANSFORMER/minecraft@26.1.2/net.minecraft.client.Minecraft.run(Minecraft.java:937)
	at TRANSFORMER/minecraft@26.1.2/net.minecraft.client.main.Main.main(Main.java:246)
	at net.neoforged.fml.startup.Client.main(Client.java:19)
	at java.base/jdk.internal.reflect.DirectMethodHandleAccessor.invoke(DirectMethodHandleAccessor.java:104)
	at java.base/java.lang.reflect.Method.invoke(Method.java:565)
	at io.github.zekerzhayard.forgewrapper.installer.Main.main(Main.java:67)
	at java.base/jdk.internal.reflect.DirectMethodHandleAccessor.invoke(DirectMethodHandleAccessor.java:104)
	at java.base/java.lang.reflect.Method.invoke(Method.java:565)
	at org.jackhuang.hmcl.HMCLMultiMCBootstrap.launch(HMCLMultiMCBootstrap.java:80)
	at org.jackhuang.hmcl.HMCLMultiMCBootstrap.launchV1(HMCLMultiMCBootstrap.java:54)
	at org.jackhuang.hmcl.HMCLMultiMCBootstrap.main(HMCLMultiMCBootstrap.java:46)
[19:27:33] [Render thread/ERROR]: An interpreter is already registered for this: mekanism:formulaic_assemblicator
java.lang.IllegalArgumentException
	at TRANSFORMER/jei@29.6.2.31/mezz.jei.library.load.registration.SubtypeRegistration.registerSubtypeInterpreter(SubtypeRegistration.java:33)
	at TRANSFORMER/jei@29.6.2.31/mezz.jei.api.registration.ISubtypeRegistration.registerSubtypeInterpreter(ISubtypeRegistration.java:45)
	at TRANSFORMER/mekanism@10.8.0/mekanism.client.recipe_viewer.jei.MekanismJEI.registerItemSubtypes(MekanismJEI.java:143)
	at TRANSFORMER/mekanism@10.8.0/mekanism.client.recipe_viewer.jei.MekanismJEI.registerItemSubtypes(MekanismJEI.java:152)
	at TRANSFORMER/jei@29.6.2.31/mezz.jei.library.load.PluginLoader.lambda$registerSubtypes$0(PluginLoader.java:72)
	at TRANSFORMER/jei@29.6.2.31/mezz.jei.library.load.PluginCaller.callOnPlugins(PluginCaller.java:26)
	at TRANSFORMER/jei@29.6.2.31/mezz.jei.library.load.PluginLoader.registerSubtypes(PluginLoader.java:72)
	at TRANSFORMER/jei@29.6.2.31/mezz.jei.library.startup.JeiStarter.start(JeiStarter.java:119)
	at TRANSFORMER/jei@29.6.2.31/mezz.jei.neoforge.startup.StartEventObserver.transitionState(StartEventObserver.java:176)
	at TRANSFORMER/jei@29.6.2.31/mezz.jei.neoforge.startup.StartEventObserver.onEvent(StartEventObserver.java:121)
	at net.neoforged.bus.ConsumerEventHandler.invoke(ConsumerEventHandler.java:27)
	at net.neoforged.bus.EventBus.post(EventBus.java:360)
	at net.neoforged.bus.EventBus.post(EventBus.java:328)
	at TRANSFORMER/neoforge@26.1.2.75/net.neoforged.neoforge.client.network.ClientPayloadHandler.handle(ClientPayloadHandler.java:187)
	at TRANSFORMER/neoforge@26.1.2.75/net.neoforged.neoforge.network.handling.MainThreadPayloadHandler.lambda$handle$0(MainThreadPayloadHandler.java:16)
	at java.base/java.util.concurrent.CompletableFuture$AsyncRun.run(CompletableFuture.java:1825)
	at TRANSFORMER/neoforge@26.1.2.75/net.neoforged.neoforge.network.handling.QueuedPacket$CustomPayload.handle(QueuedPacket.java:17)
	at TRANSFORMER/minecraft@26.1.2/net.minecraft.network.PacketProcessor.processQueuedPackets(PacketProcessor.java:50)
	at TRANSFORMER/minecraft@26.1.2/net.minecraft.client.Minecraft.runTick(Minecraft.java:1291)
	at TRANSFORMER/minecraft@26.1.2/net.minecraft.client.Minecraft.run(Minecraft.java:937)
	at TRANSFORMER/minecraft@26.1.2/net.minecraft.client.main.Main.main(Main.java:246)
	at net.neoforged.fml.startup.Client.main(Client.java:19)
	at java.base/jdk.internal.reflect.DirectMethodHandleAccessor.invoke(DirectMethodHandleAccessor.java:104)
	at java.base/java.lang.reflect.Method.invoke(Method.java:565)
	at io.github.zekerzhayard.forgewrapper.installer.Main.main(Main.java:67)
	at java.base/jdk.internal.reflect.DirectMethodHandleAccessor.invoke(DirectMethodHandleAccessor.java:104)
	at java.base/java.lang.reflect.Method.invoke(Method.java:565)
	at org.jackhuang.hmcl.HMCLMultiMCBootstrap.launch(HMCLMultiMCBootstrap.java:80)
	at org.jackhuang.hmcl.HMCLMultiMCBootstrap.launchV1(HMCLMultiMCBootstrap.java:54)
	at org.jackhuang.hmcl.HMCLMultiMCBootstrap.main(HMCLMultiMCBootstrap.java:46)
[19:27:33] [Render thread/ERROR]: An interpreter is already registered for this: mekanism:modification_station
java.lang.IllegalArgumentException
	at TRANSFORMER/jei@29.6.2.31/mezz.jei.library.load.registration.SubtypeRegistration.registerSubtypeInterpreter(SubtypeRegistration.java:33)
	at TRANSFORMER/jei@29.6.2.31/mezz.jei.api.registration.ISubtypeRegistration.registerSubtypeInterpreter(ISubtypeRegistration.java:45)
	at TRANSFORMER/mekanism@10.8.0/mekanism.client.recipe_viewer.jei.MekanismJEI.registerItemSubtypes(MekanismJEI.java:143)
	at TRANSFORMER/mekanism@10.8.0/mekanism.client.recipe_viewer.jei.MekanismJEI.registerItemSubtypes(MekanismJEI.java:152)
	at TRANSFORMER/jei@29.6.2.31/mezz.jei.library.load.PluginLoader.lambda$registerSubtypes$0(PluginLoader.java:72)
	at TRANSFORMER/jei@29.6.2.31/mezz.jei.library.load.PluginCaller.callOnPlugins(PluginCaller.java:26)
	at TRANSFORMER/jei@29.6.2.31/mezz.jei.library.load.PluginLoader.registerSubtypes(PluginLoader.java:72)
	at TRANSFORMER/jei@29.6.2.31/mezz.jei.library.startup.JeiStarter.start(JeiStarter.java:119)
	at TRANSFORMER/jei@29.6.2.31/mezz.jei.neoforge.startup.StartEventObserver.transitionState(StartEventObserver.java:176)
	at TRANSFORMER/jei@29.6.2.31/mezz.jei.neoforge.startup.StartEventObserver.onEvent(StartEventObserver.java:121)
	at net.neoforged.bus.ConsumerEventHandler.invoke(ConsumerEventHandler.java:27)
	at net.neoforged.bus.EventBus.post(EventBus.java:360)
	at net.neoforged.bus.EventBus.post(EventBus.java:328)
	at TRANSFORMER/neoforge@26.1.2.75/net.neoforged.neoforge.client.network.ClientPayloadHandler.handle(ClientPayloadHandler.java:187)
	at TRANSFORMER/neoforge@26.1.2.75/net.neoforged.neoforge.network.handling.MainThreadPayloadHandler.lambda$handle$0(MainThreadPayloadHandler.java:16)
	at java.base/java.util.concurrent.CompletableFuture$AsyncRun.run(CompletableFuture.java:1825)
	at TRANSFORMER/neoforge@26.1.2.75/net.neoforged.neoforge.network.handling.QueuedPacket$CustomPayload.handle(QueuedPacket.java:17)
	at TRANSFORMER/minecraft@26.1.2/net.minecraft.network.PacketProcessor.processQueuedPackets(PacketProcessor.java:50)
	at TRANSFORMER/minecraft@26.1.2/net.minecraft.client.Minecraft.runTick(Minecraft.java:1291)
	at TRANSFORMER/minecraft@26.1.2/net.minecraft.client.Minecraft.run(Minecraft.java:937)
	at TRANSFORMER/minecraft@26.1.2/net.minecraft.client.main.Main.main(Main.java:246)
	at net.neoforged.fml.startup.Client.main(Client.java:19)
	at java.base/jdk.internal.reflect.DirectMethodHandleAccessor.invoke(DirectMethodHandleAccessor.java:104)
	at java.base/java.lang.reflect.Method.invoke(Method.java:565)
	at io.github.zekerzhayard.forgewrapper.installer.Main.main(Main.java:67)
	at java.base/jdk.internal.reflect.DirectMethodHandleAccessor.invoke(DirectMethodHandleAccessor.java:104)
	at java.base/java.lang.reflect.Method.invoke(Method.java:565)
	at org.jackhuang.hmcl.HMCLMultiMCBootstrap.launch(HMCLMultiMCBootstrap.java:80)
	at org.jackhuang.hmcl.HMCLMultiMCBootstrap.launchV1(HMCLMultiMCBootstrap.java:54)
	at org.jackhuang.hmcl.HMCLMultiMCBootstrap.main(HMCLMultiMCBootstrap.java:46)
[19:27:33] [Render thread/ERROR]: An interpreter is already registered for this: mekanism:antiprotonic_nucleosynthesizer
java.lang.IllegalArgumentException
	at TRANSFORMER/jei@29.6.2.31/mezz.jei.library.load.registration.SubtypeRegistration.registerSubtypeInterpreter(SubtypeRegistration.java:33)
	at TRANSFORMER/jei@29.6.2.31/mezz.jei.api.registration.ISubtypeRegistration.registerSubtypeInterpreter(ISubtypeRegistration.java:45)
	at TRANSFORMER/mekanism@10.8.0/mekanism.client.recipe_viewer.jei.MekanismJEI.registerItemSubtypes(MekanismJEI.java:143)
	at TRANSFORMER/mekanism@10.8.0/mekanism.client.recipe_viewer.jei.MekanismJEI.registerItemSubtypes(MekanismJEI.java:152)
	at TRANSFORMER/jei@29.6.2.31/mezz.jei.library.load.PluginLoader.lambda$registerSubtypes$0(PluginLoader.java:72)
	at TRANSFORMER/jei@29.6.2.31/mezz.jei.library.load.PluginCaller.callOnPlugins(PluginCaller.java:26)
	at TRANSFORMER/jei@29.6.2.31/mezz.jei.library.load.PluginLoader.registerSubtypes(PluginLoader.java:72)
	at TRANSFORMER/jei@29.6.2.31/mezz.jei.library.startup.JeiStarter.start(JeiStarter.java:119)
	at TRANSFORMER/jei@29.6.2.31/mezz.jei.neoforge.startup.StartEventObserver.transitionState(StartEventObserver.java:176)
	at TRANSFORMER/jei@29.6.2.31/mezz.jei.neoforge.startup.StartEventObserver.onEvent(StartEventObserver.java:121)
	at net.neoforged.bus.ConsumerEventHandler.invoke(ConsumerEventHandler.java:27)
	at net.neoforged.bus.EventBus.post(EventBus.java:360)
	at net.neoforged.bus.EventBus.post(EventBus.java:328)
	at TRANSFORMER/neoforge@26.1.2.75/net.neoforged.neoforge.client.network.ClientPayloadHandler.handle(ClientPayloadHandler.java:187)
	at TRANSFORMER/neoforge@26.1.2.75/net.neoforged.neoforge.network.handling.MainThreadPayloadHandler.lambda$handle$0(MainThreadPayloadHandler.java:16)
	at java.base/java.util.concurrent.CompletableFuture$AsyncRun.run(CompletableFuture.java:1825)
	at TRANSFORMER/neoforge@26.1.2.75/net.neoforged.neoforge.network.handling.QueuedPacket$CustomPayload.handle(QueuedPacket.java:17)
	at TRANSFORMER/minecraft@26.1.2/net.minecraft.network.PacketProcessor.processQueuedPackets(PacketProcessor.java:50)
	at TRANSFORMER/minecraft@26.1.2/net.minecraft.client.Minecraft.runTick(Minecraft.java:1291)
	at TRANSFORMER/minecraft@26.1.2/net.minecraft.client.Minecraft.run(Minecraft.java:937)
	at TRANSFORMER/minecraft@26.1.2/net.minecraft.client.main.Main.main(Main.java:246)
	at net.neoforged.fml.startup.Client.main(Client.java:19)
	at java.base/jdk.internal.reflect.DirectMethodHandleAccessor.invoke(DirectMethodHandleAccessor.java:104)
	at java.base/java.lang.reflect.Method.invoke(Method.java:565)
	at io.github.zekerzhayard.forgewrapper.installer.Main.main(Main.java:67)
	at java.base/jdk.internal.reflect.DirectMethodHandleAccessor.invoke(DirectMethodHandleAccessor.java:104)
	at java.base/java.lang.reflect.Method.invoke(Method.java:565)
	at org.jackhuang.hmcl.HMCLMultiMCBootstrap.launch(HMCLMultiMCBootstrap.java:80)
	at org.jackhuang.hmcl.HMCLMultiMCBootstrap.launchV1(HMCLMultiMCBootstrap.java:54)
	at org.jackhuang.hmcl.HMCLMultiMCBootstrap.main(HMCLMultiMCBootstrap.java:46)
[19:27:33] [Render thread/ERROR]: An interpreter is already registered for this: mekanism:pigment_extractor
java.lang.IllegalArgumentException
	at TRANSFORMER/jei@29.6.2.31/mezz.jei.library.load.registration.SubtypeRegistration.registerSubtypeInterpreter(SubtypeRegistration.java:33)
	at TRANSFORMER/jei@29.6.2.31/mezz.jei.api.registration.ISubtypeRegistration.registerSubtypeInterpreter(ISubtypeRegistration.java:45)
	at TRANSFORMER/mekanism@10.8.0/mekanism.client.recipe_viewer.jei.MekanismJEI.registerItemSubtypes(MekanismJEI.java:143)
	at TRANSFORMER/mekanism@10.8.0/mekanism.client.recipe_viewer.jei.MekanismJEI.registerItemSubtypes(MekanismJEI.java:152)
	at TRANSFORMER/jei@29.6.2.31/mezz.jei.library.load.PluginLoader.lambda$registerSubtypes$0(PluginLoader.java:72)
	at TRANSFORMER/jei@29.6.2.31/mezz.jei.library.load.PluginCaller.callOnPlugins(PluginCaller.java:26)
	at TRANSFORMER/jei@29.6.2.31/mezz.jei.library.load.PluginLoader.registerSubtypes(PluginLoader.java:72)
	at TRANSFORMER/jei@29.6.2.31/mezz.jei.library.startup.JeiStarter.start(JeiStarter.java:119)
	at TRANSFORMER/jei@29.6.2.31/mezz.jei.neoforge.startup.StartEventObserver.transitionState(StartEventObserver.java:176)
	at TRANSFORMER/jei@29.6.2.31/mezz.jei.neoforge.startup.StartEventObserver.onEvent(StartEventObserver.java:121)
	at net.neoforged.bus.ConsumerEventHandler.invoke(ConsumerEventHandler.java:27)
	at net.neoforged.bus.EventBus.post(EventBus.java:360)
	at net.neoforged.bus.EventBus.post(EventBus.java:328)
	at TRANSFORMER/neoforge@26.1.2.75/net.neoforged.neoforge.client.network.ClientPayloadHandler.handle(ClientPayloadHandler.java:187)
	at TRANSFORMER/neoforge@26.1.2.75/net.neoforged.neoforge.network.handling.MainThreadPayloadHandler.lambda$handle$0(MainThreadPayloadHandler.java:16)
	at java.base/java.util.concurrent.CompletableFuture$AsyncRun.run(CompletableFuture.java:1825)
	at TRANSFORMER/neoforge@26.1.2.75/net.neoforged.neoforge.network.handling.QueuedPacket$CustomPayload.handle(QueuedPacket.java:17)
	at TRANSFORMER/minecraft@26.1.2/net.minecraft.network.PacketProcessor.processQueuedPackets(PacketProcessor.java:50)
	at TRANSFORMER/minecraft@26.1.2/net.minecraft.client.Minecraft.runTick(Minecraft.java:1291)
	at TRANSFORMER/minecraft@26.1.2/net.minecraft.client.Minecraft.run(Minecraft.java:937)
	at TRANSFORMER/minecraft@26.1.2/net.minecraft.client.main.Main.main(Main.java:246)
	at net.neoforged.fml.startup.Client.main(Client.java:19)
	at java.base/jdk.internal.reflect.DirectMethodHandleAccessor.invoke(DirectMethodHandleAccessor.java:104)
	at java.base/java.lang.reflect.Method.invoke(Method.java:565)
	at io.github.zekerzhayard.forgewrapper.installer.Main.main(Main.java:67)
	at java.base/jdk.internal.reflect.DirectMethodHandleAccessor.invoke(DirectMethodHandleAccessor.java:104)
	at java.base/java.lang.reflect.Method.invoke(Method.java:565)
	at org.jackhuang.hmcl.HMCLMultiMCBootstrap.launch(HMCLMultiMCBootstrap.java:80)
	at org.jackhuang.hmcl.HMCLMultiMCBootstrap.launchV1(HMCLMultiMCBootstrap.java:54)
	at org.jackhuang.hmcl.HMCLMultiMCBootstrap.main(HMCLMultiMCBootstrap.java:46)
[19:27:33] [Render thread/ERROR]: An interpreter is already registered for this: mekanism:pigment_mixer
java.lang.IllegalArgumentException
	at TRANSFORMER/jei@29.6.2.31/mezz.jei.library.load.registration.SubtypeRegistration.registerSubtypeInterpreter(SubtypeRegistration.java:33)
	at TRANSFORMER/jei@29.6.2.31/mezz.jei.api.registration.ISubtypeRegistration.registerSubtypeInterpreter(ISubtypeRegistration.java:45)
	at TRANSFORMER/mekanism@10.8.0/mekanism.client.recipe_viewer.jei.MekanismJEI.registerItemSubtypes(MekanismJEI.java:143)
	at TRANSFORMER/mekanism@10.8.0/mekanism.client.recipe_viewer.jei.MekanismJEI.registerItemSubtypes(MekanismJEI.java:152)
	at TRANSFORMER/jei@29.6.2.31/mezz.jei.library.load.PluginLoader.lambda$registerSubtypes$0(PluginLoader.java:72)
	at TRANSFORMER/jei@29.6.2.31/mezz.jei.library.load.PluginCaller.callOnPlugins(PluginCaller.java:26)
	at TRANSFORMER/jei@29.6.2.31/mezz.jei.library.load.PluginLoader.registerSubtypes(PluginLoader.java:72)
	at TRANSFORMER/jei@29.6.2.31/mezz.jei.library.startup.JeiStarter.start(JeiStarter.java:119)
	at TRANSFORMER/jei@29.6.2.31/mezz.jei.neoforge.startup.StartEventObserver.transitionState(StartEventObserver.java:176)
	at TRANSFORMER/jei@29.6.2.31/mezz.jei.neoforge.startup.StartEventObserver.onEvent(StartEventObserver.java:121)
	at net.neoforged.bus.ConsumerEventHandler.invoke(ConsumerEventHandler.java:27)
	at net.neoforged.bus.EventBus.post(EventBus.java:360)
	at net.neoforged.bus.EventBus.post(EventBus.java:328)
	at TRANSFORMER/neoforge@26.1.2.75/net.neoforged.neoforge.client.network.ClientPayloadHandler.handle(ClientPayloadHandler.java:187)
	at TRANSFORMER/neoforge@26.1.2.75/net.neoforged.neoforge.network.handling.MainThreadPayloadHandler.lambda$handle$0(MainThreadPayloadHandler.java:16)
	at java.base/java.util.concurrent.CompletableFuture$AsyncRun.run(CompletableFuture.java:1825)
	at TRANSFORMER/neoforge@26.1.2.75/net.neoforged.neoforge.network.handling.QueuedPacket$CustomPayload.handle(QueuedPacket.java:17)
	at TRANSFORMER/minecraft@26.1.2/net.minecraft.network.PacketProcessor.processQueuedPackets(PacketProcessor.java:50)
	at TRANSFORMER/minecraft@26.1.2/net.minecraft.client.Minecraft.runTick(Minecraft.java:1291)
	at TRANSFORMER/minecraft@26.1.2/net.minecraft.client.Minecraft.run(Minecraft.java:937)
	at TRANSFORMER/minecraft@26.1.2/net.minecraft.client.main.Main.main(Main.java:246)
	at net.neoforged.fml.startup.Client.main(Client.java:19)
	at java.base/jdk.internal.reflect.DirectMethodHandleAccessor.invoke(DirectMethodHandleAccessor.java:104)
	at java.base/java.lang.reflect.Method.invoke(Method.java:565)
	at io.github.zekerzhayard.forgewrapper.installer.Main.main(Main.java:67)
	at java.base/jdk.internal.reflect.DirectMethodHandleAccessor.invoke(DirectMethodHandleAccessor.java:104)
	at java.base/java.lang.reflect.Method.invoke(Method.java:565)
	at org.jackhuang.hmcl.HMCLMultiMCBootstrap.launch(HMCLMultiMCBootstrap.java:80)
	at org.jackhuang.hmcl.HMCLMultiMCBootstrap.launchV1(HMCLMultiMCBootstrap.java:54)
	at org.jackhuang.hmcl.HMCLMultiMCBootstrap.main(HMCLMultiMCBootstrap.java:46)
[19:27:33] [Render thread/ERROR]: An interpreter is already registered for this: mekanism:painting_machine
java.lang.IllegalArgumentException
	at TRANSFORMER/jei@29.6.2.31/mezz.jei.library.load.registration.SubtypeRegistration.registerSubtypeInterpreter(SubtypeRegistration.java:33)
	at TRANSFORMER/jei@29.6.2.31/mezz.jei.api.registration.ISubtypeRegistration.registerSubtypeInterpreter(ISubtypeRegistration.java:45)
	at TRANSFORMER/mekanism@10.8.0/mekanism.client.recipe_viewer.jei.MekanismJEI.registerItemSubtypes(MekanismJEI.java:143)
	at TRANSFORMER/mekanism@10.8.0/mekanism.client.recipe_viewer.jei.MekanismJEI.registerItemSubtypes(MekanismJEI.java:152)
	at TRANSFORMER/jei@29.6.2.31/mezz.jei.library.load.PluginLoader.lambda$registerSubtypes$0(PluginLoader.java:72)
	at TRANSFORMER/jei@29.6.2.31/mezz.jei.library.load.PluginCaller.callOnPlugins(PluginCaller.java:26)
	at TRANSFORMER/jei@29.6.2.31/mezz.jei.library.load.PluginLoader.registerSubtypes(PluginLoader.java:72)
	at TRANSFORMER/jei@29.6.2.31/mezz.jei.library.startup.JeiStarter.start(JeiStarter.java:119)
	at TRANSFORMER/jei@29.6.2.31/mezz.jei.neoforge.startup.StartEventObserver.transitionState(StartEventObserver.java:176)
	at TRANSFORMER/jei@29.6.2.31/mezz.jei.neoforge.startup.StartEventObserver.onEvent(StartEventObserver.java:121)
	at net.neoforged.bus.ConsumerEventHandler.invoke(ConsumerEventHandler.java:27)
	at net.neoforged.bus.EventBus.post(EventBus.java:360)
	at net.neoforged.bus.EventBus.post(EventBus.java:328)
	at TRANSFORMER/neoforge@26.1.2.75/net.neoforged.neoforge.client.network.ClientPayloadHandler.handle(ClientPayloadHandler.java:187)
	at TRANSFORMER/neoforge@26.1.2.75/net.neoforged.neoforge.network.handling.MainThreadPayloadHandler.lambda$handle$0(MainThreadPayloadHandler.java:16)
	at java.base/java.util.concurrent.CompletableFuture$AsyncRun.run(CompletableFuture.java:1825)
	at TRANSFORMER/neoforge@26.1.2.75/net.neoforged.neoforge.network.handling.QueuedPacket$CustomPayload.handle(QueuedPacket.java:17)
	at TRANSFORMER/minecraft@26.1.2/net.minecraft.network.PacketProcessor.processQueuedPackets(PacketProcessor.java:50)
	at TRANSFORMER/minecraft@26.1.2/net.minecraft.client.Minecraft.runTick(Minecraft.java:1291)
	at TRANSFORMER/minecraft@26.1.2/net.minecraft.client.Minecraft.run(Minecraft.java:937)
	at TRANSFORMER/minecraft@26.1.2/net.minecraft.client.main.Main.main(Main.java:246)
	at net.neoforged.fml.startup.Client.main(Client.java:19)
	at java.base/jdk.internal.reflect.DirectMethodHandleAccessor.invoke(DirectMethodHandleAccessor.java:104)
	at java.base/java.lang.reflect.Method.invoke(Method.java:565)
	at io.github.zekerzhayard.forgewrapper.installer.Main.main(Main.java:67)
	at java.base/jdk.internal.reflect.DirectMethodHandleAccessor.invoke(DirectMethodHandleAccessor.java:104)
	at java.base/java.lang.reflect.Method.invoke(Method.java:565)
	at org.jackhuang.hmcl.HMCLMultiMCBootstrap.launch(HMCLMultiMCBootstrap.java:80)
	at org.jackhuang.hmcl.HMCLMultiMCBootstrap.launchV1(HMCLMultiMCBootstrap.java:54)
	at org.jackhuang.hmcl.HMCLMultiMCBootstrap.main(HMCLMultiMCBootstrap.java:46)
[19:27:33] [Render thread/ERROR]: An interpreter is already registered for this: mekanism:sps_port
java.lang.IllegalArgumentException
	at TRANSFORMER/jei@29.6.2.31/mezz.jei.library.load.registration.SubtypeRegistration.registerSubtypeInterpreter(SubtypeRegistration.java:33)
	at TRANSFORMER/jei@29.6.2.31/mezz.jei.api.registration.ISubtypeRegistration.registerSubtypeInterpreter(ISubtypeRegistration.java:45)
	at TRANSFORMER/mekanism@10.8.0/mekanism.client.recipe_viewer.jei.MekanismJEI.registerItemSubtypes(MekanismJEI.java:143)
	at TRANSFORMER/mekanism@10.8.0/mekanism.client.recipe_viewer.jei.MekanismJEI.registerItemSubtypes(MekanismJEI.java:152)
	at TRANSFORMER/jei@29.6.2.31/mezz.jei.library.load.PluginLoader.lambda$registerSubtypes$0(PluginLoader.java:72)
	at TRANSFORMER/jei@29.6.2.31/mezz.jei.library.load.PluginCaller.callOnPlugins(PluginCaller.java:26)
	at TRANSFORMER/jei@29.6.2.31/mezz.jei.library.load.PluginLoader.registerSubtypes(PluginLoader.java:72)
	at TRANSFORMER/jei@29.6.2.31/mezz.jei.library.startup.JeiStarter.start(JeiStarter.java:119)
	at TRANSFORMER/jei@29.6.2.31/mezz.jei.neoforge.startup.StartEventObserver.transitionState(StartEventObserver.java:176)
	at TRANSFORMER/jei@29.6.2.31/mezz.jei.neoforge.startup.StartEventObserver.onEvent(StartEventObserver.java:121)
	at net.neoforged.bus.ConsumerEventHandler.invoke(ConsumerEventHandler.java:27)
	at net.neoforged.bus.EventBus.post(EventBus.java:360)
	at net.neoforged.bus.EventBus.post(EventBus.java:328)
	at TRANSFORMER/neoforge@26.1.2.75/net.neoforged.neoforge.client.network.ClientPayloadHandler.handle(ClientPayloadHandler.java:187)
	at TRANSFORMER/neoforge@26.1.2.75/net.neoforged.neoforge.network.handling.MainThreadPayloadHandler.lambda$handle$0(MainThreadPayloadHandler.java:16)
	at java.base/java.util.concurrent.CompletableFuture$AsyncRun.run(CompletableFuture.java:1825)
	at TRANSFORMER/neoforge@26.1.2.75/net.neoforged.neoforge.network.handling.QueuedPacket$CustomPayload.handle(QueuedPacket.java:17)
	at TRANSFORMER/minecraft@26.1.2/net.minecraft.network.PacketProcessor.processQueuedPackets(PacketProcessor.java:50)
	at TRANSFORMER/minecraft@26.1.2/net.minecraft.client.Minecraft.runTick(Minecraft.java:1291)
	at TRANSFORMER/minecraft@26.1.2/net.minecraft.client.Minecraft.run(Minecraft.java:937)
	at TRANSFORMER/minecraft@26.1.2/net.minecraft.client.main.Main.main(Main.java:246)
	at net.neoforged.fml.startup.Client.main(Client.java:19)
	at java.base/jdk.internal.reflect.DirectMethodHandleAccessor.invoke(DirectMethodHandleAccessor.java:104)
	at java.base/java.lang.reflect.Method.invoke(Method.java:565)
	at io.github.zekerzhayard.forgewrapper.installer.Main.main(Main.java:67)
	at java.base/jdk.internal.reflect.DirectMethodHandleAccessor.invoke(DirectMethodHandleAccessor.java:104)
	at java.base/java.lang.reflect.Method.invoke(Method.java:565)
	at org.jackhuang.hmcl.HMCLMultiMCBootstrap.launch(HMCLMultiMCBootstrap.java:80)
	at org.jackhuang.hmcl.HMCLMultiMCBootstrap.launchV1(HMCLMultiMCBootstrap.java:54)
	at org.jackhuang.hmcl.HMCLMultiMCBootstrap.main(HMCLMultiMCBootstrap.java:46)
[19:27:33] [Render thread/ERROR]: An interpreter is already registered for this: mekanism:dimensional_stabilizer
java.lang.IllegalArgumentException
	at TRANSFORMER/jei@29.6.2.31/mezz.jei.library.load.registration.SubtypeRegistration.registerSubtypeInterpreter(SubtypeRegistration.java:33)
	at TRANSFORMER/jei@29.6.2.31/mezz.jei.api.registration.ISubtypeRegistration.registerSubtypeInterpreter(ISubtypeRegistration.java:45)
	at TRANSFORMER/mekanism@10.8.0/mekanism.client.recipe_viewer.jei.MekanismJEI.registerItemSubtypes(MekanismJEI.java:143)
	at TRANSFORMER/mekanism@10.8.0/mekanism.client.recipe_viewer.jei.MekanismJEI.registerItemSubtypes(MekanismJEI.java:152)
	at TRANSFORMER/jei@29.6.2.31/mezz.jei.library.load.PluginLoader.lambda$registerSubtypes$0(PluginLoader.java:72)
	at TRANSFORMER/jei@29.6.2.31/mezz.jei.library.load.PluginCaller.callOnPlugins(PluginCaller.java:26)
	at TRANSFORMER/jei@29.6.2.31/mezz.jei.library.load.PluginLoader.registerSubtypes(PluginLoader.java:72)
	at TRANSFORMER/jei@29.6.2.31/mezz.jei.library.startup.JeiStarter.start(JeiStarter.java:119)
	at TRANSFORMER/jei@29.6.2.31/mezz.jei.neoforge.startup.StartEventObserver.transitionState(StartEventObserver.java:176)
	at TRANSFORMER/jei@29.6.2.31/mezz.jei.neoforge.startup.StartEventObserver.onEvent(StartEventObserver.java:121)
	at net.neoforged.bus.ConsumerEventHandler.invoke(ConsumerEventHandler.java:27)
	at net.neoforged.bus.EventBus.post(EventBus.java:360)
	at net.neoforged.bus.EventBus.post(EventBus.java:328)
	at TRANSFORMER/neoforge@26.1.2.75/net.neoforged.neoforge.client.network.ClientPayloadHandler.handle(ClientPayloadHandler.java:187)
	at TRANSFORMER/neoforge@26.1.2.75/net.neoforged.neoforge.network.handling.MainThreadPayloadHandler.lambda$handle$0(MainThreadPayloadHandler.java:16)
	at java.base/java.util.concurrent.CompletableFuture$AsyncRun.run(CompletableFuture.java:1825)
	at TRANSFORMER/neoforge@26.1.2.75/net.neoforged.neoforge.network.handling.QueuedPacket$CustomPayload.handle(QueuedPacket.java:17)
	at TRANSFORMER/minecraft@26.1.2/net.minecraft.network.PacketProcessor.processQueuedPackets(PacketProcessor.java:50)
	at TRANSFORMER/minecraft@26.1.2/net.minecraft.client.Minecraft.runTick(Minecraft.java:1291)
	at TRANSFORMER/minecraft@26.1.2/net.minecraft.client.Minecraft.run(Minecraft.java:937)
	at TRANSFORMER/minecraft@26.1.2/net.minecraft.client.main.Main.main(Main.java:246)
	at net.neoforged.fml.startup.Client.main(Client.java:19)
	at java.base/jdk.internal.reflect.DirectMethodHandleAccessor.invoke(DirectMethodHandleAccessor.java:104)
	at java.base/java.lang.reflect.Method.invoke(Method.java:565)
	at io.github.zekerzhayard.forgewrapper.installer.Main.main(Main.java:67)
	at java.base/jdk.internal.reflect.DirectMethodHandleAccessor.invoke(DirectMethodHandleAccessor.java:104)
	at java.base/java.lang.reflect.Method.invoke(Method.java:565)
	at org.jackhuang.hmcl.HMCLMultiMCBootstrap.launch(HMCLMultiMCBootstrap.java:80)
	at org.jackhuang.hmcl.HMCLMultiMCBootstrap.launchV1(HMCLMultiMCBootstrap.java:54)
	at org.jackhuang.hmcl.HMCLMultiMCBootstrap.main(HMCLMultiMCBootstrap.java:46)
[19:27:33] [Render thread/ERROR]: An interpreter is already registered for this: mekanism:basic_energy_cube
java.lang.IllegalArgumentException
	at TRANSFORMER/jei@29.6.2.31/mezz.jei.library.load.registration.SubtypeRegistration.registerSubtypeInterpreter(SubtypeRegistration.java:33)
	at TRANSFORMER/jei@29.6.2.31/mezz.jei.api.registration.ISubtypeRegistration.registerSubtypeInterpreter(ISubtypeRegistration.java:45)
	at TRANSFORMER/mekanism@10.8.0/mekanism.client.recipe_viewer.jei.MekanismJEI.registerItemSubtypes(MekanismJEI.java:143)
	at TRANSFORMER/mekanism@10.8.0/mekanism.client.recipe_viewer.jei.MekanismJEI.registerItemSubtypes(MekanismJEI.java:152)
	at TRANSFORMER/jei@29.6.2.31/mezz.jei.library.load.PluginLoader.lambda$registerSubtypes$0(PluginLoader.java:72)
	at TRANSFORMER/jei@29.6.2.31/mezz.jei.library.load.PluginCaller.callOnPlugins(PluginCaller.java:26)
	at TRANSFORMER/jei@29.6.2.31/mezz.jei.library.load.PluginLoader.registerSubtypes(PluginLoader.java:72)
	at TRANSFORMER/jei@29.6.2.31/mezz.jei.library.startup.JeiStarter.start(JeiStarter.java:119)
	at TRANSFORMER/jei@29.6.2.31/mezz.jei.neoforge.startup.StartEventObserver.transitionState(StartEventObserver.java:176)
	at TRANSFORMER/jei@29.6.2.31/mezz.jei.neoforge.startup.StartEventObserver.onEvent(StartEventObserver.java:121)
	at net.neoforged.bus.ConsumerEventHandler.invoke(ConsumerEventHandler.java:27)
	at net.neoforged.bus.EventBus.post(EventBus.java:360)
	at net.neoforged.bus.EventBus.post(EventBus.java:328)
	at TRANSFORMER/neoforge@26.1.2.75/net.neoforged.neoforge.client.network.ClientPayloadHandler.handle(ClientPayloadHandler.java:187)
	at TRANSFORMER/neoforge@26.1.2.75/net.neoforged.neoforge.network.handling.MainThreadPayloadHandler.lambda$handle$0(MainThreadPayloadHandler.java:16)
	at java.base/java.util.concurrent.CompletableFuture$AsyncRun.run(CompletableFuture.java:1825)
	at TRANSFORMER/neoforge@26.1.2.75/net.neoforged.neoforge.network.handling.QueuedPacket$CustomPayload.handle(QueuedPacket.java:17)
	at TRANSFORMER/minecraft@26.1.2/net.minecraft.network.PacketProcessor.processQueuedPackets(PacketProcessor.java:50)
	at TRANSFORMER/minecraft@26.1.2/net.minecraft.client.Minecraft.runTick(Minecraft.java:1291)
	at TRANSFORMER/minecraft@26.1.2/net.minecraft.client.Minecraft.run(Minecraft.java:937)
	at TRANSFORMER/minecraft@26.1.2/net.minecraft.client.main.Main.main(Main.java:246)
	at net.neoforged.fml.startup.Client.main(Client.java:19)
	at java.base/jdk.internal.reflect.DirectMethodHandleAccessor.invoke(DirectMethodHandleAccessor.java:104)
	at java.base/java.lang.reflect.Method.invoke(Method.java:565)
	at io.github.zekerzhayard.forgewrapper.installer.Main.main(Main.java:67)
	at java.base/jdk.internal.reflect.DirectMethodHandleAccessor.invoke(DirectMethodHandleAccessor.java:104)
	at java.base/java.lang.reflect.Method.invoke(Method.java:565)
	at org.jackhuang.hmcl.HMCLMultiMCBootstrap.launch(HMCLMultiMCBootstrap.java:80)
	at org.jackhuang.hmcl.HMCLMultiMCBootstrap.launchV1(HMCLMultiMCBootstrap.java:54)
	at org.jackhuang.hmcl.HMCLMultiMCBootstrap.main(HMCLMultiMCBootstrap.java:46)
[19:27:33] [Render thread/ERROR]: An interpreter is already registered for this: mekanism:advanced_energy_cube
java.lang.IllegalArgumentException
	at TRANSFORMER/jei@29.6.2.31/mezz.jei.library.load.registration.SubtypeRegistration.registerSubtypeInterpreter(SubtypeRegistration.java:33)
	at TRANSFORMER/jei@29.6.2.31/mezz.jei.api.registration.ISubtypeRegistration.registerSubtypeInterpreter(ISubtypeRegistration.java:45)
	at TRANSFORMER/mekanism@10.8.0/mekanism.client.recipe_viewer.jei.MekanismJEI.registerItemSubtypes(MekanismJEI.java:143)
	at TRANSFORMER/mekanism@10.8.0/mekanism.client.recipe_viewer.jei.MekanismJEI.registerItemSubtypes(MekanismJEI.java:152)
	at TRANSFORMER/jei@29.6.2.31/mezz.jei.library.load.PluginLoader.lambda$registerSubtypes$0(PluginLoader.java:72)
	at TRANSFORMER/jei@29.6.2.31/mezz.jei.library.load.PluginCaller.callOnPlugins(PluginCaller.java:26)
	at TRANSFORMER/jei@29.6.2.31/mezz.jei.library.load.PluginLoader.registerSubtypes(PluginLoader.java:72)
	at TRANSFORMER/jei@29.6.2.31/mezz.jei.library.startup.JeiStarter.start(JeiStarter.java:119)
	at TRANSFORMER/jei@29.6.2.31/mezz.jei.neoforge.startup.StartEventObserver.transitionState(StartEventObserver.java:176)
	at TRANSFORMER/jei@29.6.2.31/mezz.jei.neoforge.startup.StartEventObserver.onEvent(StartEventObserver.java:121)
	at net.neoforged.bus.ConsumerEventHandler.invoke(ConsumerEventHandler.java:27)
	at net.neoforged.bus.EventBus.post(EventBus.java:360)
	at net.neoforged.bus.EventBus.post(EventBus.java:328)
	at TRANSFORMER/neoforge@26.1.2.75/net.neoforged.neoforge.client.network.ClientPayloadHandler.handle(ClientPayloadHandler.java:187)
	at TRANSFORMER/neoforge@26.1.2.75/net.neoforged.neoforge.network.handling.MainThreadPayloadHandler.lambda$handle$0(MainThreadPayloadHandler.java:16)
	at java.base/java.util.concurrent.CompletableFuture$AsyncRun.run(CompletableFuture.java:1825)
	at TRANSFORMER/neoforge@26.1.2.75/net.neoforged.neoforge.network.handling.QueuedPacket$CustomPayload.handle(QueuedPacket.java:17)
	at TRANSFORMER/minecraft@26.1.2/net.minecraft.network.PacketProcessor.processQueuedPackets(PacketProcessor.java:50)
	at TRANSFORMER/minecraft@26.1.2/net.minecraft.client.Minecraft.runTick(Minecraft.java:1291)
	at TRANSFORMER/minecraft@26.1.2/net.minecraft.client.Minecraft.run(Minecraft.java:937)
	at TRANSFORMER/minecraft@26.1.2/net.minecraft.client.main.Main.main(Main.java:246)
	at net.neoforged.fml.startup.Client.main(Client.java:19)
	at java.base/jdk.internal.reflect.DirectMethodHandleAccessor.invoke(DirectMethodHandleAccessor.java:104)
	at java.base/java.lang.reflect.Method.invoke(Method.java:565)
	at io.github.zekerzhayard.forgewrapper.installer.Main.main(Main.java:67)
	at java.base/jdk.internal.reflect.DirectMethodHandleAccessor.invoke(DirectMethodHandleAccessor.java:104)
	at java.base/java.lang.reflect.Method.invoke(Method.java:565)
	at org.jackhuang.hmcl.HMCLMultiMCBootstrap.launch(HMCLMultiMCBootstrap.java:80)
	at org.jackhuang.hmcl.HMCLMultiMCBootstrap.launchV1(HMCLMultiMCBootstrap.java:54)
	at org.jackhuang.hmcl.HMCLMultiMCBootstrap.main(HMCLMultiMCBootstrap.java:46)
[19:27:33] [Render thread/ERROR]: An interpreter is already registered for this: mekanism:elite_energy_cube
java.lang.IllegalArgumentException
	at TRANSFORMER/jei@29.6.2.31/mezz.jei.library.load.registration.SubtypeRegistration.registerSubtypeInterpreter(SubtypeRegistration.java:33)
	at TRANSFORMER/jei@29.6.2.31/mezz.jei.api.registration.ISubtypeRegistration.registerSubtypeInterpreter(ISubtypeRegistration.java:45)
	at TRANSFORMER/mekanism@10.8.0/mekanism.client.recipe_viewer.jei.MekanismJEI.registerItemSubtypes(MekanismJEI.java:143)
	at TRANSFORMER/mekanism@10.8.0/mekanism.client.recipe_viewer.jei.MekanismJEI.registerItemSubtypes(MekanismJEI.java:152)
	at TRANSFORMER/jei@29.6.2.31/mezz.jei.library.load.PluginLoader.lambda$registerSubtypes$0(PluginLoader.java:72)
	at TRANSFORMER/jei@29.6.2.31/mezz.jei.library.load.PluginCaller.callOnPlugins(PluginCaller.java:26)
	at TRANSFORMER/jei@29.6.2.31/mezz.jei.library.load.PluginLoader.registerSubtypes(PluginLoader.java:72)
	at TRANSFORMER/jei@29.6.2.31/mezz.jei.library.startup.JeiStarter.start(JeiStarter.java:119)
	at TRANSFORMER/jei@29.6.2.31/mezz.jei.neoforge.startup.StartEventObserver.transitionState(StartEventObserver.java:176)
	at TRANSFORMER/jei@29.6.2.31/mezz.jei.neoforge.startup.StartEventObserver.onEvent(StartEventObserver.java:121)
	at net.neoforged.bus.ConsumerEventHandler.invoke(ConsumerEventHandler.java:27)
	at net.neoforged.bus.EventBus.post(EventBus.java:360)
	at net.neoforged.bus.EventBus.post(EventBus.java:328)
	at TRANSFORMER/neoforge@26.1.2.75/net.neoforged.neoforge.client.network.ClientPayloadHandler.handle(ClientPayloadHandler.java:187)
	at TRANSFORMER/neoforge@26.1.2.75/net.neoforged.neoforge.network.handling.MainThreadPayloadHandler.lambda$handle$0(MainThreadPayloadHandler.java:16)
	at java.base/java.util.concurrent.CompletableFuture$AsyncRun.run(CompletableFuture.java:1825)
	at TRANSFORMER/neoforge@26.1.2.75/net.neoforged.neoforge.network.handling.QueuedPacket$CustomPayload.handle(QueuedPacket.java:17)
	at TRANSFORMER/minecraft@26.1.2/net.minecraft.network.PacketProcessor.processQueuedPackets(PacketProcessor.java:50)
	at TRANSFORMER/minecraft@26.1.2/net.minecraft.client.Minecraft.runTick(Minecraft.java:1291)
	at TRANSFORMER/minecraft@26.1.2/net.minecraft.client.Minecraft.run(Minecraft.java:937)
	at TRANSFORMER/minecraft@26.1.2/net.minecraft.client.main.Main.main(Main.java:246)
	at net.neoforged.fml.startup.Client.main(Client.java:19)
	at java.base/jdk.internal.reflect.DirectMethodHandleAccessor.invoke(DirectMethodHandleAccessor.java:104)
	at java.base/java.lang.reflect.Method.invoke(Method.java:565)
	at io.github.zekerzhayard.forgewrapper.installer.Main.main(Main.java:67)
	at java.base/jdk.internal.reflect.DirectMethodHandleAccessor.invoke(DirectMethodHandleAccessor.java:104)
	at java.base/java.lang.reflect.Method.invoke(Method.java:565)
	at org.jackhuang.hmcl.HMCLMultiMCBootstrap.launch(HMCLMultiMCBootstrap.java:80)
	at org.jackhuang.hmcl.HMCLMultiMCBootstrap.launchV1(HMCLMultiMCBootstrap.java:54)
	at org.jackhuang.hmcl.HMCLMultiMCBootstrap.main(HMCLMultiMCBootstrap.java:46)
[19:27:33] [Render thread/ERROR]: An interpreter is already registered for this: mekanism:ultimate_energy_cube
java.lang.IllegalArgumentException
	at TRANSFORMER/jei@29.6.2.31/mezz.jei.library.load.registration.SubtypeRegistration.registerSubtypeInterpreter(SubtypeRegistration.java:33)
	at TRANSFORMER/jei@29.6.2.31/mezz.jei.api.registration.ISubtypeRegistration.registerSubtypeInterpreter(ISubtypeRegistration.java:45)
	at TRANSFORMER/mekanism@10.8.0/mekanism.client.recipe_viewer.jei.MekanismJEI.registerItemSubtypes(MekanismJEI.java:143)
	at TRANSFORMER/mekanism@10.8.0/mekanism.client.recipe_viewer.jei.MekanismJEI.registerItemSubtypes(MekanismJEI.java:152)
	at TRANSFORMER/jei@29.6.2.31/mezz.jei.library.load.PluginLoader.lambda$registerSubtypes$0(PluginLoader.java:72)
	at TRANSFORMER/jei@29.6.2.31/mezz.jei.library.load.PluginCaller.callOnPlugins(PluginCaller.java:26)
	at TRANSFORMER/jei@29.6.2.31/mezz.jei.library.load.PluginLoader.registerSubtypes(PluginLoader.java:72)
	at TRANSFORMER/jei@29.6.2.31/mezz.jei.library.startup.JeiStarter.start(JeiStarter.java:119)
	at TRANSFORMER/jei@29.6.2.31/mezz.jei.neoforge.startup.StartEventObserver.transitionState(StartEventObserver.java:176)
	at TRANSFORMER/jei@29.6.2.31/mezz.jei.neoforge.startup.StartEventObserver.onEvent(StartEventObserver.java:121)
	at net.neoforged.bus.ConsumerEventHandler.invoke(ConsumerEventHandler.java:27)
	at net.neoforged.bus.EventBus.post(EventBus.java:360)
	at net.neoforged.bus.EventBus.post(EventBus.java:328)
	at TRANSFORMER/neoforge@26.1.2.75/net.neoforged.neoforge.client.network.ClientPayloadHandler.handle(ClientPayloadHandler.java:187)
	at TRANSFORMER/neoforge@26.1.2.75/net.neoforged.neoforge.network.handling.MainThreadPayloadHandler.lambda$handle$0(MainThreadPayloadHandler.java:16)
	at java.base/java.util.concurrent.CompletableFuture$AsyncRun.run(CompletableFuture.java:1825)
	at TRANSFORMER/neoforge@26.1.2.75/net.neoforged.neoforge.network.handling.QueuedPacket$CustomPayload.handle(QueuedPacket.java:17)
	at TRANSFORMER/minecraft@26.1.2/net.minecraft.network.PacketProcessor.processQueuedPackets(PacketProcessor.java:50)
	at TRANSFORMER/minecraft@26.1.2/net.minecraft.client.Minecraft.runTick(Minecraft.java:1291)
	at TRANSFORMER/minecraft@26.1.2/net.minecraft.client.Minecraft.run(Minecraft.java:937)
	at TRANSFORMER/minecraft@26.1.2/net.minecraft.client.main.Main.main(Main.java:246)
	at net.neoforged.fml.startup.Client.main(Client.java:19)
	at java.base/jdk.internal.reflect.DirectMethodHandleAccessor.invoke(DirectMethodHandleAccessor.java:104)
	at java.base/java.lang.reflect.Method.invoke(Method.java:565)
	at io.github.zekerzhayard.forgewrapper.installer.Main.main(Main.java:67)
	at java.base/jdk.internal.reflect.DirectMethodHandleAccessor.invoke(DirectMethodHandleAccessor.java:104)
	at java.base/java.lang.reflect.Method.invoke(Method.java:565)
	at org.jackhuang.hmcl.HMCLMultiMCBootstrap.launch(HMCLMultiMCBootstrap.java:80)
	at org.jackhuang.hmcl.HMCLMultiMCBootstrap.launchV1(HMCLMultiMCBootstrap.java:54)
	at org.jackhuang.hmcl.HMCLMultiMCBootstrap.main(HMCLMultiMCBootstrap.java:46)
[19:27:33] [Render thread/ERROR]: An interpreter is already registered for this: mekanism:creative_energy_cube
java.lang.IllegalArgumentException
	at TRANSFORMER/jei@29.6.2.31/mezz.jei.library.load.registration.SubtypeRegistration.registerSubtypeInterpreter(SubtypeRegistration.java:33)
	at TRANSFORMER/jei@29.6.2.31/mezz.jei.api.registration.ISubtypeRegistration.registerSubtypeInterpreter(ISubtypeRegistration.java:45)
	at TRANSFORMER/mekanism@10.8.0/mekanism.client.recipe_viewer.jei.MekanismJEI.registerItemSubtypes(MekanismJEI.java:143)
	at TRANSFORMER/mekanism@10.8.0/mekanism.client.recipe_viewer.jei.MekanismJEI.registerItemSubtypes(MekanismJEI.java:152)
	at TRANSFORMER/jei@29.6.2.31/mezz.jei.library.load.PluginLoader.lambda$registerSubtypes$0(PluginLoader.java:72)
	at TRANSFORMER/jei@29.6.2.31/mezz.jei.library.load.PluginCaller.callOnPlugins(PluginCaller.java:26)
	at TRANSFORMER/jei@29.6.2.31/mezz.jei.library.load.PluginLoader.registerSubtypes(PluginLoader.java:72)
	at TRANSFORMER/jei@29.6.2.31/mezz.jei.library.startup.JeiStarter.start(JeiStarter.java:119)
	at TRANSFORMER/jei@29.6.2.31/mezz.jei.neoforge.startup.StartEventObserver.transitionState(StartEventObserver.java:176)
	at TRANSFORMER/jei@29.6.2.31/mezz.jei.neoforge.startup.StartEventObserver.onEvent(StartEventObserver.java:121)
	at net.neoforged.bus.ConsumerEventHandler.invoke(ConsumerEventHandler.java:27)
	at net.neoforged.bus.EventBus.post(EventBus.java:360)
	at net.neoforged.bus.EventBus.post(EventBus.java:328)
	at TRANSFORMER/neoforge@26.1.2.75/net.neoforged.neoforge.client.network.ClientPayloadHandler.handle(ClientPayloadHandler.java:187)
	at TRANSFORMER/neoforge@26.1.2.75/net.neoforged.neoforge.network.handling.MainThreadPayloadHandler.lambda$handle$0(MainThreadPayloadHandler.java:16)
	at java.base/java.util.concurrent.CompletableFuture$AsyncRun.run(CompletableFuture.java:1825)
	at TRANSFORMER/neoforge@26.1.2.75/net.neoforged.neoforge.network.handling.QueuedPacket$CustomPayload.handle(QueuedPacket.java:17)
	at TRANSFORMER/minecraft@26.1.2/net.minecraft.network.PacketProcessor.processQueuedPackets(PacketProcessor.java:50)
	at TRANSFORMER/minecraft@26.1.2/net.minecraft.client.Minecraft.runTick(Minecraft.java:1291)
	at TRANSFORMER/minecraft@26.1.2/net.minecraft.client.Minecraft.run(Minecraft.java:937)
	at TRANSFORMER/minecraft@26.1.2/net.minecraft.client.main.Main.main(Main.java:246)
	at net.neoforged.fml.startup.Client.main(Client.java:19)
	at java.base/jdk.internal.reflect.DirectMethodHandleAccessor.invoke(DirectMethodHandleAccessor.java:104)
	at java.base/java.lang.reflect.Method.invoke(Method.java:565)
	at io.github.zekerzhayard.forgewrapper.installer.Main.main(Main.java:67)
	at java.base/jdk.internal.reflect.DirectMethodHandleAccessor.invoke(DirectMethodHandleAccessor.java:104)
	at java.base/java.lang.reflect.Method.invoke(Method.java:565)
	at org.jackhuang.hmcl.HMCLMultiMCBootstrap.launch(HMCLMultiMCBootstrap.java:80)
	at org.jackhuang.hmcl.HMCLMultiMCBootstrap.launchV1(HMCLMultiMCBootstrap.java:54)
	at org.jackhuang.hmcl.HMCLMultiMCBootstrap.main(HMCLMultiMCBootstrap.java:46)
[19:27:33] [Render thread/ERROR]: An interpreter is already registered for this: mekanism:basic_chemical_tank
java.lang.IllegalArgumentException
	at TRANSFORMER/jei@29.6.2.31/mezz.jei.library.load.registration.SubtypeRegistration.registerSubtypeInterpreter(SubtypeRegistration.java:33)
	at TRANSFORMER/jei@29.6.2.31/mezz.jei.api.registration.ISubtypeRegistration.registerSubtypeInterpreter(ISubtypeRegistration.java:45)
	at TRANSFORMER/mekanism@10.8.0/mekanism.client.recipe_viewer.jei.MekanismJEI.registerItemSubtypes(MekanismJEI.java:143)
	at TRANSFORMER/mekanism@10.8.0/mekanism.client.recipe_viewer.jei.MekanismJEI.registerItemSubtypes(MekanismJEI.java:152)
	at TRANSFORMER/jei@29.6.2.31/mezz.jei.library.load.PluginLoader.lambda$registerSubtypes$0(PluginLoader.java:72)
	at TRANSFORMER/jei@29.6.2.31/mezz.jei.library.load.PluginCaller.callOnPlugins(PluginCaller.java:26)
	at TRANSFORMER/jei@29.6.2.31/mezz.jei.library.load.PluginLoader.registerSubtypes(PluginLoader.java:72)
	at TRANSFORMER/jei@29.6.2.31/mezz.jei.library.startup.JeiStarter.start(JeiStarter.java:119)
	at TRANSFORMER/jei@29.6.2.31/mezz.jei.neoforge.startup.StartEventObserver.transitionState(StartEventObserver.java:176)
	at TRANSFORMER/jei@29.6.2.31/mezz.jei.neoforge.startup.StartEventObserver.onEvent(StartEventObserver.java:121)
	at net.neoforged.bus.ConsumerEventHandler.invoke(ConsumerEventHandler.java:27)
	at net.neoforged.bus.EventBus.post(EventBus.java:360)
	at net.neoforged.bus.EventBus.post(EventBus.java:328)
	at TRANSFORMER/neoforge@26.1.2.75/net.neoforged.neoforge.client.network.ClientPayloadHandler.handle(ClientPayloadHandler.java:187)
	at TRANSFORMER/neoforge@26.1.2.75/net.neoforged.neoforge.network.handling.MainThreadPayloadHandler.lambda$handle$0(MainThreadPayloadHandler.java:16)
	at java.base/java.util.concurrent.CompletableFuture$AsyncRun.run(CompletableFuture.java:1825)
	at TRANSFORMER/neoforge@26.1.2.75/net.neoforged.neoforge.network.handling.QueuedPacket$CustomPayload.handle(QueuedPacket.java:17)
	at TRANSFORMER/minecraft@26.1.2/net.minecraft.network.PacketProcessor.processQueuedPackets(PacketProcessor.java:50)
	at TRANSFORMER/minecraft@26.1.2/net.minecraft.client.Minecraft.runTick(Minecraft.java:1291)
	at TRANSFORMER/minecraft@26.1.2/net.minecraft.client.Minecraft.run(Minecraft.java:937)
	at TRANSFORMER/minecraft@26.1.2/net.minecraft.client.main.Main.main(Main.java:246)
	at net.neoforged.fml.startup.Client.main(Client.java:19)
	at java.base/jdk.internal.reflect.DirectMethodHandleAccessor.invoke(DirectMethodHandleAccessor.java:104)
	at java.base/java.lang.reflect.Method.invoke(Method.java:565)
	at io.github.zekerzhayard.forgewrapper.installer.Main.main(Main.java:67)
	at java.base/jdk.internal.reflect.DirectMethodHandleAccessor.invoke(DirectMethodHandleAccessor.java:104)
	at java.base/java.lang.reflect.Method.invoke(Method.java:565)
	at org.jackhuang.hmcl.HMCLMultiMCBootstrap.launch(HMCLMultiMCBootstrap.java:80)
	at org.jackhuang.hmcl.HMCLMultiMCBootstrap.launchV1(HMCLMultiMCBootstrap.java:54)
	at org.jackhuang.hmcl.HMCLMultiMCBootstrap.main(HMCLMultiMCBootstrap.java:46)
[19:27:33] [Render thread/ERROR]: An interpreter is already registered for this: mekanism:advanced_chemical_tank
java.lang.IllegalArgumentException
	at TRANSFORMER/jei@29.6.2.31/mezz.jei.library.load.registration.SubtypeRegistration.registerSubtypeInterpreter(SubtypeRegistration.java:33)
	at TRANSFORMER/jei@29.6.2.31/mezz.jei.api.registration.ISubtypeRegistration.registerSubtypeInterpreter(ISubtypeRegistration.java:45)
	at TRANSFORMER/mekanism@10.8.0/mekanism.client.recipe_viewer.jei.MekanismJEI.registerItemSubtypes(MekanismJEI.java:143)
	at TRANSFORMER/mekanism@10.8.0/mekanism.client.recipe_viewer.jei.MekanismJEI.registerItemSubtypes(MekanismJEI.java:152)
	at TRANSFORMER/jei@29.6.2.31/mezz.jei.library.load.PluginLoader.lambda$registerSubtypes$0(PluginLoader.java:72)
	at TRANSFORMER/jei@29.6.2.31/mezz.jei.library.load.PluginCaller.callOnPlugins(PluginCaller.java:26)
	at TRANSFORMER/jei@29.6.2.31/mezz.jei.library.load.PluginLoader.registerSubtypes(PluginLoader.java:72)
	at TRANSFORMER/jei@29.6.2.31/mezz.jei.library.startup.JeiStarter.start(JeiStarter.java:119)
	at TRANSFORMER/jei@29.6.2.31/mezz.jei.neoforge.startup.StartEventObserver.transitionState(StartEventObserver.java:176)
	at TRANSFORMER/jei@29.6.2.31/mezz.jei.neoforge.startup.StartEventObserver.onEvent(StartEventObserver.java:121)
	at net.neoforged.bus.ConsumerEventHandler.invoke(ConsumerEventHandler.java:27)
	at net.neoforged.bus.EventBus.post(EventBus.java:360)
	at net.neoforged.bus.EventBus.post(EventBus.java:328)
	at TRANSFORMER/neoforge@26.1.2.75/net.neoforged.neoforge.client.network.ClientPayloadHandler.handle(ClientPayloadHandler.java:187)
	at TRANSFORMER/neoforge@26.1.2.75/net.neoforged.neoforge.network.handling.MainThreadPayloadHandler.lambda$handle$0(MainThreadPayloadHandler.java:16)
	at java.base/java.util.concurrent.CompletableFuture$AsyncRun.run(CompletableFuture.java:1825)
	at TRANSFORMER/neoforge@26.1.2.75/net.neoforged.neoforge.network.handling.QueuedPacket$CustomPayload.handle(QueuedPacket.java:17)
	at TRANSFORMER/minecraft@26.1.2/net.minecraft.network.PacketProcessor.processQueuedPackets(PacketProcessor.java:50)
	at TRANSFORMER/minecraft@26.1.2/net.minecraft.client.Minecraft.runTick(Minecraft.java:1291)
	at TRANSFORMER/minecraft@26.1.2/net.minecraft.client.Minecraft.run(Minecraft.java:937)
	at TRANSFORMER/minecraft@26.1.2/net.minecraft.client.main.Main.main(Main.java:246)
	at net.neoforged.fml.startup.Client.main(Client.java:19)
	at java.base/jdk.internal.reflect.DirectMethodHandleAccessor.invoke(DirectMethodHandleAccessor.java:104)
	at java.base/java.lang.reflect.Method.invoke(Method.java:565)
	at io.github.zekerzhayard.forgewrapper.installer.Main.main(Main.java:67)
	at java.base/jdk.internal.reflect.DirectMethodHandleAccessor.invoke(DirectMethodHandleAccessor.java:104)
	at java.base/java.lang.reflect.Method.invoke(Method.java:565)
	at org.jackhuang.hmcl.HMCLMultiMCBootstrap.launch(HMCLMultiMCBootstrap.java:80)
	at org.jackhuang.hmcl.HMCLMultiMCBootstrap.launchV1(HMCLMultiMCBootstrap.java:54)
	at org.jackhuang.hmcl.HMCLMultiMCBootstrap.main(HMCLMultiMCBootstrap.java:46)
[19:27:33] [Render thread/ERROR]: An interpreter is already registered for this: mekanism:elite_chemical_tank
java.lang.IllegalArgumentException
	at TRANSFORMER/jei@29.6.2.31/mezz.jei.library.load.registration.SubtypeRegistration.registerSubtypeInterpreter(SubtypeRegistration.java:33)
	at TRANSFORMER/jei@29.6.2.31/mezz.jei.api.registration.ISubtypeRegistration.registerSubtypeInterpreter(ISubtypeRegistration.java:45)
	at TRANSFORMER/mekanism@10.8.0/mekanism.client.recipe_viewer.jei.MekanismJEI.registerItemSubtypes(MekanismJEI.java:143)
	at TRANSFORMER/mekanism@10.8.0/mekanism.client.recipe_viewer.jei.MekanismJEI.registerItemSubtypes(MekanismJEI.java:152)
	at TRANSFORMER/jei@29.6.2.31/mezz.jei.library.load.PluginLoader.lambda$registerSubtypes$0(PluginLoader.java:72)
	at TRANSFORMER/jei@29.6.2.31/mezz.jei.library.load.PluginCaller.callOnPlugins(PluginCaller.java:26)
	at TRANSFORMER/jei@29.6.2.31/mezz.jei.library.load.PluginLoader.registerSubtypes(PluginLoader.java:72)
	at TRANSFORMER/jei@29.6.2.31/mezz.jei.library.startup.JeiStarter.start(JeiStarter.java:119)
	at TRANSFORMER/jei@29.6.2.31/mezz.jei.neoforge.startup.StartEventObserver.transitionState(StartEventObserver.java:176)
	at TRANSFORMER/jei@29.6.2.31/mezz.jei.neoforge.startup.StartEventObserver.onEvent(StartEventObserver.java:121)
	at net.neoforged.bus.ConsumerEventHandler.invoke(ConsumerEventHandler.java:27)
	at net.neoforged.bus.EventBus.post(EventBus.java:360)
	at net.neoforged.bus.EventBus.post(EventBus.java:328)
	at TRANSFORMER/neoforge@26.1.2.75/net.neoforged.neoforge.client.network.ClientPayloadHandler.handle(ClientPayloadHandler.java:187)
	at TRANSFORMER/neoforge@26.1.2.75/net.neoforged.neoforge.network.handling.MainThreadPayloadHandler.lambda$handle$0(MainThreadPayloadHandler.java:16)
	at java.base/java.util.concurrent.CompletableFuture$AsyncRun.run(CompletableFuture.java:1825)
	at TRANSFORMER/neoforge@26.1.2.75/net.neoforged.neoforge.network.handling.QueuedPacket$CustomPayload.handle(QueuedPacket.java:17)
	at TRANSFORMER/minecraft@26.1.2/net.minecraft.network.PacketProcessor.processQueuedPackets(PacketProcessor.java:50)
	at TRANSFORMER/minecraft@26.1.2/net.minecraft.client.Minecraft.runTick(Minecraft.java:1291)
	at TRANSFORMER/minecraft@26.1.2/net.minecraft.client.Minecraft.run(Minecraft.java:937)
	at TRANSFORMER/minecraft@26.1.2/net.minecraft.client.main.Main.main(Main.java:246)
	at net.neoforged.fml.startup.Client.main(Client.java:19)
	at java.base/jdk.internal.reflect.DirectMethodHandleAccessor.invoke(DirectMethodHandleAccessor.java:104)
	at java.base/java.lang.reflect.Method.invoke(Method.java:565)
	at io.github.zekerzhayard.forgewrapper.installer.Main.main(Main.java:67)
	at java.base/jdk.internal.reflect.DirectMethodHandleAccessor.invoke(DirectMethodHandleAccessor.java:104)
	at java.base/java.lang.reflect.Method.invoke(Method.java:565)
	at org.jackhuang.hmcl.HMCLMultiMCBootstrap.launch(HMCLMultiMCBootstrap.java:80)
	at org.jackhuang.hmcl.HMCLMultiMCBootstrap.launchV1(HMCLMultiMCBootstrap.java:54)
	at org.jackhuang.hmcl.HMCLMultiMCBootstrap.main(HMCLMultiMCBootstrap.java:46)
[19:27:33] [Render thread/ERROR]: An interpreter is already registered for this: mekanism:ultimate_chemical_tank
java.lang.IllegalArgumentException
	at TRANSFORMER/jei@29.6.2.31/mezz.jei.library.load.registration.SubtypeRegistration.registerSubtypeInterpreter(SubtypeRegistration.java:33)
	at TRANSFORMER/jei@29.6.2.31/mezz.jei.api.registration.ISubtypeRegistration.registerSubtypeInterpreter(ISubtypeRegistration.java:45)
	at TRANSFORMER/mekanism@10.8.0/mekanism.client.recipe_viewer.jei.MekanismJEI.registerItemSubtypes(MekanismJEI.java:143)
	at TRANSFORMER/mekanism@10.8.0/mekanism.client.recipe_viewer.jei.MekanismJEI.registerItemSubtypes(MekanismJEI.java:152)
	at TRANSFORMER/jei@29.6.2.31/mezz.jei.library.load.PluginLoader.lambda$registerSubtypes$0(PluginLoader.java:72)
	at TRANSFORMER/jei@29.6.2.31/mezz.jei.library.load.PluginCaller.callOnPlugins(PluginCaller.java:26)
	at TRANSFORMER/jei@29.6.2.31/mezz.jei.library.load.PluginLoader.registerSubtypes(PluginLoader.java:72)
	at TRANSFORMER/jei@29.6.2.31/mezz.jei.library.startup.JeiStarter.start(JeiStarter.java:119)
	at TRANSFORMER/jei@29.6.2.31/mezz.jei.neoforge.startup.StartEventObserver.transitionState(StartEventObserver.java:176)
	at TRANSFORMER/jei@29.6.2.31/mezz.jei.neoforge.startup.StartEventObserver.onEvent(StartEventObserver.java:121)
	at net.neoforged.bus.ConsumerEventHandler.invoke(ConsumerEventHandler.java:27)
	at net.neoforged.bus.EventBus.post(EventBus.java:360)
	at net.neoforged.bus.EventBus.post(EventBus.java:328)
	at TRANSFORMER/neoforge@26.1.2.75/net.neoforged.neoforge.client.network.ClientPayloadHandler.handle(ClientPayloadHandler.java:187)
	at TRANSFORMER/neoforge@26.1.2.75/net.neoforged.neoforge.network.handling.MainThreadPayloadHandler.lambda$handle$0(MainThreadPayloadHandler.java:16)
	at java.base/java.util.concurrent.CompletableFuture$AsyncRun.run(CompletableFuture.java:1825)
	at TRANSFORMER/neoforge@26.1.2.75/net.neoforged.neoforge.network.handling.QueuedPacket$CustomPayload.handle(QueuedPacket.java:17)
	at TRANSFORMER/minecraft@26.1.2/net.minecraft.network.PacketProcessor.processQueuedPackets(PacketProcessor.java:50)
	at TRANSFORMER/minecraft@26.1.2/net.minecraft.client.Minecraft.runTick(Minecraft.java:1291)
	at TRANSFORMER/minecraft@26.1.2/net.minecraft.client.Minecraft.run(Minecraft.java:937)
	at TRANSFORMER/minecraft@26.1.2/net.minecraft.client.main.Main.main(Main.java:246)
	at net.neoforged.fml.startup.Client.main(Client.java:19)
	at java.base/jdk.internal.reflect.DirectMethodHandleAccessor.invoke(DirectMethodHandleAccessor.java:104)
	at java.base/java.lang.reflect.Method.invoke(Method.java:565)
	at io.github.zekerzhayard.forgewrapper.installer.Main.main(Main.java:67)
	at java.base/jdk.internal.reflect.DirectMethodHandleAccessor.invoke(DirectMethodHandleAccessor.java:104)
	at java.base/java.lang.reflect.Method.invoke(Method.java:565)
	at org.jackhuang.hmcl.HMCLMultiMCBootstrap.launch(HMCLMultiMCBootstrap.java:80)
	at org.jackhuang.hmcl.HMCLMultiMCBootstrap.launchV1(HMCLMultiMCBootstrap.java:54)
	at org.jackhuang.hmcl.HMCLMultiMCBootstrap.main(HMCLMultiMCBootstrap.java:46)
[19:27:33] [Render thread/ERROR]: An interpreter is already registered for this: mekanism:creative_chemical_tank
java.lang.IllegalArgumentException
	at TRANSFORMER/jei@29.6.2.31/mezz.jei.library.load.registration.SubtypeRegistration.registerSubtypeInterpreter(SubtypeRegistration.java:33)
	at TRANSFORMER/jei@29.6.2.31/mezz.jei.api.registration.ISubtypeRegistration.registerSubtypeInterpreter(ISubtypeRegistration.java:45)
	at TRANSFORMER/mekanism@10.8.0/mekanism.client.recipe_viewer.jei.MekanismJEI.registerItemSubtypes(MekanismJEI.java:143)
	at TRANSFORMER/mekanism@10.8.0/mekanism.client.recipe_viewer.jei.MekanismJEI.registerItemSubtypes(MekanismJEI.java:152)
	at TRANSFORMER/jei@29.6.2.31/mezz.jei.library.load.PluginLoader.lambda$registerSubtypes$0(PluginLoader.java:72)
	at TRANSFORMER/jei@29.6.2.31/mezz.jei.library.load.PluginCaller.callOnPlugins(PluginCaller.java:26)
	at TRANSFORMER/jei@29.6.2.31/mezz.jei.library.load.PluginLoader.registerSubtypes(PluginLoader.java:72)
	at TRANSFORMER/jei@29.6.2.31/mezz.jei.library.startup.JeiStarter.start(JeiStarter.java:119)
	at TRANSFORMER/jei@29.6.2.31/mezz.jei.neoforge.startup.StartEventObserver.transitionState(StartEventObserver.java:176)
	at TRANSFORMER/jei@29.6.2.31/mezz.jei.neoforge.startup.StartEventObserver.onEvent(StartEventObserver.java:121)
	at net.neoforged.bus.ConsumerEventHandler.invoke(ConsumerEventHandler.java:27)
	at net.neoforged.bus.EventBus.post(EventBus.java:360)
	at net.neoforged.bus.EventBus.post(EventBus.java:328)
	at TRANSFORMER/neoforge@26.1.2.75/net.neoforged.neoforge.client.network.ClientPayloadHandler.handle(ClientPayloadHandler.java:187)
	at TRANSFORMER/neoforge@26.1.2.75/net.neoforged.neoforge.network.handling.MainThreadPayloadHandler.lambda$handle$0(MainThreadPayloadHandler.java:16)
	at java.base/java.util.concurrent.CompletableFuture$AsyncRun.run(CompletableFuture.java:1825)
	at TRANSFORMER/neoforge@26.1.2.75/net.neoforged.neoforge.network.handling.QueuedPacket$CustomPayload.handle(QueuedPacket.java:17)
	at TRANSFORMER/minecraft@26.1.2/net.minecraft.network.PacketProcessor.processQueuedPackets(PacketProcessor.java:50)
	at TRANSFORMER/minecraft@26.1.2/net.minecraft.client.Minecraft.runTick(Minecraft.java:1291)
	at TRANSFORMER/minecraft@26.1.2/net.minecraft.client.Minecraft.run(Minecraft.java:937)
	at TRANSFORMER/minecraft@26.1.2/net.minecraft.client.main.Main.main(Main.java:246)
	at net.neoforged.fml.startup.Client.main(Client.java:19)
	at java.base/jdk.internal.reflect.DirectMethodHandleAccessor.invoke(DirectMethodHandleAccessor.java:104)
	at java.base/java.lang.reflect.Method.invoke(Method.java:565)
	at io.github.zekerzhayard.forgewrapper.installer.Main.main(Main.java:67)
	at java.base/jdk.internal.reflect.DirectMethodHandleAccessor.invoke(DirectMethodHandleAccessor.java:104)
	at java.base/java.lang.reflect.Method.invoke(Method.java:565)
	at org.jackhuang.hmcl.HMCLMultiMCBootstrap.launch(HMCLMultiMCBootstrap.java:80)
	at org.jackhuang.hmcl.HMCLMultiMCBootstrap.launchV1(HMCLMultiMCBootstrap.java:54)
	at org.jackhuang.hmcl.HMCLMultiMCBootstrap.main(HMCLMultiMCBootstrap.java:46)
[19:27:33] [Render thread/INFO]: Registering item subtypes: mekanism:jei_plugin took 56.27 milliseconds
[19:27:33] [Render thread/ERROR]: An interpreter is already registered for this: mekanismgenerators:hohlraum
java.lang.IllegalArgumentException
	at TRANSFORMER/jei@29.6.2.31/mezz.jei.library.load.registration.SubtypeRegistration.registerSubtypeInterpreter(SubtypeRegistration.java:33)
	at TRANSFORMER/jei@29.6.2.31/mezz.jei.api.registration.ISubtypeRegistration.registerSubtypeInterpreter(ISubtypeRegistration.java:45)
	at TRANSFORMER/mekanism@10.8.0/mekanism.client.recipe_viewer.jei.MekanismJEI.registerItemSubtypes(MekanismJEI.java:143)
	at TRANSFORMER/mekanismgenerators@10.8.0/mekanism.generators.client.recipe_viewer.jei.GeneratorsJEI.registerItemSubtypes(GeneratorsJEI.java:38)
	at TRANSFORMER/jei@29.6.2.31/mezz.jei.library.load.PluginLoader.lambda$registerSubtypes$0(PluginLoader.java:72)
	at TRANSFORMER/jei@29.6.2.31/mezz.jei.library.load.PluginCaller.callOnPlugins(PluginCaller.java:26)
	at TRANSFORMER/jei@29.6.2.31/mezz.jei.library.load.PluginLoader.registerSubtypes(PluginLoader.java:72)
	at TRANSFORMER/jei@29.6.2.31/mezz.jei.library.startup.JeiStarter.start(JeiStarter.java:119)
	at TRANSFORMER/jei@29.6.2.31/mezz.jei.neoforge.startup.StartEventObserver.transitionState(StartEventObserver.java:176)
	at TRANSFORMER/jei@29.6.2.31/mezz.jei.neoforge.startup.StartEventObserver.onEvent(StartEventObserver.java:121)
	at net.neoforged.bus.ConsumerEventHandler.invoke(ConsumerEventHandler.java:27)
	at net.neoforged.bus.EventBus.post(EventBus.java:360)
	at net.neoforged.bus.EventBus.post(EventBus.java:328)
	at TRANSFORMER/neoforge@26.1.2.75/net.neoforged.neoforge.client.network.ClientPayloadHandler.handle(ClientPayloadHandler.java:187)
	at TRANSFORMER/neoforge@26.1.2.75/net.neoforged.neoforge.network.handling.MainThreadPayloadHandler.lambda$handle$0(MainThreadPayloadHandler.java:16)
	at java.base/java.util.concurrent.CompletableFuture$AsyncRun.run(CompletableFuture.java:1825)
	at TRANSFORMER/neoforge@26.1.2.75/net.neoforged.neoforge.network.handling.QueuedPacket$CustomPayload.handle(QueuedPacket.java:17)
	at TRANSFORMER/minecraft@26.1.2/net.minecraft.network.PacketProcessor.processQueuedPackets(PacketProcessor.java:50)
	at TRANSFORMER/minecraft@26.1.2/net.minecraft.client.Minecraft.runTick(Minecraft.java:1291)
	at TRANSFORMER/minecraft@26.1.2/net.minecraft.client.Minecraft.run(Minecraft.java:937)
	at TRANSFORMER/minecraft@26.1.2/net.minecraft.client.main.Main.main(Main.java:246)
	at net.neoforged.fml.startup.Client.main(Client.java:19)
	at java.base/jdk.internal.reflect.DirectMethodHandleAccessor.invoke(DirectMethodHandleAccessor.java:104)
	at java.base/java.lang.reflect.Method.invoke(Method.java:565)
	at io.github.zekerzhayard.forgewrapper.installer.Main.main(Main.java:67)
	at java.base/jdk.internal.reflect.DirectMethodHandleAccessor.invoke(DirectMethodHandleAccessor.java:104)
	at java.base/java.lang.reflect.Method.invoke(Method.java:565)
	at org.jackhuang.hmcl.HMCLMultiMCBootstrap.launch(HMCLMultiMCBootstrap.java:80)
	at org.jackhuang.hmcl.HMCLMultiMCBootstrap.launchV1(HMCLMultiMCBootstrap.java:54)
	at org.jackhuang.hmcl.HMCLMultiMCBootstrap.main(HMCLMultiMCBootstrap.java:46)
[19:27:33] [Render thread/ERROR]: An interpreter is already registered for this: mekanismgenerators:heat_generator
java.lang.IllegalArgumentException
	at TRANSFORMER/jei@29.6.2.31/mezz.jei.library.load.registration.SubtypeRegistration.registerSubtypeInterpreter(SubtypeRegistration.java:33)
	at TRANSFORMER/jei@29.6.2.31/mezz.jei.api.registration.ISubtypeRegistration.registerSubtypeInterpreter(ISubtypeRegistration.java:45)
	at TRANSFORMER/mekanism@10.8.0/mekanism.client.recipe_viewer.jei.MekanismJEI.registerItemSubtypes(MekanismJEI.java:143)
	at TRANSFORMER/mekanismgenerators@10.8.0/mekanism.generators.client.recipe_viewer.jei.GeneratorsJEI.registerItemSubtypes(GeneratorsJEI.java:39)
	at TRANSFORMER/jei@29.6.2.31/mezz.jei.library.load.PluginLoader.lambda$registerSubtypes$0(PluginLoader.java:72)
	at TRANSFORMER/jei@29.6.2.31/mezz.jei.library.load.PluginCaller.callOnPlugins(PluginCaller.java:26)
	at TRANSFORMER/jei@29.6.2.31/mezz.jei.library.load.PluginLoader.registerSubtypes(PluginLoader.java:72)
	at TRANSFORMER/jei@29.6.2.31/mezz.jei.library.startup.JeiStarter.start(JeiStarter.java:119)
	at TRANSFORMER/jei@29.6.2.31/mezz.jei.neoforge.startup.StartEventObserver.transitionState(StartEventObserver.java:176)
	at TRANSFORMER/jei@29.6.2.31/mezz.jei.neoforge.startup.StartEventObserver.onEvent(StartEventObserver.java:121)
	at net.neoforged.bus.ConsumerEventHandler.invoke(ConsumerEventHandler.java:27)
	at net.neoforged.bus.EventBus.post(EventBus.java:360)
	at net.neoforged.bus.EventBus.post(EventBus.java:328)
	at TRANSFORMER/neoforge@26.1.2.75/net.neoforged.neoforge.client.network.ClientPayloadHandler.handle(ClientPayloadHandler.java:187)
	at TRANSFORMER/neoforge@26.1.2.75/net.neoforged.neoforge.network.handling.MainThreadPayloadHandler.lambda$handle$0(MainThreadPayloadHandler.java:16)
	at java.base/java.util.concurrent.CompletableFuture$AsyncRun.run(CompletableFuture.java:1825)
	at TRANSFORMER/neoforge@26.1.2.75/net.neoforged.neoforge.network.handling.QueuedPacket$CustomPayload.handle(QueuedPacket.java:17)
	at TRANSFORMER/minecraft@26.1.2/net.minecraft.network.PacketProcessor.processQueuedPackets(PacketProcessor.java:50)
	at TRANSFORMER/minecraft@26.1.2/net.minecraft.client.Minecraft.runTick(Minecraft.java:1291)
	at TRANSFORMER/minecraft@26.1.2/net.minecraft.client.Minecraft.run(Minecraft.java:937)
	at TRANSFORMER/minecraft@26.1.2/net.minecraft.client.main.Main.main(Main.java:246)
	at net.neoforged.fml.startup.Client.main(Client.java:19)
	at java.base/jdk.internal.reflect.DirectMethodHandleAccessor.invoke(DirectMethodHandleAccessor.java:104)
	at java.base/java.lang.reflect.Method.invoke(Method.java:565)
	at io.github.zekerzhayard.forgewrapper.installer.Main.main(Main.java:67)
	at java.base/jdk.internal.reflect.DirectMethodHandleAccessor.invoke(DirectMethodHandleAccessor.java:104)
	at java.base/java.lang.reflect.Method.invoke(Method.java:565)
	at org.jackhuang.hmcl.HMCLMultiMCBootstrap.launch(HMCLMultiMCBootstrap.java:80)
	at org.jackhuang.hmcl.HMCLMultiMCBootstrap.launchV1(HMCLMultiMCBootstrap.java:54)
	at org.jackhuang.hmcl.HMCLMultiMCBootstrap.main(HMCLMultiMCBootstrap.java:46)
[19:27:33] [Render thread/ERROR]: An interpreter is already registered for this: mekanismgenerators:solar_generator
java.lang.IllegalArgumentException
	at TRANSFORMER/jei@29.6.2.31/mezz.jei.library.load.registration.SubtypeRegistration.registerSubtypeInterpreter(SubtypeRegistration.java:33)
	at TRANSFORMER/jei@29.6.2.31/mezz.jei.api.registration.ISubtypeRegistration.registerSubtypeInterpreter(ISubtypeRegistration.java:45)
	at TRANSFORMER/mekanism@10.8.0/mekanism.client.recipe_viewer.jei.MekanismJEI.registerItemSubtypes(MekanismJEI.java:143)
	at TRANSFORMER/mekanismgenerators@10.8.0/mekanism.generators.client.recipe_viewer.jei.GeneratorsJEI.registerItemSubtypes(GeneratorsJEI.java:39)
	at TRANSFORMER/jei@29.6.2.31/mezz.jei.library.load.PluginLoader.lambda$registerSubtypes$0(PluginLoader.java:72)
	at TRANSFORMER/jei@29.6.2.31/mezz.jei.library.load.PluginCaller.callOnPlugins(PluginCaller.java:26)
	at TRANSFORMER/jei@29.6.2.31/mezz.jei.library.load.PluginLoader.registerSubtypes(PluginLoader.java:72)
	at TRANSFORMER/jei@29.6.2.31/mezz.jei.library.startup.JeiStarter.start(JeiStarter.java:119)
	at TRANSFORMER/jei@29.6.2.31/mezz.jei.neoforge.startup.StartEventObserver.transitionState(StartEventObserver.java:176)
	at TRANSFORMER/jei@29.6.2.31/mezz.jei.neoforge.startup.StartEventObserver.onEvent(StartEventObserver.java:121)
	at net.neoforged.bus.ConsumerEventHandler.invoke(ConsumerEventHandler.java:27)
	at net.neoforged.bus.EventBus.post(EventBus.java:360)
	at net.neoforged.bus.EventBus.post(EventBus.java:328)
	at TRANSFORMER/neoforge@26.1.2.75/net.neoforged.neoforge.client.network.ClientPayloadHandler.handle(ClientPayloadHandler.java:187)
	at TRANSFORMER/neoforge@26.1.2.75/net.neoforged.neoforge.network.handling.MainThreadPayloadHandler.lambda$handle$0(MainThreadPayloadHandler.java:16)
	at java.base/java.util.concurrent.CompletableFuture$AsyncRun.run(CompletableFuture.java:1825)
	at TRANSFORMER/neoforge@26.1.2.75/net.neoforged.neoforge.network.handling.QueuedPacket$CustomPayload.handle(QueuedPacket.java:17)
	at TRANSFORMER/minecraft@26.1.2/net.minecraft.network.PacketProcessor.processQueuedPackets(PacketProcessor.java:50)
	at TRANSFORMER/minecraft@26.1.2/net.minecraft.client.Minecraft.runTick(Minecraft.java:1291)
	at TRANSFORMER/minecraft@26.1.2/net.minecraft.client.Minecraft.run(Minecraft.java:937)
	at TRANSFORMER/minecraft@26.1.2/net.minecraft.client.main.Main.main(Main.java:246)
	at net.neoforged.fml.startup.Client.main(Client.java:19)
	at java.base/jdk.internal.reflect.DirectMethodHandleAccessor.invoke(DirectMethodHandleAccessor.java:104)
	at java.base/java.lang.reflect.Method.invoke(Method.java:565)
	at io.github.zekerzhayard.forgewrapper.installer.Main.main(Main.java:67)
	at java.base/jdk.internal.reflect.DirectMethodHandleAccessor.invoke(DirectMethodHandleAccessor.java:104)
	at java.base/java.lang.reflect.Method.invoke(Method.java:565)
	at org.jackhuang.hmcl.HMCLMultiMCBootstrap.launch(HMCLMultiMCBootstrap.java:80)
	at org.jackhuang.hmcl.HMCLMultiMCBootstrap.launchV1(HMCLMultiMCBootstrap.java:54)
	at org.jackhuang.hmcl.HMCLMultiMCBootstrap.main(HMCLMultiMCBootstrap.java:46)
[19:27:33] [Render thread/ERROR]: An interpreter is already registered for this: mekanismgenerators:gas_burning_generator
java.lang.IllegalArgumentException
	at TRANSFORMER/jei@29.6.2.31/mezz.jei.library.load.registration.SubtypeRegistration.registerSubtypeInterpreter(SubtypeRegistration.java:33)
	at TRANSFORMER/jei@29.6.2.31/mezz.jei.api.registration.ISubtypeRegistration.registerSubtypeInterpreter(ISubtypeRegistration.java:45)
	at TRANSFORMER/mekanism@10.8.0/mekanism.client.recipe_viewer.jei.MekanismJEI.registerItemSubtypes(MekanismJEI.java:143)
	at TRANSFORMER/mekanismgenerators@10.8.0/mekanism.generators.client.recipe_viewer.jei.GeneratorsJEI.registerItemSubtypes(GeneratorsJEI.java:39)
	at TRANSFORMER/jei@29.6.2.31/mezz.jei.library.load.PluginLoader.lambda$registerSubtypes$0(PluginLoader.java:72)
	at TRANSFORMER/jei@29.6.2.31/mezz.jei.library.load.PluginCaller.callOnPlugins(PluginCaller.java:26)
	at TRANSFORMER/jei@29.6.2.31/mezz.jei.library.load.PluginLoader.registerSubtypes(PluginLoader.java:72)
	at TRANSFORMER/jei@29.6.2.31/mezz.jei.library.startup.JeiStarter.start(JeiStarter.java:119)
	at TRANSFORMER/jei@29.6.2.31/mezz.jei.neoforge.startup.StartEventObserver.transitionState(StartEventObserver.java:176)
	at TRANSFORMER/jei@29.6.2.31/mezz.jei.neoforge.startup.StartEventObserver.onEvent(StartEventObserver.java:121)
	at net.neoforged.bus.ConsumerEventHandler.invoke(ConsumerEventHandler.java:27)
	at net.neoforged.bus.EventBus.post(EventBus.java:360)
	at net.neoforged.bus.EventBus.post(EventBus.java:328)
	at TRANSFORMER/neoforge@26.1.2.75/net.neoforged.neoforge.client.network.ClientPayloadHandler.handle(ClientPayloadHandler.java:187)
	at TRANSFORMER/neoforge@26.1.2.75/net.neoforged.neoforge.network.handling.MainThreadPayloadHandler.lambda$handle$0(MainThreadPayloadHandler.java:16)
	at java.base/java.util.concurrent.CompletableFuture$AsyncRun.run(CompletableFuture.java:1825)
	at TRANSFORMER/neoforge@26.1.2.75/net.neoforged.neoforge.network.handling.QueuedPacket$CustomPayload.handle(QueuedPacket.java:17)
	at TRANSFORMER/minecraft@26.1.2/net.minecraft.network.PacketProcessor.processQueuedPackets(PacketProcessor.java:50)
	at TRANSFORMER/minecraft@26.1.2/net.minecraft.client.Minecraft.runTick(Minecraft.java:1291)
	at TRANSFORMER/minecraft@26.1.2/net.minecraft.client.Minecraft.run(Minecraft.java:937)
	at TRANSFORMER/minecraft@26.1.2/net.minecraft.client.main.Main.main(Main.java:246)
	at net.neoforged.fml.startup.Client.main(Client.java:19)
	at java.base/jdk.internal.reflect.DirectMethodHandleAccessor.invoke(DirectMethodHandleAccessor.java:104)
	at java.base/java.lang.reflect.Method.invoke(Method.java:565)
	at io.github.zekerzhayard.forgewrapper.installer.Main.main(Main.java:67)
	at java.base/jdk.internal.reflect.DirectMethodHandleAccessor.invoke(DirectMethodHandleAccessor.java:104)
	at java.base/java.lang.reflect.Method.invoke(Method.java:565)
	at org.jackhuang.hmcl.HMCLMultiMCBootstrap.launch(HMCLMultiMCBootstrap.java:80)
	at org.jackhuang.hmcl.HMCLMultiMCBootstrap.launchV1(HMCLMultiMCBootstrap.java:54)
	at org.jackhuang.hmcl.HMCLMultiMCBootstrap.main(HMCLMultiMCBootstrap.java:46)
[19:27:33] [Render thread/ERROR]: An interpreter is already registered for this: mekanismgenerators:bio_generator
java.lang.IllegalArgumentException
	at TRANSFORMER/jei@29.6.2.31/mezz.jei.library.load.registration.SubtypeRegistration.registerSubtypeInterpreter(SubtypeRegistration.java:33)
	at TRANSFORMER/jei@29.6.2.31/mezz.jei.api.registration.ISubtypeRegistration.registerSubtypeInterpreter(ISubtypeRegistration.java:45)
	at TRANSFORMER/mekanism@10.8.0/mekanism.client.recipe_viewer.jei.MekanismJEI.registerItemSubtypes(MekanismJEI.java:143)
	at TRANSFORMER/mekanismgenerators@10.8.0/mekanism.generators.client.recipe_viewer.jei.GeneratorsJEI.registerItemSubtypes(GeneratorsJEI.java:39)
	at TRANSFORMER/jei@29.6.2.31/mezz.jei.library.load.PluginLoader.lambda$registerSubtypes$0(PluginLoader.java:72)
	at TRANSFORMER/jei@29.6.2.31/mezz.jei.library.load.PluginCaller.callOnPlugins(PluginCaller.java:26)
	at TRANSFORMER/jei@29.6.2.31/mezz.jei.library.load.PluginLoader.registerSubtypes(PluginLoader.java:72)
	at TRANSFORMER/jei@29.6.2.31/mezz.jei.library.startup.JeiStarter.start(JeiStarter.java:119)
	at TRANSFORMER/jei@29.6.2.31/mezz.jei.neoforge.startup.StartEventObserver.transitionState(StartEventObserver.java:176)
	at TRANSFORMER/jei@29.6.2.31/mezz.jei.neoforge.startup.StartEventObserver.onEvent(StartEventObserver.java:121)
	at net.neoforged.bus.ConsumerEventHandler.invoke(ConsumerEventHandler.java:27)
	at net.neoforged.bus.EventBus.post(EventBus.java:360)
	at net.neoforged.bus.EventBus.post(EventBus.java:328)
	at TRANSFORMER/neoforge@26.1.2.75/net.neoforged.neoforge.client.network.ClientPayloadHandler.handle(ClientPayloadHandler.java:187)
	at TRANSFORMER/neoforge@26.1.2.75/net.neoforged.neoforge.network.handling.MainThreadPayloadHandler.lambda$handle$0(MainThreadPayloadHandler.java:16)
	at java.base/java.util.concurrent.CompletableFuture$AsyncRun.run(CompletableFuture.java:1825)
	at TRANSFORMER/neoforge@26.1.2.75/net.neoforged.neoforge.network.handling.QueuedPacket$CustomPayload.handle(QueuedPacket.java:17)
	at TRANSFORMER/minecraft@26.1.2/net.minecraft.network.PacketProcessor.processQueuedPackets(PacketProcessor.java:50)
	at TRANSFORMER/minecraft@26.1.2/net.minecraft.client.Minecraft.runTick(Minecraft.java:1291)
	at TRANSFORMER/minecraft@26.1.2/net.minecraft.client.Minecraft.run(Minecraft.java:937)
	at TRANSFORMER/minecraft@26.1.2/net.minecraft.client.main.Main.main(Main.java:246)
	at net.neoforged.fml.startup.Client.main(Client.java:19)
	at java.base/jdk.internal.reflect.DirectMethodHandleAccessor.invoke(DirectMethodHandleAccessor.java:104)
	at java.base/java.lang.reflect.Method.invoke(Method.java:565)
	at io.github.zekerzhayard.forgewrapper.installer.Main.main(Main.java:67)
	at java.base/jdk.internal.reflect.DirectMethodHandleAccessor.invoke(DirectMethodHandleAccessor.java:104)
	at java.base/java.lang.reflect.Method.invoke(Method.java:565)
	at org.jackhuang.hmcl.HMCLMultiMCBootstrap.launch(HMCLMultiMCBootstrap.java:80)
	at org.jackhuang.hmcl.HMCLMultiMCBootstrap.launchV1(HMCLMultiMCBootstrap.java:54)
	at org.jackhuang.hmcl.HMCLMultiMCBootstrap.main(HMCLMultiMCBootstrap.java:46)
[19:27:33] [Render thread/ERROR]: An interpreter is already registered for this: mekanismgenerators:advanced_solar_generator
java.lang.IllegalArgumentException
	at TRANSFORMER/jei@29.6.2.31/mezz.jei.library.load.registration.SubtypeRegistration.registerSubtypeInterpreter(SubtypeRegistration.java:33)
	at TRANSFORMER/jei@29.6.2.31/mezz.jei.api.registration.ISubtypeRegistration.registerSubtypeInterpreter(ISubtypeRegistration.java:45)
	at TRANSFORMER/mekanism@10.8.0/mekanism.client.recipe_viewer.jei.MekanismJEI.registerItemSubtypes(MekanismJEI.java:143)
	at TRANSFORMER/mekanismgenerators@10.8.0/mekanism.generators.client.recipe_viewer.jei.GeneratorsJEI.registerItemSubtypes(GeneratorsJEI.java:39)
	at TRANSFORMER/jei@29.6.2.31/mezz.jei.library.load.PluginLoader.lambda$registerSubtypes$0(PluginLoader.java:72)
	at TRANSFORMER/jei@29.6.2.31/mezz.jei.library.load.PluginCaller.callOnPlugins(PluginCaller.java:26)
	at TRANSFORMER/jei@29.6.2.31/mezz.jei.library.load.PluginLoader.registerSubtypes(PluginLoader.java:72)
	at TRANSFORMER/jei@29.6.2.31/mezz.jei.library.startup.JeiStarter.start(JeiStarter.java:119)
	at TRANSFORMER/jei@29.6.2.31/mezz.jei.neoforge.startup.StartEventObserver.transitionState(StartEventObserver.java:176)
	at TRANSFORMER/jei@29.6.2.31/mezz.jei.neoforge.startup.StartEventObserver.onEvent(StartEventObserver.java:121)
	at net.neoforged.bus.ConsumerEventHandler.invoke(ConsumerEventHandler.java:27)
	at net.neoforged.bus.EventBus.post(EventBus.java:360)
	at net.neoforged.bus.EventBus.post(EventBus.java:328)
	at TRANSFORMER/neoforge@26.1.2.75/net.neoforged.neoforge.client.network.ClientPayloadHandler.handle(ClientPayloadHandler.java:187)
	at TRANSFORMER/neoforge@26.1.2.75/net.neoforged.neoforge.network.handling.MainThreadPayloadHandler.lambda$handle$0(MainThreadPayloadHandler.java:16)
	at java.base/java.util.concurrent.CompletableFuture$AsyncRun.run(CompletableFuture.java:1825)
	at TRANSFORMER/neoforge@26.1.2.75/net.neoforged.neoforge.network.handling.QueuedPacket$CustomPayload.handle(QueuedPacket.java:17)
	at TRANSFORMER/minecraft@26.1.2/net.minecraft.network.PacketProcessor.processQueuedPackets(PacketProcessor.java:50)
	at TRANSFORMER/minecraft@26.1.2/net.minecraft.client.Minecraft.runTick(Minecraft.java:1291)
	at TRANSFORMER/minecraft@26.1.2/net.minecraft.client.Minecraft.run(Minecraft.java:937)
	at TRANSFORMER/minecraft@26.1.2/net.minecraft.client.main.Main.main(Main.java:246)
	at net.neoforged.fml.startup.Client.main(Client.java:19)
	at java.base/jdk.internal.reflect.DirectMethodHandleAccessor.invoke(DirectMethodHandleAccessor.java:104)
	at java.base/java.lang.reflect.Method.invoke(Method.java:565)
	at io.github.zekerzhayard.forgewrapper.installer.Main.main(Main.java:67)
	at java.base/jdk.internal.reflect.DirectMethodHandleAccessor.invoke(DirectMethodHandleAccessor.java:104)
	at java.base/java.lang.reflect.Method.invoke(Method.java:565)
	at org.jackhuang.hmcl.HMCLMultiMCBootstrap.launch(HMCLMultiMCBootstrap.java:80)
	at org.jackhuang.hmcl.HMCLMultiMCBootstrap.launchV1(HMCLMultiMCBootstrap.java:54)
	at org.jackhuang.hmcl.HMCLMultiMCBootstrap.main(HMCLMultiMCBootstrap.java:46)
[19:27:33] [Render thread/ERROR]: An interpreter is already registered for this: mekanismgenerators:wind_generator
java.lang.IllegalArgumentException
	at TRANSFORMER/jei@29.6.2.31/mezz.jei.library.load.registration.SubtypeRegistration.registerSubtypeInterpreter(SubtypeRegistration.java:33)
	at TRANSFORMER/jei@29.6.2.31/mezz.jei.api.registration.ISubtypeRegistration.registerSubtypeInterpreter(ISubtypeRegistration.java:45)
	at TRANSFORMER/mekanism@10.8.0/mekanism.client.recipe_viewer.jei.MekanismJEI.registerItemSubtypes(MekanismJEI.java:143)
	at TRANSFORMER/mekanismgenerators@10.8.0/mekanism.generators.client.recipe_viewer.jei.GeneratorsJEI.registerItemSubtypes(GeneratorsJEI.java:39)
	at TRANSFORMER/jei@29.6.2.31/mezz.jei.library.load.PluginLoader.lambda$registerSubtypes$0(PluginLoader.java:72)
	at TRANSFORMER/jei@29.6.2.31/mezz.jei.library.load.PluginCaller.callOnPlugins(PluginCaller.java:26)
	at TRANSFORMER/jei@29.6.2.31/mezz.jei.library.load.PluginLoader.registerSubtypes(PluginLoader.java:72)
	at TRANSFORMER/jei@29.6.2.31/mezz.jei.library.startup.JeiStarter.start(JeiStarter.java:119)
	at TRANSFORMER/jei@29.6.2.31/mezz.jei.neoforge.startup.StartEventObserver.transitionState(StartEventObserver.java:176)
	at TRANSFORMER/jei@29.6.2.31/mezz.jei.neoforge.startup.StartEventObserver.onEvent(StartEventObserver.java:121)
	at net.neoforged.bus.ConsumerEventHandler.invoke(ConsumerEventHandler.java:27)
	at net.neoforged.bus.EventBus.post(EventBus.java:360)
	at net.neoforged.bus.EventBus.post(EventBus.java:328)
	at TRANSFORMER/neoforge@26.1.2.75/net.neoforged.neoforge.client.network.ClientPayloadHandler.handle(ClientPayloadHandler.java:187)
	at TRANSFORMER/neoforge@26.1.2.75/net.neoforged.neoforge.network.handling.MainThreadPayloadHandler.lambda$handle$0(MainThreadPayloadHandler.java:16)
	at java.base/java.util.concurrent.CompletableFuture$AsyncRun.run(CompletableFuture.java:1825)
	at TRANSFORMER/neoforge@26.1.2.75/net.neoforged.neoforge.network.handling.QueuedPacket$CustomPayload.handle(QueuedPacket.java:17)
	at TRANSFORMER/minecraft@26.1.2/net.minecraft.network.PacketProcessor.processQueuedPackets(PacketProcessor.java:50)
	at TRANSFORMER/minecraft@26.1.2/net.minecraft.client.Minecraft.runTick(Minecraft.java:1291)
	at TRANSFORMER/minecraft@26.1.2/net.minecraft.client.Minecraft.run(Minecraft.java:937)
	at TRANSFORMER/minecraft@26.1.2/net.minecraft.client.main.Main.main(Main.java:246)
	at net.neoforged.fml.startup.Client.main(Client.java:19)
	at java.base/jdk.internal.reflect.DirectMethodHandleAccessor.invoke(DirectMethodHandleAccessor.java:104)
	at java.base/java.lang.reflect.Method.invoke(Method.java:565)
	at io.github.zekerzhayard.forgewrapper.installer.Main.main(Main.java:67)
	at java.base/jdk.internal.reflect.DirectMethodHandleAccessor.invoke(DirectMethodHandleAccessor.java:104)
	at java.base/java.lang.reflect.Method.invoke(Method.java:565)
	at org.jackhuang.hmcl.HMCLMultiMCBootstrap.launch(HMCLMultiMCBootstrap.java:80)
	at org.jackhuang.hmcl.HMCLMultiMCBootstrap.launchV1(HMCLMultiMCBootstrap.java:54)
	at org.jackhuang.hmcl.HMCLMultiMCBootstrap.main(HMCLMultiMCBootstrap.java:46)
[19:27:33] [Render thread/ERROR]: An interpreter is already registered for this: modulargolems:metal_golem_body
java.lang.IllegalArgumentException
	at TRANSFORMER/jei@29.6.2.31/mezz.jei.library.load.registration.SubtypeRegistration.registerSubtypeInterpreter(SubtypeRegistration.java:33)
	at TRANSFORMER/jei@29.6.2.31/mezz.jei.api.registration.ISubtypeRegistration.registerSubtypeInterpreter(ISubtypeRegistration.java:45)
	at TRANSFORMER/modulargolems@26.1.2.0+11+dungeon/dev.xkmc.modulargolems.compat.jei.GolemJEIPlugin.registerItemSubtypes(GolemJEIPlugin.java:61)
	at TRANSFORMER/jei@29.6.2.31/mezz.jei.library.load.PluginLoader.lambda$registerSubtypes$0(PluginLoader.java:72)
	at TRANSFORMER/jei@29.6.2.31/mezz.jei.library.load.PluginCaller.callOnPlugins(PluginCaller.java:26)
	at TRANSFORMER/jei@29.6.2.31/mezz.jei.library.load.PluginLoader.registerSubtypes(PluginLoader.java:72)
	at TRANSFORMER/jei@29.6.2.31/mezz.jei.library.startup.JeiStarter.start(JeiStarter.java:119)
	at TRANSFORMER/jei@29.6.2.31/mezz.jei.neoforge.startup.StartEventObserver.transitionState(StartEventObserver.java:176)
	at TRANSFORMER/jei@29.6.2.31/mezz.jei.neoforge.startup.StartEventObserver.onEvent(StartEventObserver.java:121)
	at net.neoforged.bus.ConsumerEventHandler.invoke(ConsumerEventHandler.java:27)
	at net.neoforged.bus.EventBus.post(EventBus.java:360)
	at net.neoforged.bus.EventBus.post(EventBus.java:328)
	at TRANSFORMER/neoforge@26.1.2.75/net.neoforged.neoforge.client.network.ClientPayloadHandler.handle(ClientPayloadHandler.java:187)
	at TRANSFORMER/neoforge@26.1.2.75/net.neoforged.neoforge.network.handling.MainThreadPayloadHandler.lambda$handle$0(MainThreadPayloadHandler.java:16)
	at java.base/java.util.concurrent.CompletableFuture$AsyncRun.run(CompletableFuture.java:1825)
	at TRANSFORMER/neoforge@26.1.2.75/net.neoforged.neoforge.network.handling.QueuedPacket$CustomPayload.handle(QueuedPacket.java:17)
	at TRANSFORMER/minecraft@26.1.2/net.minecraft.network.PacketProcessor.processQueuedPackets(PacketProcessor.java:50)
	at TRANSFORMER/minecraft@26.1.2/net.minecraft.client.Minecraft.runTick(Minecraft.java:1291)
	at TRANSFORMER/minecraft@26.1.2/net.minecraft.client.Minecraft.run(Minecraft.java:937)
	at TRANSFORMER/minecraft@26.1.2/net.minecraft.client.main.Main.main(Main.java:246)
	at net.neoforged.fml.startup.Client.main(Client.java:19)
	at java.base/jdk.internal.reflect.DirectMethodHandleAccessor.invoke(DirectMethodHandleAccessor.java:104)
	at java.base/java.lang.reflect.Method.invoke(Method.java:565)
	at io.github.zekerzhayard.forgewrapper.installer.Main.main(Main.java:67)
	at java.base/jdk.internal.reflect.DirectMethodHandleAccessor.invoke(DirectMethodHandleAccessor.java:104)
	at java.base/java.lang.reflect.Method.invoke(Method.java:565)
	at org.jackhuang.hmcl.HMCLMultiMCBootstrap.launch(HMCLMultiMCBootstrap.java:80)
	at org.jackhuang.hmcl.HMCLMultiMCBootstrap.launchV1(HMCLMultiMCBootstrap.java:54)
	at org.jackhuang.hmcl.HMCLMultiMCBootstrap.main(HMCLMultiMCBootstrap.java:46)
[19:27:33] [Render thread/ERROR]: An interpreter is already registered for this: modulargolems:metal_golem_arm
java.lang.IllegalArgumentException
	at TRANSFORMER/jei@29.6.2.31/mezz.jei.library.load.registration.SubtypeRegistration.registerSubtypeInterpreter(SubtypeRegistration.java:33)
	at TRANSFORMER/jei@29.6.2.31/mezz.jei.api.registration.ISubtypeRegistration.registerSubtypeInterpreter(ISubtypeRegistration.java:45)
	at TRANSFORMER/modulargolems@26.1.2.0+11+dungeon/dev.xkmc.modulargolems.compat.jei.GolemJEIPlugin.registerItemSubtypes(GolemJEIPlugin.java:61)
	at TRANSFORMER/jei@29.6.2.31/mezz.jei.library.load.PluginLoader.lambda$registerSubtypes$0(PluginLoader.java:72)
	at TRANSFORMER/jei@29.6.2.31/mezz.jei.library.load.PluginCaller.callOnPlugins(PluginCaller.java:26)
	at TRANSFORMER/jei@29.6.2.31/mezz.jei.library.load.PluginLoader.registerSubtypes(PluginLoader.java:72)
	at TRANSFORMER/jei@29.6.2.31/mezz.jei.library.startup.JeiStarter.start(JeiStarter.java:119)
	at TRANSFORMER/jei@29.6.2.31/mezz.jei.neoforge.startup.StartEventObserver.transitionState(StartEventObserver.java:176)
	at TRANSFORMER/jei@29.6.2.31/mezz.jei.neoforge.startup.StartEventObserver.onEvent(StartEventObserver.java:121)
	at net.neoforged.bus.ConsumerEventHandler.invoke(ConsumerEventHandler.java:27)
	at net.neoforged.bus.EventBus.post(EventBus.java:360)
	at net.neoforged.bus.EventBus.post(EventBus.java:328)
	at TRANSFORMER/neoforge@26.1.2.75/net.neoforged.neoforge.client.network.ClientPayloadHandler.handle(ClientPayloadHandler.java:187)
	at TRANSFORMER/neoforge@26.1.2.75/net.neoforged.neoforge.network.handling.MainThreadPayloadHandler.lambda$handle$0(MainThreadPayloadHandler.java:16)
	at java.base/java.util.concurrent.CompletableFuture$AsyncRun.run(CompletableFuture.java:1825)
	at TRANSFORMER/neoforge@26.1.2.75/net.neoforged.neoforge.network.handling.QueuedPacket$CustomPayload.handle(QueuedPacket.java:17)
	at TRANSFORMER/minecraft@26.1.2/net.minecraft.network.PacketProcessor.processQueuedPackets(PacketProcessor.java:50)
	at TRANSFORMER/minecraft@26.1.2/net.minecraft.client.Minecraft.runTick(Minecraft.java:1291)
	at TRANSFORMER/minecraft@26.1.2/net.minecraft.client.Minecraft.run(Minecraft.java:937)
	at TRANSFORMER/minecraft@26.1.2/net.minecraft.client.main.Main.main(Main.java:246)
	at net.neoforged.fml.startup.Client.main(Client.java:19)
	at java.base/jdk.internal.reflect.DirectMethodHandleAccessor.invoke(DirectMethodHandleAccessor.java:104)
	at java.base/java.lang.reflect.Method.invoke(Method.java:565)
	at io.github.zekerzhayard.forgewrapper.installer.Main.main(Main.java:67)
	at java.base/jdk.internal.reflect.DirectMethodHandleAccessor.invoke(DirectMethodHandleAccessor.java:104)
	at java.base/java.lang.reflect.Method.invoke(Method.java:565)
	at org.jackhuang.hmcl.HMCLMultiMCBootstrap.launch(HMCLMultiMCBootstrap.java:80)
	at org.jackhuang.hmcl.HMCLMultiMCBootstrap.launchV1(HMCLMultiMCBootstrap.java:54)
	at org.jackhuang.hmcl.HMCLMultiMCBootstrap.main(HMCLMultiMCBootstrap.java:46)
[19:27:33] [Render thread/ERROR]: An interpreter is already registered for this: modulargolems:metal_golem_legs
java.lang.IllegalArgumentException
	at TRANSFORMER/jei@29.6.2.31/mezz.jei.library.load.registration.SubtypeRegistration.registerSubtypeInterpreter(SubtypeRegistration.java:33)
	at TRANSFORMER/jei@29.6.2.31/mezz.jei.api.registration.ISubtypeRegistration.registerSubtypeInterpreter(ISubtypeRegistration.java:45)
	at TRANSFORMER/modulargolems@26.1.2.0+11+dungeon/dev.xkmc.modulargolems.compat.jei.GolemJEIPlugin.registerItemSubtypes(GolemJEIPlugin.java:61)
	at TRANSFORMER/jei@29.6.2.31/mezz.jei.library.load.PluginLoader.lambda$registerSubtypes$0(PluginLoader.java:72)
	at TRANSFORMER/jei@29.6.2.31/mezz.jei.library.load.PluginCaller.callOnPlugins(PluginCaller.java:26)
	at TRANSFORMER/jei@29.6.2.31/mezz.jei.library.load.PluginLoader.registerSubtypes(PluginLoader.java:72)
	at TRANSFORMER/jei@29.6.2.31/mezz.jei.library.startup.JeiStarter.start(JeiStarter.java:119)
	at TRANSFORMER/jei@29.6.2.31/mezz.jei.neoforge.startup.StartEventObserver.transitionState(StartEventObserver.java:176)
	at TRANSFORMER/jei@29.6.2.31/mezz.jei.neoforge.startup.StartEventObserver.onEvent(StartEventObserver.java:121)
	at net.neoforged.bus.ConsumerEventHandler.invoke(ConsumerEventHandler.java:27)
	at net.neoforged.bus.EventBus.post(EventBus.java:360)
	at net.neoforged.bus.EventBus.post(EventBus.java:328)
	at TRANSFORMER/neoforge@26.1.2.75/net.neoforged.neoforge.client.network.ClientPayloadHandler.handle(ClientPayloadHandler.java:187)
	at TRANSFORMER/neoforge@26.1.2.75/net.neoforged.neoforge.network.handling.MainThreadPayloadHandler.lambda$handle$0(MainThreadPayloadHandler.java:16)
	at java.base/java.util.concurrent.CompletableFuture$AsyncRun.run(CompletableFuture.java:1825)
	at TRANSFORMER/neoforge@26.1.2.75/net.neoforged.neoforge.network.handling.QueuedPacket$CustomPayload.handle(QueuedPacket.java:17)
	at TRANSFORMER/minecraft@26.1.2/net.minecraft.network.PacketProcessor.processQueuedPackets(PacketProcessor.java:50)
	at TRANSFORMER/minecraft@26.1.2/net.minecraft.client.Minecraft.runTick(Minecraft.java:1291)
	at TRANSFORMER/minecraft@26.1.2/net.minecraft.client.Minecraft.run(Minecraft.java:937)
	at TRANSFORMER/minecraft@26.1.2/net.minecraft.client.main.Main.main(Main.java:246)
	at net.neoforged.fml.startup.Client.main(Client.java:19)
	at java.base/jdk.internal.reflect.DirectMethodHandleAccessor.invoke(DirectMethodHandleAccessor.java:104)
	at java.base/java.lang.reflect.Method.invoke(Method.java:565)
	at io.github.zekerzhayard.forgewrapper.installer.Main.main(Main.java:67)
	at java.base/jdk.internal.reflect.DirectMethodHandleAccessor.invoke(DirectMethodHandleAccessor.java:104)
	at java.base/java.lang.reflect.Method.invoke(Method.java:565)
	at org.jackhuang.hmcl.HMCLMultiMCBootstrap.launch(HMCLMultiMCBootstrap.java:80)
	at org.jackhuang.hmcl.HMCLMultiMCBootstrap.launchV1(HMCLMultiMCBootstrap.java:54)
	at org.jackhuang.hmcl.HMCLMultiMCBootstrap.main(HMCLMultiMCBootstrap.java:46)
[19:27:33] [Render thread/ERROR]: An interpreter is already registered for this: modulargolems:humanoid_golem_body
java.lang.IllegalArgumentException
	at TRANSFORMER/jei@29.6.2.31/mezz.jei.library.load.registration.SubtypeRegistration.registerSubtypeInterpreter(SubtypeRegistration.java:33)
	at TRANSFORMER/jei@29.6.2.31/mezz.jei.api.registration.ISubtypeRegistration.registerSubtypeInterpreter(ISubtypeRegistration.java:45)
	at TRANSFORMER/modulargolems@26.1.2.0+11+dungeon/dev.xkmc.modulargolems.compat.jei.GolemJEIPlugin.registerItemSubtypes(GolemJEIPlugin.java:61)
	at TRANSFORMER/jei@29.6.2.31/mezz.jei.library.load.PluginLoader.lambda$registerSubtypes$0(PluginLoader.java:72)
	at TRANSFORMER/jei@29.6.2.31/mezz.jei.library.load.PluginCaller.callOnPlugins(PluginCaller.java:26)
	at TRANSFORMER/jei@29.6.2.31/mezz.jei.library.load.PluginLoader.registerSubtypes(PluginLoader.java:72)
	at TRANSFORMER/jei@29.6.2.31/mezz.jei.library.startup.JeiStarter.start(JeiStarter.java:119)
	at TRANSFORMER/jei@29.6.2.31/mezz.jei.neoforge.startup.StartEventObserver.transitionState(StartEventObserver.java:176)
	at TRANSFORMER/jei@29.6.2.31/mezz.jei.neoforge.startup.StartEventObserver.onEvent(StartEventObserver.java:121)
	at net.neoforged.bus.ConsumerEventHandler.invoke(ConsumerEventHandler.java:27)
	at net.neoforged.bus.EventBus.post(EventBus.java:360)
	at net.neoforged.bus.EventBus.post(EventBus.java:328)
	at TRANSFORMER/neoforge@26.1.2.75/net.neoforged.neoforge.client.network.ClientPayloadHandler.handle(ClientPayloadHandler.java:187)
	at TRANSFORMER/neoforge@26.1.2.75/net.neoforged.neoforge.network.handling.MainThreadPayloadHandler.lambda$handle$0(MainThreadPayloadHandler.java:16)
	at java.base/java.util.concurrent.CompletableFuture$AsyncRun.run(CompletableFuture.java:1825)
	at TRANSFORMER/neoforge@26.1.2.75/net.neoforged.neoforge.network.handling.QueuedPacket$CustomPayload.handle(QueuedPacket.java:17)
	at TRANSFORMER/minecraft@26.1.2/net.minecraft.network.PacketProcessor.processQueuedPackets(PacketProcessor.java:50)
	at TRANSFORMER/minecraft@26.1.2/net.minecraft.client.Minecraft.runTick(Minecraft.java:1291)
	at TRANSFORMER/minecraft@26.1.2/net.minecraft.client.Minecraft.run(Minecraft.java:937)
	at TRANSFORMER/minecraft@26.1.2/net.minecraft.client.main.Main.main(Main.java:246)
	at net.neoforged.fml.startup.Client.main(Client.java:19)
	at java.base/jdk.internal.reflect.DirectMethodHandleAccessor.invoke(DirectMethodHandleAccessor.java:104)
	at java.base/java.lang.reflect.Method.invoke(Method.java:565)
	at io.github.zekerzhayard.forgewrapper.installer.Main.main(Main.java:67)
	at java.base/jdk.internal.reflect.DirectMethodHandleAccessor.invoke(DirectMethodHandleAccessor.java:104)
	at java.base/java.lang.reflect.Method.invoke(Method.java:565)
	at org.jackhuang.hmcl.HMCLMultiMCBootstrap.launch(HMCLMultiMCBootstrap.java:80)
	at org.jackhuang.hmcl.HMCLMultiMCBootstrap.launchV1(HMCLMultiMCBootstrap.java:54)
	at org.jackhuang.hmcl.HMCLMultiMCBootstrap.main(HMCLMultiMCBootstrap.java:46)
[19:27:33] [Render thread/ERROR]: An interpreter is already registered for this: modulargolems:humanoid_golem_arms
java.lang.IllegalArgumentException
	at TRANSFORMER/jei@29.6.2.31/mezz.jei.library.load.registration.SubtypeRegistration.registerSubtypeInterpreter(SubtypeRegistration.java:33)
	at TRANSFORMER/jei@29.6.2.31/mezz.jei.api.registration.ISubtypeRegistration.registerSubtypeInterpreter(ISubtypeRegistration.java:45)
	at TRANSFORMER/modulargolems@26.1.2.0+11+dungeon/dev.xkmc.modulargolems.compat.jei.GolemJEIPlugin.registerItemSubtypes(GolemJEIPlugin.java:61)
	at TRANSFORMER/jei@29.6.2.31/mezz.jei.library.load.PluginLoader.lambda$registerSubtypes$0(PluginLoader.java:72)
	at TRANSFORMER/jei@29.6.2.31/mezz.jei.library.load.PluginCaller.callOnPlugins(PluginCaller.java:26)
	at TRANSFORMER/jei@29.6.2.31/mezz.jei.library.load.PluginLoader.registerSubtypes(PluginLoader.java:72)
	at TRANSFORMER/jei@29.6.2.31/mezz.jei.library.startup.JeiStarter.start(JeiStarter.java:119)
	at TRANSFORMER/jei@29.6.2.31/mezz.jei.neoforge.startup.StartEventObserver.transitionState(StartEventObserver.java:176)
	at TRANSFORMER/jei@29.6.2.31/mezz.jei.neoforge.startup.StartEventObserver.onEvent(StartEventObserver.java:121)
	at net.neoforged.bus.ConsumerEventHandler.invoke(ConsumerEventHandler.java:27)
	at net.neoforged.bus.EventBus.post(EventBus.java:360)
	at net.neoforged.bus.EventBus.post(EventBus.java:328)
	at TRANSFORMER/neoforge@26.1.2.75/net.neoforged.neoforge.client.network.ClientPayloadHandler.handle(ClientPayloadHandler.java:187)
	at TRANSFORMER/neoforge@26.1.2.75/net.neoforged.neoforge.network.handling.MainThreadPayloadHandler.lambda$handle$0(MainThreadPayloadHandler.java:16)
	at java.base/java.util.concurrent.CompletableFuture$AsyncRun.run(CompletableFuture.java:1825)
	at TRANSFORMER/neoforge@26.1.2.75/net.neoforged.neoforge.network.handling.QueuedPacket$CustomPayload.handle(QueuedPacket.java:17)
	at TRANSFORMER/minecraft@26.1.2/net.minecraft.network.PacketProcessor.processQueuedPackets(PacketProcessor.java:50)
	at TRANSFORMER/minecraft@26.1.2/net.minecraft.client.Minecraft.runTick(Minecraft.java:1291)
	at TRANSFORMER/minecraft@26.1.2/net.minecraft.client.Minecraft.run(Minecraft.java:937)
	at TRANSFORMER/minecraft@26.1.2/net.minecraft.client.main.Main.main(Main.java:246)
	at net.neoforged.fml.startup.Client.main(Client.java:19)
	at java.base/jdk.internal.reflect.DirectMethodHandleAccessor.invoke(DirectMethodHandleAccessor.java:104)
	at java.base/java.lang.reflect.Method.invoke(Method.java:565)
	at io.github.zekerzhayard.forgewrapper.installer.Main.main(Main.java:67)
	at java.base/jdk.internal.reflect.DirectMethodHandleAccessor.invoke(DirectMethodHandleAccessor.java:104)
	at java.base/java.lang.reflect.Method.invoke(Method.java:565)
	at org.jackhuang.hmcl.HMCLMultiMCBootstrap.launch(HMCLMultiMCBootstrap.java:80)
	at org.jackhuang.hmcl.HMCLMultiMCBootstrap.launchV1(HMCLMultiMCBootstrap.java:54)
	at org.jackhuang.hmcl.HMCLMultiMCBootstrap.main(HMCLMultiMCBootstrap.java:46)
[19:27:33] [Render thread/ERROR]: An interpreter is already registered for this: modulargolems:humanoid_golem_legs
java.lang.IllegalArgumentException
	at TRANSFORMER/jei@29.6.2.31/mezz.jei.library.load.registration.SubtypeRegistration.registerSubtypeInterpreter(SubtypeRegistration.java:33)
	at TRANSFORMER/jei@29.6.2.31/mezz.jei.api.registration.ISubtypeRegistration.registerSubtypeInterpreter(ISubtypeRegistration.java:45)
	at TRANSFORMER/modulargolems@26.1.2.0+11+dungeon/dev.xkmc.modulargolems.compat.jei.GolemJEIPlugin.registerItemSubtypes(GolemJEIPlugin.java:61)
	at TRANSFORMER/jei@29.6.2.31/mezz.jei.library.load.PluginLoader.lambda$registerSubtypes$0(PluginLoader.java:72)
	at TRANSFORMER/jei@29.6.2.31/mezz.jei.library.load.PluginCaller.callOnPlugins(PluginCaller.java:26)
	at TRANSFORMER/jei@29.6.2.31/mezz.jei.library.load.PluginLoader.registerSubtypes(PluginLoader.java:72)
	at TRANSFORMER/jei@29.6.2.31/mezz.jei.library.startup.JeiStarter.start(JeiStarter.java:119)
	at TRANSFORMER/jei@29.6.2.31/mezz.jei.neoforge.startup.StartEventObserver.transitionState(StartEventObserver.java:176)
	at TRANSFORMER/jei@29.6.2.31/mezz.jei.neoforge.startup.StartEventObserver.onEvent(StartEventObserver.java:121)
	at net.neoforged.bus.ConsumerEventHandler.invoke(ConsumerEventHandler.java:27)
	at net.neoforged.bus.EventBus.post(EventBus.java:360)
	at net.neoforged.bus.EventBus.post(EventBus.java:328)
	at TRANSFORMER/neoforge@26.1.2.75/net.neoforged.neoforge.client.network.ClientPayloadHandler.handle(ClientPayloadHandler.java:187)
	at TRANSFORMER/neoforge@26.1.2.75/net.neoforged.neoforge.network.handling.MainThreadPayloadHandler.lambda$handle$0(MainThreadPayloadHandler.java:16)
	at java.base/java.util.concurrent.CompletableFuture$AsyncRun.run(CompletableFuture.java:1825)
	at TRANSFORMER/neoforge@26.1.2.75/net.neoforged.neoforge.network.handling.QueuedPacket$CustomPayload.handle(QueuedPacket.java:17)
	at TRANSFORMER/minecraft@26.1.2/net.minecraft.network.PacketProcessor.processQueuedPackets(PacketProcessor.java:50)
	at TRANSFORMER/minecraft@26.1.2/net.minecraft.client.Minecraft.runTick(Minecraft.java:1291)
	at TRANSFORMER/minecraft@26.1.2/net.minecraft.client.Minecraft.run(Minecraft.java:937)
	at TRANSFORMER/minecraft@26.1.2/net.minecraft.client.main.Main.main(Main.java:246)
	at net.neoforged.fml.startup.Client.main(Client.java:19)
	at java.base/jdk.internal.reflect.DirectMethodHandleAccessor.invoke(DirectMethodHandleAccessor.java:104)
	at java.base/java.lang.reflect.Method.invoke(Method.java:565)
	at io.github.zekerzhayard.forgewrapper.installer.Main.main(Main.java:67)
	at java.base/jdk.internal.reflect.DirectMethodHandleAccessor.invoke(DirectMethodHandleAccessor.java:104)
	at java.base/java.lang.reflect.Method.invoke(Method.java:565)
	at org.jackhuang.hmcl.HMCLMultiMCBootstrap.launch(HMCLMultiMCBootstrap.java:80)
	at org.jackhuang.hmcl.HMCLMultiMCBootstrap.launchV1(HMCLMultiMCBootstrap.java:54)
	at org.jackhuang.hmcl.HMCLMultiMCBootstrap.main(HMCLMultiMCBootstrap.java:46)
[19:27:33] [Render thread/ERROR]: An interpreter is already registered for this: modulargolems:dog_golem_body
java.lang.IllegalArgumentException
	at TRANSFORMER/jei@29.6.2.31/mezz.jei.library.load.registration.SubtypeRegistration.registerSubtypeInterpreter(SubtypeRegistration.java:33)
	at TRANSFORMER/jei@29.6.2.31/mezz.jei.api.registration.ISubtypeRegistration.registerSubtypeInterpreter(ISubtypeRegistration.java:45)
	at TRANSFORMER/modulargolems@26.1.2.0+11+dungeon/dev.xkmc.modulargolems.compat.jei.GolemJEIPlugin.registerItemSubtypes(GolemJEIPlugin.java:61)
	at TRANSFORMER/jei@29.6.2.31/mezz.jei.library.load.PluginLoader.lambda$registerSubtypes$0(PluginLoader.java:72)
	at TRANSFORMER/jei@29.6.2.31/mezz.jei.library.load.PluginCaller.callOnPlugins(PluginCaller.java:26)
	at TRANSFORMER/jei@29.6.2.31/mezz.jei.library.load.PluginLoader.registerSubtypes(PluginLoader.java:72)
	at TRANSFORMER/jei@29.6.2.31/mezz.jei.library.startup.JeiStarter.start(JeiStarter.java:119)
	at TRANSFORMER/jei@29.6.2.31/mezz.jei.neoforge.startup.StartEventObserver.transitionState(StartEventObserver.java:176)
	at TRANSFORMER/jei@29.6.2.31/mezz.jei.neoforge.startup.StartEventObserver.onEvent(StartEventObserver.java:121)
	at net.neoforged.bus.ConsumerEventHandler.invoke(ConsumerEventHandler.java:27)
	at net.neoforged.bus.EventBus.post(EventBus.java:360)
	at net.neoforged.bus.EventBus.post(EventBus.java:328)
	at TRANSFORMER/neoforge@26.1.2.75/net.neoforged.neoforge.client.network.ClientPayloadHandler.handle(ClientPayloadHandler.java:187)
	at TRANSFORMER/neoforge@26.1.2.75/net.neoforged.neoforge.network.handling.MainThreadPayloadHandler.lambda$handle$0(MainThreadPayloadHandler.java:16)
	at java.base/java.util.concurrent.CompletableFuture$AsyncRun.run(CompletableFuture.java:1825)
	at TRANSFORMER/neoforge@26.1.2.75/net.neoforged.neoforge.network.handling.QueuedPacket$CustomPayload.handle(QueuedPacket.java:17)
	at TRANSFORMER/minecraft@26.1.2/net.minecraft.network.PacketProcessor.processQueuedPackets(PacketProcessor.java:50)
	at TRANSFORMER/minecraft@26.1.2/net.minecraft.client.Minecraft.runTick(Minecraft.java:1291)
	at TRANSFORMER/minecraft@26.1.2/net.minecraft.client.Minecraft.run(Minecraft.java:937)
	at TRANSFORMER/minecraft@26.1.2/net.minecraft.client.main.Main.main(Main.java:246)
	at net.neoforged.fml.startup.Client.main(Client.java:19)
	at java.base/jdk.internal.reflect.DirectMethodHandleAccessor.invoke(DirectMethodHandleAccessor.java:104)
	at java.base/java.lang.reflect.Method.invoke(Method.java:565)
	at io.github.zekerzhayard.forgewrapper.installer.Main.main(Main.java:67)
	at java.base/jdk.internal.reflect.DirectMethodHandleAccessor.invoke(DirectMethodHandleAccessor.java:104)
	at java.base/java.lang.reflect.Method.invoke(Method.java:565)
	at org.jackhuang.hmcl.HMCLMultiMCBootstrap.launch(HMCLMultiMCBootstrap.java:80)
	at org.jackhuang.hmcl.HMCLMultiMCBootstrap.launchV1(HMCLMultiMCBootstrap.java:54)
	at org.jackhuang.hmcl.HMCLMultiMCBootstrap.main(HMCLMultiMCBootstrap.java:46)
[19:27:33] [Render thread/ERROR]: An interpreter is already registered for this: modulargolems:dog_golem_legs
java.lang.IllegalArgumentException
	at TRANSFORMER/jei@29.6.2.31/mezz.jei.library.load.registration.SubtypeRegistration.registerSubtypeInterpreter(SubtypeRegistration.java:33)
	at TRANSFORMER/jei@29.6.2.31/mezz.jei.api.registration.ISubtypeRegistration.registerSubtypeInterpreter(ISubtypeRegistration.java:45)
	at TRANSFORMER/modulargolems@26.1.2.0+11+dungeon/dev.xkmc.modulargolems.compat.jei.GolemJEIPlugin.registerItemSubtypes(GolemJEIPlugin.java:61)
	at TRANSFORMER/jei@29.6.2.31/mezz.jei.library.load.PluginLoader.lambda$registerSubtypes$0(PluginLoader.java:72)
	at TRANSFORMER/jei@29.6.2.31/mezz.jei.library.load.PluginCaller.callOnPlugins(PluginCaller.java:26)
	at TRANSFORMER/jei@29.6.2.31/mezz.jei.library.load.PluginLoader.registerSubtypes(PluginLoader.java:72)
	at TRANSFORMER/jei@29.6.2.31/mezz.jei.library.startup.JeiStarter.start(JeiStarter.java:119)
	at TRANSFORMER/jei@29.6.2.31/mezz.jei.neoforge.startup.StartEventObserver.transitionState(StartEventObserver.java:176)
	at TRANSFORMER/jei@29.6.2.31/mezz.jei.neoforge.startup.StartEventObserver.onEvent(StartEventObserver.java:121)
	at net.neoforged.bus.ConsumerEventHandler.invoke(ConsumerEventHandler.java:27)
	at net.neoforged.bus.EventBus.post(EventBus.java:360)
	at net.neoforged.bus.EventBus.post(EventBus.java:328)
	at TRANSFORMER/neoforge@26.1.2.75/net.neoforged.neoforge.client.network.ClientPayloadHandler.handle(ClientPayloadHandler.java:187)
	at TRANSFORMER/neoforge@26.1.2.75/net.neoforged.neoforge.network.handling.MainThreadPayloadHandler.lambda$handle$0(MainThreadPayloadHandler.java:16)
	at java.base/java.util.concurrent.CompletableFuture$AsyncRun.run(CompletableFuture.java:1825)
	at TRANSFORMER/neoforge@26.1.2.75/net.neoforged.neoforge.network.handling.QueuedPacket$CustomPayload.handle(QueuedPacket.java:17)
	at TRANSFORMER/minecraft@26.1.2/net.minecraft.network.PacketProcessor.processQueuedPackets(PacketProcessor.java:50)
	at TRANSFORMER/minecraft@26.1.2/net.minecraft.client.Minecraft.runTick(Minecraft.java:1291)
	at TRANSFORMER/minecraft@26.1.2/net.minecraft.client.Minecraft.run(Minecraft.java:937)
	at TRANSFORMER/minecraft@26.1.2/net.minecraft.client.main.Main.main(Main.java:246)
	at net.neoforged.fml.startup.Client.main(Client.java:19)
	at java.base/jdk.internal.reflect.DirectMethodHandleAccessor.invoke(DirectMethodHandleAccessor.java:104)
	at java.base/java.lang.reflect.Method.invoke(Method.java:565)
	at io.github.zekerzhayard.forgewrapper.installer.Main.main(Main.java:67)
	at java.base/jdk.internal.reflect.DirectMethodHandleAccessor.invoke(DirectMethodHandleAccessor.java:104)
	at java.base/java.lang.reflect.Method.invoke(Method.java:565)
	at org.jackhuang.hmcl.HMCLMultiMCBootstrap.launch(HMCLMultiMCBootstrap.java:80)
	at org.jackhuang.hmcl.HMCLMultiMCBootstrap.launchV1(HMCLMultiMCBootstrap.java:54)
	at org.jackhuang.hmcl.HMCLMultiMCBootstrap.main(HMCLMultiMCBootstrap.java:46)
[19:27:33] [Render thread/ERROR]: An interpreter is already registered for this: modulargolems:golem_facade
java.lang.IllegalArgumentException
	at TRANSFORMER/jei@29.6.2.31/mezz.jei.library.load.registration.SubtypeRegistration.registerSubtypeInterpreter(SubtypeRegistration.java:33)
	at TRANSFORMER/jei@29.6.2.31/mezz.jei.api.registration.ISubtypeRegistration.registerSubtypeInterpreter(ISubtypeRegistration.java:45)
	at TRANSFORMER/modulargolems@26.1.2.0+11+dungeon/dev.xkmc.modulargolems.compat.jei.GolemJEIPlugin.registerItemSubtypes(GolemJEIPlugin.java:63)
	at TRANSFORMER/jei@29.6.2.31/mezz.jei.library.load.PluginLoader.lambda$registerSubtypes$0(PluginLoader.java:72)
	at TRANSFORMER/jei@29.6.2.31/mezz.jei.library.load.PluginCaller.callOnPlugins(PluginCaller.java:26)
	at TRANSFORMER/jei@29.6.2.31/mezz.jei.library.load.PluginLoader.registerSubtypes(PluginLoader.java:72)
	at TRANSFORMER/jei@29.6.2.31/mezz.jei.library.startup.JeiStarter.start(JeiStarter.java:119)
	at TRANSFORMER/jei@29.6.2.31/mezz.jei.neoforge.startup.StartEventObserver.transitionState(StartEventObserver.java:176)
	at TRANSFORMER/jei@29.6.2.31/mezz.jei.neoforge.startup.StartEventObserver.onEvent(StartEventObserver.java:121)
	at net.neoforged.bus.ConsumerEventHandler.invoke(ConsumerEventHandler.java:27)
	at net.neoforged.bus.EventBus.post(EventBus.java:360)
	at net.neoforged.bus.EventBus.post(EventBus.java:328)
	at TRANSFORMER/neoforge@26.1.2.75/net.neoforged.neoforge.client.network.ClientPayloadHandler.handle(ClientPayloadHandler.java:187)
	at TRANSFORMER/neoforge@26.1.2.75/net.neoforged.neoforge.network.handling.MainThreadPayloadHandler.lambda$handle$0(MainThreadPayloadHandler.java:16)
	at java.base/java.util.concurrent.CompletableFuture$AsyncRun.run(CompletableFuture.java:1825)
	at TRANSFORMER/neoforge@26.1.2.75/net.neoforged.neoforge.network.handling.QueuedPacket$CustomPayload.handle(QueuedPacket.java:17)
	at TRANSFORMER/minecraft@26.1.2/net.minecraft.network.PacketProcessor.processQueuedPackets(PacketProcessor.java:50)
	at TRANSFORMER/minecraft@26.1.2/net.minecraft.client.Minecraft.runTick(Minecraft.java:1291)
	at TRANSFORMER/minecraft@26.1.2/net.minecraft.client.Minecraft.run(Minecraft.java:937)
	at TRANSFORMER/minecraft@26.1.2/net.minecraft.client.main.Main.main(Main.java:246)
	at net.neoforged.fml.startup.Client.main(Client.java:19)
	at java.base/jdk.internal.reflect.DirectMethodHandleAccessor.invoke(DirectMethodHandleAccessor.java:104)
	at java.base/java.lang.reflect.Method.invoke(Method.java:565)
	at io.github.zekerzhayard.forgewrapper.installer.Main.main(Main.java:67)
	at java.base/jdk.internal.reflect.DirectMethodHandleAccessor.invoke(DirectMethodHandleAccessor.java:104)
	at java.base/java.lang.reflect.Method.invoke(Method.java:565)
	at org.jackhuang.hmcl.HMCLMultiMCBootstrap.launch(HMCLMultiMCBootstrap.java:80)
	at org.jackhuang.hmcl.HMCLMultiMCBootstrap.launchV1(HMCLMultiMCBootstrap.java:54)
	at org.jackhuang.hmcl.HMCLMultiMCBootstrap.main(HMCLMultiMCBootstrap.java:46)
[19:27:33] [Render thread/ERROR]: An interpreter is already registered for this: ether_craft:process_chip
java.lang.IllegalArgumentException
	at TRANSFORMER/jei@29.6.2.31/mezz.jei.library.load.registration.SubtypeRegistration.registerSubtypeInterpreter(SubtypeRegistration.java:33)
	at TRANSFORMER/jei@29.6.2.31/mezz.jei.library.load.registration.SubtypeRegistration.registerFromDataComponentTypes(SubtypeRegistration.java:40)
	at TRANSFORMER/ether_craft@0.1.0/studio.fantasyit.ether_craft.integration.jei.JEIPlugin.registerItemSubtypes(JEIPlugin.java:193)
	at TRANSFORMER/jei@29.6.2.31/mezz.jei.library.load.PluginLoader.lambda$registerSubtypes$0(PluginLoader.java:72)
	at TRANSFORMER/jei@29.6.2.31/mezz.jei.library.load.PluginCaller.callOnPlugins(PluginCaller.java:26)
	at TRANSFORMER/jei@29.6.2.31/mezz.jei.library.load.PluginLoader.registerSubtypes(PluginLoader.java:72)
	at TRANSFORMER/jei@29.6.2.31/mezz.jei.library.startup.JeiStarter.start(JeiStarter.java:119)
	at TRANSFORMER/jei@29.6.2.31/mezz.jei.neoforge.startup.StartEventObserver.transitionState(StartEventObserver.java:176)
	at TRANSFORMER/jei@29.6.2.31/mezz.jei.neoforge.startup.StartEventObserver.onEvent(StartEventObserver.java:121)
	at net.neoforged.bus.ConsumerEventHandler.invoke(ConsumerEventHandler.java:27)
	at net.neoforged.bus.EventBus.post(EventBus.java:360)
	at net.neoforged.bus.EventBus.post(EventBus.java:328)
	at TRANSFORMER/neoforge@26.1.2.75/net.neoforged.neoforge.client.network.ClientPayloadHandler.handle(ClientPayloadHandler.java:187)
	at TRANSFORMER/neoforge@26.1.2.75/net.neoforged.neoforge.network.handling.MainThreadPayloadHandler.lambda$handle$0(MainThreadPayloadHandler.java:16)
	at java.base/java.util.concurrent.CompletableFuture$AsyncRun.run(CompletableFuture.java:1825)
	at TRANSFORMER/neoforge@26.1.2.75/net.neoforged.neoforge.network.handling.QueuedPacket$CustomPayload.handle(QueuedPacket.java:17)
	at TRANSFORMER/minecraft@26.1.2/net.minecraft.network.PacketProcessor.processQueuedPackets(PacketProcessor.java:50)
	at TRANSFORMER/minecraft@26.1.2/net.minecraft.client.Minecraft.runTick(Minecraft.java:1291)
	at TRANSFORMER/minecraft@26.1.2/net.minecraft.client.Minecraft.run(Minecraft.java:937)
	at TRANSFORMER/minecraft@26.1.2/net.minecraft.client.main.Main.main(Main.java:246)
	at net.neoforged.fml.startup.Client.main(Client.java:19)
	at java.base/jdk.internal.reflect.DirectMethodHandleAccessor.invoke(DirectMethodHandleAccessor.java:104)
	at java.base/java.lang.reflect.Method.invoke(Method.java:565)
	at io.github.zekerzhayard.forgewrapper.installer.Main.main(Main.java:67)
	at java.base/jdk.internal.reflect.DirectMethodHandleAccessor.invoke(DirectMethodHandleAccessor.java:104)
	at java.base/java.lang.reflect.Method.invoke(Method.java:565)
	at org.jackhuang.hmcl.HMCLMultiMCBootstrap.launch(HMCLMultiMCBootstrap.java:80)
	at org.jackhuang.hmcl.HMCLMultiMCBootstrap.launchV1(HMCLMultiMCBootstrap.java:54)
	at org.jackhuang.hmcl.HMCLMultiMCBootstrap.main(HMCLMultiMCBootstrap.java:46)
[19:27:33] [Render thread/INFO]: Registering item subtypes took 70.47 milliseconds
[19:27:33] [Render thread/INFO]: Registering fluid subtypes...
[19:27:33] [Render thread/INFO]: Registering fluid subtypes took 5.254 milliseconds
[19:27:33] [Render thread/INFO]: Registering ingredients...
[19:27:33] [Render thread/INFO]: Registering ingredients: jei:minecraft took 192.4 milliseconds
[19:27:33] [Render thread/INFO]: Registering ingredients took 194.5 milliseconds
[19:27:33] [Render thread/INFO]: Registering extra ingredients...
[19:27:33] [Render thread/INFO]: Registering extra ingredients took 834.3 microseconds
[19:27:33] [Render thread/INFO]: Registering search ingredient aliases...
[19:27:33] [Render thread/INFO]: Registering search ingredient aliases took 10.87 milliseconds
[19:27:33] [Render thread/INFO]: Registering Mod Info...
[19:27:33] [Render thread/INFO]: Registering Mod Info took 339.9 microseconds
[19:27:33] [Render thread/INFO]: Registering categories...
[19:27:34] [Render thread/INFO]: Registering categories: mekanism:jei_plugin took 25.18 milliseconds
[19:27:34] [Render thread/INFO]: Registering categories: anvilcraft:jei_plugin took 12.65 milliseconds
[19:27:34] [Render thread/INFO]: Registering categories took 67.81 milliseconds
[19:27:34] [Render thread/INFO]: Registering vanilla category extensions...
[19:27:34] [Render thread/INFO]: Registering vanilla category extensions took 4.425 milliseconds
[19:27:34] [Render thread/INFO]: Registering recipe catalysts...
[19:27:34] [Render thread/INFO]: Registering recipe catalysts took 3.368 milliseconds
[19:27:34] [Render thread/INFO]: Building recipe registry...
[19:27:34] [Render thread/INFO]: Building recipe registry took 8.653 milliseconds
[19:27:34] [Render thread/INFO]: Registering advanced plugins...
[19:27:34] [Render thread/INFO]: Registering advanced plugins took 214.5 microseconds
[19:27:34] [Render thread/INFO]: Registering recipes...
[19:27:34] [Render thread/INFO]: Registering recipes: jei:minecraft took 366.8 milliseconds
[19:27:34] [Render thread/INFO]: Loading 2 recipes for nekoplus:air_condensing
[19:27:34] [Render thread/INFO]: Loading 1 recipes for nekoplus:laser_etching
[19:27:34] [Render thread/INFO]: Registering recipes: mekanism:jei_plugin took 49.44 milliseconds
[19:27:34] [Render thread/INFO]: Registering recipes: anvilcraft:jei_plugin took 45.46 milliseconds
[19:27:34] [Render thread/INFO]: Registering recipes: ether_craft:jei_plugin took 12.93 milliseconds
[19:27:34] [Render thread/INFO]: Registering recipes took 513.9 milliseconds
[19:27:34] [Render thread/INFO]: Registering recipes transfer handlers...
[19:27:34] [Render thread/INFO]: Registering recipes transfer handlers took 3.607 milliseconds
[19:27:34] [Render thread/INFO]: Building runtime...
[19:27:34] [Render thread/INFO]: Registering gui handlers...
[19:27:34] [Render thread/INFO]: Registering gui handlers took 9.009 milliseconds
[19:27:34] [Render thread/INFO]: Registering Runtime...
[19:27:34] [Render thread/INFO]: Starting JEI GUI
[19:27:34] [Render thread/INFO]: Building ingredient list...
[19:27:34] [Render thread/INFO]: Building ingredient list took 36.74 milliseconds
[19:27:34] [Render thread/INFO]: Building ingredient filter...
[19:27:34] [Render thread/INFO]: Adding 6877 ingredients
[19:27:35] [Render thread/INFO]: Added 6877 ingredients
[19:27:35] [Render thread/INFO]: Building ingredient filter took 627.3 milliseconds
[19:27:35] [Render thread/INFO]: Registering Runtime: jei:neoforge_gui took 726.9 milliseconds
[19:27:35] [Render thread/INFO]: Registering Runtime took 727.3 milliseconds
[19:27:35] [Render thread/INFO]: Building runtime took 739.9 milliseconds
[19:27:35] [Render thread/INFO]: Sending Runtime...
[19:27:35] [Render thread/INFO]: Sending Runtime took 193.4 microseconds
[19:27:35] [Render thread/INFO]: Starting JEI took 1.677 seconds
[19:27:35] [Render thread/ERROR]: Failed to load perServerPreference
java.nio.file.NoSuchFileException: D:\new\.minecraft\versions\TeaCon-v6.1.4\config\world-comment-client.json
	at java.base/sun.nio.fs.WindowsException.translateToIOException(WindowsException.java:85)
	at java.base/sun.nio.fs.WindowsException.rethrowAsIOException(WindowsException.java:103)
	at java.base/sun.nio.fs.WindowsException.rethrowAsIOException(WindowsException.java:108)
	at java.base/sun.nio.fs.WindowsFileSystemProvider.newByteChannel(WindowsFileSystemProvider.java:231)
	at java.base/java.nio.file.Files.newByteChannel(Files.java:357)
	at java.base/java.nio.file.Files.newByteChannel(Files.java:399)
	at java.base/java.nio.file.Files.readAllBytes(Files.java:2973)
	at java.base/java.nio.file.Files.readString(Files.java:3043)
	at java.base/java.nio.file.Files.readString(Files.java:3006)
	at TRANSFORMER/worldcomment@0.6.0-beta.4+26.1.2-neoforge/cn.zbx1425.worldcomment.ClientConfig.load(ClientConfig.java:128)
	at TRANSFORMER/worldcomment@0.6.0-beta.4+26.1.2-neoforge/cn.zbx1425.worldcomment.network.PacketClientConfigS2C$ClientLogics.handle(PacketClientConfigS2C.java:36)
	at TRANSFORMER/worldcomment@0.6.0-beta.4+26.1.2-neoforge/cn.zbx1425.worldcomment.neoforge.CompatPacketRegistry.lambda$commitClient$1(CompatPacketRegistry.java:63)
	at TRANSFORMER/neoforge@26.1.2.75/net.neoforged.neoforge.network.handling.MainThreadPayloadHandler.lambda$handle$0(MainThreadPayloadHandler.java:16)
	at java.base/java.util.concurrent.CompletableFuture$AsyncRun.run(CompletableFuture.java:1825)
	at TRANSFORMER/neoforge@26.1.2.75/net.neoforged.neoforge.network.handling.QueuedPacket$CustomPayload.handle(QueuedPacket.java:17)
	at TRANSFORMER/minecraft@26.1.2/net.minecraft.network.PacketProcessor.processQueuedPackets(PacketProcessor.java:50)
	at TRANSFORMER/minecraft@26.1.2/net.minecraft.client.Minecraft.runTick(Minecraft.java:1291)
	at TRANSFORMER/minecraft@26.1.2/net.minecraft.client.Minecraft.run(Minecraft.java:937)
	at TRANSFORMER/minecraft@26.1.2/net.minecraft.client.main.Main.main(Main.java:246)
	at net.neoforged.fml.startup.Client.main(Client.java:19)
	at java.base/jdk.internal.reflect.DirectMethodHandleAccessor.invoke(DirectMethodHandleAccessor.java:104)
	at java.base/java.lang.reflect.Method.invoke(Method.java:565)
	at io.github.zekerzhayard.forgewrapper.installer.Main.main(Main.java:67)
	at java.base/jdk.internal.reflect.DirectMethodHandleAccessor.invoke(DirectMethodHandleAccessor.java:104)
	at java.base/java.lang.reflect.Method.invoke(Method.java:565)
	at org.jackhuang.hmcl.HMCLMultiMCBootstrap.launch(HMCLMultiMCBootstrap.java:80)
	at org.jackhuang.hmcl.HMCLMultiMCBootstrap.launchV1(HMCLMultiMCBootstrap.java:54)
	at org.jackhuang.hmcl.HMCLMultiMCBootstrap.main(HMCLMultiMCBootstrap.java:46)
[19:27:35] [Render thread/INFO]: [System] [CHAT] 感谢您使用Yuushya方块小镇模组！官方网站 | Yuushya关于二次售卖的郑重声明
[19:27:35] [Render thread/INFO]: [System] [CHAT] [x3dmap] 按 M 打开地图。
[19:27:35] [Render thread/INFO]: [System] [CHAT] [通用机械] 警告：通用机械仍在Alpha测试阶段，且不建议在整合包中广泛使用。可能存在破坏游戏的漏洞及各种其他问题，以及其他问题。你可以在这里了解更多。
[19:27:35] [Render thread/INFO]: [System] [CHAT] yhz_cake取得了进度[烘焙坊]
[19:27:35] [Render thread/INFO]: [System] [CHAT] yhz_cake取得了进度[欢迎来到铁砧工艺]
[19:27:35] [Render thread/INFO]: [System] [CHAT] yhz_cake取得了进度[小酌一刻]
[19:27:35] [Render thread/INFO]: Loaded 72 advancements
[19:27:35] [Render thread/INFO]: Resizing Dynamic Transforms UBO, capacity limit of 2 reached during a single frame. New capacity will be 4.
[19:27:35] [Render thread/INFO]: Overriding vanilla MC settings to better fit Distant Horizons... This behavior can be disabled in the Distant Horizons config.
[19:27:35] [Render thread/INFO]: Disabling vanilla clouds... This is done to prevent vanilla clouds from rendering on top of Distant Horizons LODs.
[19:27:35] [Render thread/INFO]: Disabling vanilla chunk fade in... This is done to prevent vanilla chunks from flashing on the Distant Horizons boarder when moving (which is distracting).
[19:27:35] [Render thread/INFO]: Disabling improved transparency... This is done to fix vanilla chunks (specifically water blocks) not fading into Distant Horizons LODs when DH's 'Vanilla Fade' option is enabled.
[19:27:35] [Render thread/WARN]: Iris/YUV: 当前非投影预览 immediate 绘制阶段为 'after_level'，坐标模式为 'camera_relative'，pose='identity'，route=preview-yuv-immediate-after-level
[19:27:35] [Render thread/INFO]: NeoInstancedRenderManager init
[19:27:36] [Render thread/INFO]: Resizing Dynamic Transforms UBO, capacity limit of 4 reached during a single frame. New capacity will be 8.
[19:27:36] [Render thread/INFO]: Received config from the server: {}
[19:27:36] [DH-Network Client Handler Thread[0]/INFO]: Server time offset: [325] ms
[19:27:36] [DH-Network Client Handler Thread[0]/INFO]: Server level key received: [u2070baqavtc4@minecraft:overworld].
[19:27:36] [DH-Request Module Ticker [u2070baqavtc4@minecraft:overworld] Thread[0]/INFO]: Set world gen queue for level [u2070baqavtc4@minecraft:overworld].
[19:27:36] [Render thread/INFO]: Unloading non-keyed level: [u2070baqavtc4@minecraft:overworld].
[19:27:36] [Render thread/INFO]: Unloading client level [ClientLevelWrapper]-[u2070baqavtc4@minecraft:overworld].
[19:27:36] [Render thread/INFO]: Unloading level DhClientLevel{u2070baqavtc4@minecraft:overworld}
[19:27:36] [Render thread/INFO]: Closed [DhClientLevel] for [Wrapped{ClientLevel@u2070baqavtc4@minecraft:overworld}]
[19:27:36] [Render thread/INFO]: Loading level with key: [u2070baqavtc4@minecraft:overworld].
[19:27:36] [Render thread/INFO]: Loading client level [Wrapped{ClientLevel@u2070baqavtc4@minecraft:overworld}]-[u2070baqavtc4@minecraft:overworld].
[19:27:36] [Render thread/INFO]: Loading level [u2070baqavtc4@minecraft:overworld] with key: [u2070baqavtc4@minecraft:overworld].
[19:27:36] [DH-Full Data Migration Thread[0]/INFO]: No migration necessary.
[19:27:36] [Render thread/INFO]: Started DHLevel for Wrapped{ClientLevel@u2070baqavtc4@minecraft:overworld} with saves at [ClientOnlySaveStructure@(D:\new\.minecraft\versions\TeaCon-v6.1.4\Distant_Horizons_server_data\TeaCon+2026+%E6%B5%8B%E8%AF%95%E6%9C%8D%E5%8A%A1%E5%99%A8\u2070baqavtc4@minecraft@@overworld;D:\new\.minecraft\versions\TeaCon-v6.1.4\Distant_Horizons_server_data\TeaCon+2026+%E6%B5%8B%E8%AF%95%E6%9C%8D%E5%8A%A1%E5%99%A8\u2070baqavtc4@minecraft@@overworld)]
[19:27:36] [Render thread/INFO]: Loaded [0] waiting chunk wrappers.
[19:27:36] [Render thread/INFO]: Resizing screen_size, capacity limit of 2 reached during a single frame. New capacity will be 4.
[19:27:36] [Render thread/INFO]: Resizing Dynamic Transforms UBO, capacity limit of 8 reached during a single frame. New capacity will be 16.
[19:27:36] [DH-Request Module Ticker [u2070baqavtc4@minecraft:overworld] Thread[0]/INFO]: Set world gen queue for level [u2070baqavtc4@minecraft:overworld].
[19:27:36] [Render thread/INFO]: Created virtual terrain textures for material (-1,0)
[19:27:36] [Render thread/INFO]: Created virtual terrain textures for material (-1,-1)
[19:27:36] [Render thread/INFO]: Created virtual terrain textures for material (0,-1)
[19:27:36] [Render thread/INFO]: Created virtual terrain textures for material (0,0)
[19:27:36] [Render thread/INFO]: Resizing Chunk Sections UBO, capacity limit of 2 reached during a single frame. New capacity will be 4.
[19:27:36] [Render thread/INFO]: Resizing Chunk Sections UBO, capacity limit of 4 reached during a single frame. New capacity will be 8.
[19:27:37] [DH-Network Compression Thread[1]/INFO]: Rate limited by server, re-queueing task [6*-3,-3], message: [Full data request rate limit: 20].
[19:27:37] [Channel-Client-Subspace-2-1/ERROR]: Failed to connect to subspace server. Try again in 10s...
[19:27:37] [Render thread/INFO]: Resizing Chunk Sections UBO, capacity limit of 8 reached during a single frame. New capacity will be 16.
[19:27:42] [Render thread/INFO]: Saving map at minecraft:overworld, chunk from (-32,0) to (0,32)
[19:27:42] [pool-20-thread-4/INFO]: Saving map at minecraft:overworld, chunk from (-32,-32) to (0,0)
[19:27:42] [pool-20-thread-2/INFO]: Saving map at minecraft:overworld, chunk from (0,-32) to (32,0)
[19:27:42] [pool-20-thread-3/INFO]: Saving map at minecraft:overworld, chunk from (0,0) to (32,32)
[19:27:49] [Channel-Client-Subspace-3-1/ERROR]: Failed to connect to subspace server. Try again in 10s...
[19:28:01] [Channel-Client-Subspace-4-1/ERROR]: Failed to connect to subspace server. Try again in 10s...
[19:28:14] [Channel-Client-Subspace-5-1/ERROR]: Failed to connect to subspace server. Try again in 10s...
[19:28:26] [Channel-Client-Subspace-6-1/ERROR]: Failed to connect to subspace server. Try again in 10s...
[19:28:38] [Channel-Client-Subspace-7-1/ERROR]: Failed to connect to subspace server. Try again in 10s...
[19:28:50] [Channel-Client-Subspace-8-1/ERROR]: Failed to connect to subspace server. Try again in 10s...
[19:29:02] [Channel-Client-Subspace-9-1/ERROR]: Failed to connect to subspace server. Try again in 10s...
[19:29:14] [Channel-Client-Subspace-10-1/ERROR]: Failed to connect to subspace server. Try again in 10s...
[19:29:27] [Channel-Client-Subspace-11-1/ERROR]: Failed to connect to subspace server. Try again in 10s...
[19:29:39] [Channel-Client-Subspace-12-1/ERROR]: Failed to connect to subspace server. Try again in 10s...
[19:29:42] [Render thread/INFO]: Saving map at minecraft:overworld, chunk from (-32,0) to (0,32)
[19:29:51] [Channel-Client-Subspace-13-1/ERROR]: Failed to connect to subspace server. Try again in 10s...
[19:30:03] [Channel-Client-Subspace-14-1/ERROR]: Failed to connect to subspace server. Try again in 10s...
[19:30:15] [Channel-Client-Subspace-15-1/ERROR]: Failed to connect to subspace server. Try again in 10s...
[19:30:27] [Channel-Client-Subspace-16-1/ERROR]: Failed to connect to subspace server. Try again in 10s...
[19:30:40] [Channel-Client-Subspace-17-1/ERROR]: Failed to connect to subspace server. Try again in 10s...
[19:30:49] [Render thread/INFO]: [System] [CHAT] Crystal1921加入了游戏
[19:30:49] [Render thread/INFO]: [System] [CHAT] Crystal1921取得了进度[烘焙坊]
[19:30:49] [Render thread/INFO]: [System] [CHAT] Crystal1921取得了进度[欢迎来到铁砧工艺]
[19:30:49] [Render thread/INFO]: [System] [CHAT] Crystal1921取得了进度[小酌一刻]
[19:30:49] [Render thread/INFO]: [System] [CHAT] yhz_cake取得了进度[贴贴]
[19:30:49] [Render thread/INFO]: [System] [CHAT] Crystal1921取得了进度[贴贴]
[19:30:49] [Render thread/INFO]: Loaded 77 advancements
[19:30:52] [Channel-Client-Subspace-18-1/ERROR]: Failed to connect to subspace server. Try again in 10s...
[19:31:00] [DH-Network Compression Thread[7]/INFO]: Rate limited by server, re-queueing task [6*29,0], message: [Full data request rate limit: 20].
[19:31:00] [DH-Network Compression Thread[4]/INFO]: Rate limited by server, re-queueing task [6*3,29], message: [Full data request rate limit: 20].
[19:31:04] [Channel-Client-Subspace-19-1/ERROR]: Failed to connect to subspace server. Try again in 10s...
[19:31:10] [Render thread/WARN]: Failed to retrieve username for UUID aa9ca439-6553-4f79-8cae-18d93bdb18ef, you might want to add it to the JSON cache
[19:31:16] [Channel-Client-Subspace-20-1/ERROR]: Failed to connect to subspace server. Try again in 10s...
[19:31:28] [Channel-Client-Subspace-21-1/ERROR]: Failed to connect to subspace server. Try again in 10s...
[19:31:40] [Channel-Client-Subspace-22-1/ERROR]: Failed to connect to subspace server. Try again in 10s...
[19:31:42] [pool-20-thread-4/INFO]: Saving map at minecraft:overworld, chunk from (0,0) to (32,32)
[19:31:42] [pool-20-thread-6/INFO]: Saving map at minecraft:overworld, chunk from (-32,-32) to (0,0)
[19:31:42] [Render thread/INFO]: Saving map at minecraft:overworld, chunk from (-32,0) to (0,32)
[19:31:42] [pool-20-thread-3/INFO]: Saving map at minecraft:overworld, chunk from (0,-32) to (32,0)
[19:31:47] [Render thread/WARN]: Update tile packet received for position: BlockPos{x=-6, y=-60, z=-8} in world: minecraft:overworld, but no valid tile was found.
[19:31:47] [Render thread/WARN]: Update tile packet received for position: BlockPos{x=-6, y=-60, z=-8} in world: minecraft:overworld, but no valid tile was found.
[19:31:52] [Render thread/WARN]: Update tile packet received for position: BlockPos{x=-8, y=-59, z=-8} in world: minecraft:overworld, but no valid tile was found.
[19:31:52] [Render thread/WARN]: Update tile packet received for position: BlockPos{x=-8, y=-59, z=-8} in world: minecraft:overworld, but no valid tile was found.
[19:31:52] [Render thread/WARN]: Update tile packet received for position: BlockPos{x=-8, y=-59, z=-8} in world: minecraft:overworld, but no valid tile was found.
[19:31:53] [Channel-Client-Subspace-23-1/ERROR]: Failed to connect to subspace server. Try again in 10s...
[19:32:04] [Render thread/INFO]: Loaded 79 advancements
[19:32:05] [Channel-Client-Subspace-24-1/ERROR]: Failed to connect to subspace server. Try again in 10s...
[19:32:17] [Channel-Client-Subspace-25-1/ERROR]: Failed to connect to subspace server. Try again in 10s...
[19:32:29] [Channel-Client-Subspace-26-1/ERROR]: Failed to connect to subspace server. Try again in 10s...
[19:32:40] [Render thread/INFO]: [System] [CHAT] yhz_cake取得了进度[万物可调]
[19:32:40] [Render thread/INFO]: Loaded 81 advancements
[19:32:41] [Channel-Client-Subspace-27-1/ERROR]: Failed to connect to subspace server. Try again in 10s...
[19:32:42] [Render thread/INFO]: Saving map at minecraft:overworld, chunk from (-32,-32) to (0,0)
[19:32:42] [pool-20-thread-8/INFO]: Saving map at minecraft:overworld, chunk from (0,0) to (32,32)
[19:32:47] [Render thread/INFO]: [System] [CHAT] yhz_cake取得了进度[近距离贴贴]
[19:32:47] [Render thread/INFO]: [System] [CHAT] Crystal1921取得了进度[近距离贴贴]
[19:32:47] [Render thread/INFO]: Loaded 81 advancements
[19:32:53] [Channel-Client-Subspace-28-1/ERROR]: Failed to connect to subspace server. Try again in 10s...
[19:33:06] [Channel-Client-Subspace-29-1/ERROR]: Failed to connect to subspace server. Try again in 10s...
[19:33:18] [Channel-Client-Subspace-30-1/ERROR]: Failed to connect to subspace server. Try again in 10s...
[19:33:30] [Channel-Client-Subspace-31-1/ERROR]: Failed to connect to subspace server. Try again in 10s...
[19:33:40] [Render thread/INFO]: [CHAT] <yhz_cake> mek那个调输入输出的叫啥来着
[19:33:42] [Channel-Client-Subspace-32-1/ERROR]: Failed to connect to subspace server. Try again in 10s...
[19:33:42] [Render thread/INFO]: Saving map at minecraft:overworld, chunk from (-32,-32) to (0,0)
[19:33:54] [Channel-Client-Subspace-33-1/ERROR]: Failed to connect to subspace server. Try again in 10s...
[19:33:56] [Render thread/INFO]: [CHAT] <Crystal1921> 我现在是赛博屏幕
[19:34:06] [Channel-Client-Subspace-34-1/ERROR]: Failed to connect to subspace server. Try again in 10s...
[19:34:18] [Channel-Client-Subspace-35-1/ERROR]: Failed to connect to subspace server. Try again in 10s...
[19:34:28] [Render thread/INFO]: [CHAT] <yhz_cake> huh
[19:34:31] [Channel-Client-Subspace-36-1/ERROR]: Failed to connect to subspace server. Try again in 10s...
[19:34:42] [Render thread/INFO]: Saving map at minecraft:overworld, chunk from (-32,0) to (0,32)
[19:34:42] [pool-20-thread-8/INFO]: Saving map at minecraft:overworld, chunk from (0,-32) to (32,0)
[19:34:42] [pool-20-thread-1/INFO]: Saving map at minecraft:overworld, chunk from (0,0) to (32,32)
[19:34:43] [Channel-Client-Subspace-37-1/ERROR]: Failed to connect to subspace server. Try again in 10s...
[19:34:48] [Render thread/INFO]: Resizing Dynamic Transforms UBO, capacity limit of 16 reached during a single frame. New capacity will be 32.
[19:34:55] [Channel-Client-Subspace-38-1/ERROR]: Failed to connect to subspace server. Try again in 10s...
[19:34:58] [Render thread/INFO]: [System] [CHAT] Crystal1921退出了游戏
[19:35:07] [Channel-Client-Subspace-39-1/ERROR]: Failed to connect to subspace server. Try again in 10s...
[19:35:19] [Channel-Client-Subspace-40-1/ERROR]: Failed to connect to subspace server. Try again in 10s...
[19:35:32] [Channel-Client-Subspace-41-1/ERROR]: Failed to connect to subspace server. Try again in 10s...
[19:35:42] [Render thread/INFO]: Saving map at minecraft:overworld, chunk from (-32,-32) to (0,0)
[19:35:44] [Channel-Client-Subspace-42-1/ERROR]: Failed to connect to subspace server. Try again in 10s...
[19:35:56] [Channel-Client-Subspace-43-1/ERROR]: Failed to connect to subspace server. Try again in 10s...
[19:36:08] [Channel-Client-Subspace-44-1/ERROR]: Failed to connect to subspace server. Try again in 10s...
[19:36:20] [Channel-Client-Subspace-45-1/ERROR]: Failed to connect to subspace server. Try again in 10s...
[19:36:32] [Channel-Client-Subspace-46-1/ERROR]: Failed to connect to subspace server. Try again in 10s...
[19:36:45] [Channel-Client-Subspace-47-1/ERROR]: Failed to connect to subspace server. Try again in 10s...
[19:36:57] [Channel-Client-Subspace-48-1/ERROR]: Failed to connect to subspace server. Try again in 10s...
[19:37:00] [Render thread/INFO]: [System] [CHAT] yhz_cake取得了进度[快一些，再快一些！]
[19:37:00] [Render thread/INFO]: Loaded 86 advancements
[19:37:09] [Channel-Client-Subspace-49-1/ERROR]: Failed to connect to subspace server. Try again in 10s...
[19:37:12] [Render thread/INFO]: [System] [CHAT] Crystal1921加入了游戏
[19:37:21] [Channel-Client-Subspace-50-1/ERROR]: Failed to connect to subspace server. Try again in 10s...
[19:37:26] [Render thread/INFO]: [CHAT] <Crystal1921> 又好了
[19:37:33] [Channel-Client-Subspace-51-1/ERROR]: Failed to connect to subspace server. Try again in 10s...
[19:37:45] [Channel-Client-Subspace-52-1/ERROR]: Failed to connect to subspace server. Try again in 10s...
[19:37:46] [Render thread/INFO]: [System] [CHAT] -8, -60, -8拥有以下方块数据：{components: {}, x: -8, y: -60, z: -8, up: {processing_time: 7, Items: [], type: "magic_io:small_dew_zhen"}, id: "magic_io:zhen_bus", down: {processing_time: 0, Items: [], type: "magic_io:small_sift_zhen"}}
[19:37:58] [Channel-Client-Subspace-53-1/ERROR]: Failed to connect to subspace server. Try again in 10s...
[19:37:59] [Render thread/INFO]: [System] [CHAT] -8, -60, -8拥有以下方块数据：{components: {}, x: -8, y: -60, z: -8, id: "magic_io:zhen_bus", down: {processing_time: 0, Items: [], type: "magic_io:small_sift_zhen"}}
[19:38:10] [Render thread/INFO]: [System] [CHAT] -8, -60, -8拥有以下方块数据：{components: {}, x: -8, y: -60, z: -8, up: {processing_time: 3, Items: [], type: "magic_io:small_dew_zhen"}, id: "magic_io:zhen_bus", down: {processing_time: 0, Items: [], type: "magic_io:small_sift_zhen"}}
[19:38:10] [Channel-Client-Subspace-54-1/ERROR]: Failed to connect to subspace server. Try again in 10s...
[19:38:10] [Render thread/INFO]: [System] [CHAT] -8, -60, -8拥有以下方块数据：{components: {}, x: -8, y: -60, z: -8, up: {processing_time: 1, Items: [], type: "magic_io:small_dew_zhen"}, id: "magic_io:zhen_bus", down: {processing_time: 0, Items: [], type: "magic_io:small_sift_zhen"}}
[19:38:11] [Render thread/INFO]: [System] [CHAT] -8, -60, -8拥有以下方块数据：{components: {}, x: -8, y: -60, z: -8, up: {processing_time: 1, Items: [], type: "magic_io:small_dew_zhen"}, id: "magic_io:zhen_bus", down: {processing_time: 0, Items: [], type: "magic_io:small_sift_zhen"}}
[19:38:11] [Render thread/INFO]: [System] [CHAT] -8, -60, -8拥有以下方块数据：{components: {}, x: -8, y: -60, z: -8, up: {processing_time: 1, Items: [], type: "magic_io:small_dew_zhen"}, id: "magic_io:zhen_bus", down: {processing_time: 0, Items: [], type: "magic_io:small_sift_zhen"}}
[19:38:12] [Render thread/INFO]: [System] [CHAT] -8, -60, -8拥有以下方块数据：{components: {}, x: -8, y: -60, z: -8, up: {processing_time: 9, Items: [], type: "magic_io:small_dew_zhen"}, id: "magic_io:zhen_bus", down: {processing_time: 0, Items: [], type: "magic_io:small_sift_zhen"}}
[19:38:12] [Render thread/INFO]: [System] [CHAT] 未知或不完整的命令。错误见下
[19:38:12] [Render thread/INFO]: [System] [CHAT] <--[此处]
[19:38:14] [Render thread/WARN]: Update tile packet received for position: BlockPos{x=-6, y=-60, z=-8} in world: minecraft:overworld, but no valid tile was found.
[19:38:14] [Render thread/WARN]: Update tile packet received for position: BlockPos{x=-6, y=-60, z=-8} in world: minecraft:overworld, but no valid tile was found.
[19:38:22] [Channel-Client-Subspace-55-1/ERROR]: Failed to connect to subspace server. Try again in 10s...
[19:38:27] [Render thread/INFO]: [System] [CHAT] 未知或不完整的命令。错误见下
[19:38:27] [Render thread/INFO]: [System] [CHAT] <--[此处]
[19:38:28] [Render thread/INFO]: [System] [CHAT] 未知或不完整的命令。错误见下
[19:38:28] [Render thread/INFO]: [System] [CHAT] <--[此处]
[19:38:29] [Render thread/INFO]: [System] [CHAT] -8, -60, -8拥有以下方块数据：{components: {}, x: -8, y: -60, z: -8, up: {processing_time: 7, Items: [], type: "magic_io:small_dew_zhen"}, id: "magic_io:zhen_bus", down: {processing_time: 0, Items: [], type: "magic_io:small_sift_zhen"}}
[19:38:30] [Render thread/INFO]: [System] [CHAT] -8, -60, -8拥有以下方块数据：{components: {}, x: -8, y: -60, z: -8, up: {processing_time: 1, Items: [], type: "magic_io:small_dew_zhen"}, id: "magic_io:zhen_bus", down: {processing_time: 0, Items: [], type: "magic_io:small_sift_zhen"}}
[19:38:30] [Render thread/INFO]: [System] [CHAT] -8, -60, -8拥有以下方块数据：{components: {}, x: -8, y: -60, z: -8, up: {processing_time: 0, Fluids: [{fluid: {amount: 20, id: "minecraft:water"}, tank: 0}], Items: [], type: "magic_io:small_dew_zhen"}, id: "magic_io:zhen_bus", down: {processing_time: 0, Items: [], type: "magic_io:small_sift_zhen"}}
[19:38:31] [Render thread/INFO]: [System] [CHAT] -8, -60, -8拥有以下方块数据：{components: {}, x: -8, y: -60, z: -8, up: {processing_time: 8, Items: [], type: "magic_io:small_dew_zhen"}, id: "magic_io:zhen_bus", down: {processing_time: 0, Items: [], type: "magic_io:small_sift_zhen"}}
[19:38:34] [Channel-Client-Subspace-56-1/ERROR]: Failed to connect to subspace server. Try again in 10s...
[19:38:41] [Render thread/INFO]: [CHAT] <yhz_cake> 啧
[19:38:42] [Render thread/INFO]: Saving map at minecraft:overworld, chunk from (-32,-32) to (0,0)
[19:38:42] [pool-20-thread-5/INFO]: Saving map at minecraft:overworld, chunk from (0,0) to (32,32)
[19:38:46] [Channel-Client-Subspace-57-1/ERROR]: Failed to connect to subspace server. Try again in 10s...
[19:38:48] [Render thread/INFO]: [CHAT] <yhz_cake> 水又失踪了
[19:38:58] [Channel-Client-Subspace-58-1/ERROR]: Failed to connect to subspace server. Try again in 10s...
[19:39:11] [Channel-Client-Subspace-59-1/ERROR]: Failed to connect to subspace server. Try again in 10s...
[19:39:23] [Channel-Client-Subspace-60-1/ERROR]: Failed to connect to subspace server. Try again in 10s...
[19:39:35] [Channel-Client-Subspace-61-1/ERROR]: Failed to connect to subspace server. Try again in 10s...
[19:39:42] [Render thread/INFO]: Saving map at minecraft:overworld, chunk from (-32,0) to (0,32)
[19:39:45] [Render thread/INFO]: [CHAT] <yhz_cake> 水又失踪了
[19:39:45] [Render thread/INFO]: [CHAT] <yhz_cake> 水又失踪了
[19:39:47] [Render thread/INFO]: [System] [CHAT] -8, -60, -8拥有以下方块数据：{components: {}, x: -8, y: -60, z: -8, up: {processing_time: 1, Fluids: [{fluid: {amount: 180, id: "minecraft:water"}, tank: 0}], Items: [], type: "magic_io:small_dew_zhen"}, id: "magic_io:zhen_bus", down: {processing_time: 0, Items: [], type: "magic_io:small_sift_zhen"}}
[19:39:47] [Channel-Client-Subspace-62-1/ERROR]: Failed to connect to subspace server. Try again in 10s...
[19:39:48] [Render thread/INFO]: [System] [CHAT] -8, -60, -8拥有以下方块数据：{components: {}, x: -8, y: -60, z: -8, up: {processing_time: 0, Fluids: [{fluid: {amount: 240, id: "minecraft:water"}, tank: 0}], Items: [], type: "magic_io:small_dew_zhen"}, id: "magic_io:zhen_bus", down: {processing_time: 0, Items: [], type: "magic_io:small_sift_zhen"}}
[19:39:49] [Render thread/INFO]: [System] [CHAT] -8, -60, -8拥有以下方块数据：{components: {}, x: -8, y: -60, z: -8, up: {processing_time: 4, Fluids: [{fluid: {amount: 260, id: "minecraft:water"}, tank: 0}], Items: [], type: "magic_io:small_dew_zhen"}, id: "magic_io:zhen_bus", down: {processing_time: 0, Items: [], type: "magic_io:small_sift_zhen"}}
[19:39:59] [Channel-Client-Subspace-63-1/ERROR]: Failed to connect to subspace server. Try again in 10s...
[19:40:12] [Channel-Client-Subspace-64-1/ERROR]: Failed to connect to subspace server. Try again in 10s...
[19:40:24] [Channel-Client-Subspace-65-1/ERROR]: Failed to connect to subspace server. Try again in 10s...
[19:40:35] [Render thread/INFO]: [System] [CHAT] Crystal1921退出了游戏
[19:40:36] [Channel-Client-Subspace-66-1/ERROR]: Failed to connect to subspace server. Try again in 10s...
[19:40:42] [Render thread/INFO]: Saving map at minecraft:overworld, chunk from (-32,-32) to (0,0)
[19:40:48] [Channel-Client-Subspace-67-1/ERROR]: Failed to connect to subspace server. Try again in 10s...
[19:41:00] [Channel-Client-Subspace-68-1/ERROR]: Failed to connect to subspace server. Try again in 10s...
[19:41:13] [Channel-Client-Subspace-69-1/ERROR]: Failed to connect to subspace server. Try again in 10s...
[19:41:25] [Channel-Client-Subspace-70-1/ERROR]: Failed to connect to subspace server. Try again in 10s...
[19:41:37] [Channel-Client-Subspace-71-1/ERROR]: Failed to connect to subspace server. Try again in 10s...
[19:41:49] [Channel-Client-Subspace-72-1/ERROR]: Failed to connect to subspace server. Try again in 10s...
[19:42:01] [Channel-Client-Subspace-73-1/ERROR]: Failed to connect to subspace server. Try again in 10s...
[19:42:13] [Channel-Client-Subspace-74-1/ERROR]: Failed to connect to subspace server. Try again in 10s...
[19:42:25] [Render thread/INFO]: Client on ClientOnly mode disconnecting.
[19:42:25] [level shutdown/INFO]: Closed [DhClientLevel] for [Wrapped{ClientLevel@u2070baqavtc4@minecraft:overworld}]
[19:42:25] [Render thread/INFO]: Closed DhWorld of type [CLIENT_ONLY].
[19:42:25] [Render thread/INFO]: Closed DhWorld of type [CLIENT_ONLY].
[19:42:25] [Render thread/INFO]: Shutting down PriorityTaskPicker thread pool...
[19:42:25] [Render thread/INFO]: Closing all [2] database connections...
[19:42:25] [Render thread/INFO]: Closing database connection: [jdbc:dh_sqlite:D:\new\.minecraft\versions\TeaCon-v6.1.4\Distant_Horizons_server_data\TeaCon+2026+%E6%B5%8B%E8%AF%95%E6%9C%8D%E5%8A%A1%E5%99%A8\u2070baqavtc4@minecraft@@overworld\DistantHorizons.sqlite]
[19:42:26] [Channel-Client-Subspace-75-1/ERROR]: Failed to connect to subspace server. Try again in 10s...
[19:42:26] [Render thread/INFO]: Stopping JEI
[19:42:26] [Render thread/INFO]: Sending Runtime Unavailable...
[19:42:26] [Render thread/INFO]: Stopping JEI GUI
[19:42:26] [Render thread/INFO]: Sending Runtime Unavailable took 2.093 milliseconds
[19:42:26] [Render thread/INFO]: level unload
[19:42:26] [Render thread/INFO]: Unloading client level [ServerKeyedClientLevelWrapper]-[u2070baqavtc4@minecraft:overworld].
[19:42:27] [Render thread/INFO]: This line is printed by an example mixin!
[19:42:27] [Render thread/INFO]: Stopping!
[19:42:28] [Render thread/INFO]: [AAAParticles] Shutting down global Effekseer managers
[19:42:28] [Render thread/INFO]: [AAAParticles] Shutting down Effekseer effects
[19:42:28] [Render thread/INFO]: [AAAParticles] Shutting down Effekseer backend
[19:42:28] [Render thread/INFO]: [AAAParticles] Shutdown complete
